12778014edfe44833f80036192245488aa7a7c15	a17eca0c1bef0fe21c53020185de03df1a31deea
ebf7cba0b0eafc37515431fabea06065d4b6a783	07ec35bd217cb908929e6fe34fc3c25df1036dfc
7c23bd4c006db0625a2b9f3a5bbd0020f2cbbd6f	6dc1f735bb3a33b64b0421b37a49684f5cd7b528
2f5ef34135f310a7b41c4f79d0ee9ace832cc814	ad5dd089b8344c2f323f0b75b61975fa65338abc
9528e2dcdf69c516bceb4ae4c906b6f8edae49d7	ab4cfd3fc55b9234e4bbe90187d2c07e25c0ed08
b716f71dcfa96f916c2dcb3273b0863e34cf293a	371cccff227a6a15ed5ca8d4e2384b2fda4fe567
3c37550a64db727cc10376a9eb72365828b275a6	8242996180f8ca4aa95bbaccbe7f40e0085ba16d
7b542c4a1834eae1cd6e2e8b24809bc4f16889ff	8a47a0261ab5f6a82602d4f211a2d16d3c6f2e66
9a9abb6510e8cbd08e12fe967f48d64d88cd09cf	5377b91fe5ec8447c976c5d943e49c43f3436c3e
9e07b8e768cd68408deaecf160261235cb14f5a5	b98941ac00a70ab3036be2841d9323fd0caa0568
dd507bb9bfc61171f38347dedb5adc909fba0876	f14e5e204527601c03754119c4b7041fab6a422e
d66bc609de2c8b8045f59ea505221a26af5ec2c8	aef9da1c18d3aab025e9e78cafa1f2387c09c510
07eb332e04957efa321e4c192338f67266274f6e	7bc0644d9ce6d1e827be1fac404a78455520f875
b98f3917fdca38880e7bd02863c011fe0c14803f	eb6a1a9669814ff67cf59a7e92254f34e9867bca
62c781abfd5db2fb78365139a68d0c1ebf7eed99	2c9d37d6d8bc58f3a8c81d832d585d2865455ce7
2a5daa55c5455155c22f5db81a2d81fe7b4d8e32	2a8116e3371fcecf624b36311d987bd27479f10d
140aa63aba8d5f2dd7762cd3bc942d6eaca5c1da	9b2de85af08c36c51bb3aa8ab29afcaf8d905377
6979718fd9ad1229602120622528a11d12d3afe8	c7fafc567ad8f2d4173e2dcc369e26dbc7eb5740
33a49c72ce6967bf7fb1255eea2e6cf6a5176abf	a64285a0b70afe579edcc7df0eac006a6141d044
21aeeb83b2c8e96f858892e4111fa3c432b2f90f	fb04f1bd9724f9b1bbde377a055c881c6a5e37b5
945db5ca24c9f215fe049c73b702f78fbdaf6c28	bf71be51a42f7f5d5d9555eb9c0a7f2614869936
b7a75b6a3be942ccf0564a8818c3f6caf4def7e3	6e8c8cfc30fa6df92a905a382338e3883263d988
50ab53d7002962dd0f9c2bd165f97173a1fc7c9f	acfad1205153cdd9eb9b17f78a954fd84f6bdc76
8e4444b51c1b09a4c30d04a1cb9dc2f0330fdac9	205299c4fc76c28df09a777ae0c8b6900740163b
9d34613e75c3ebf23573374dcee8051628b2b502	57c4b111d4ec1328f0c8595f35bdf66aecbe721d
89aee93b81ca2f0ffa108594c4e245ec3034e316	eaf55c842a71230f0a9fb766e1cebb1f91848067
3f895e5d8e5a7188144ce2025327526583d3c42c	6cd1aa39c61e3493e5be1bc6805d7ef24e274bff
25a6d75baeeeae24713ed6f61087a892406ca8df	fa68730c6e01e24f89a79b6ee4ea837f07510c8a
dc3dfb309c07f317e001d16156577b8da1aa38d7	258441c7e3fab29baf0ca8e52f47e7596c59fa11
c3753a6ae66fea70f3e9d5a5ca59cee9dd057bd2	6c58fefbd9bdb7fec54bbfb33f43e9f4a51ad2ea
e07536bf298c047bc5c9c500bad761c1f94738c2	1331f8a91a5ddbf75eb6db8686a781cd32de6171
0f04339c89b23a835e0e6b09f9a5a0cec0f1ad25	8b559ec080d48fc2ad4e6fd90d2475291d73c870
bc94554638a26b631766bc3f467677ded099608e	dc22532481ac4b73e3807f88df4c81f1c1669d70
9a8c670794cb71aa86c8dcc272d9995fd452abb8	7c0a98c8fc807d92c6f4a72cca2ac1a890ff8507
542bbad725cabf28735a3116e080f1ae1b7a19fc	76d2961e0191b6d73950289e6d5a9a43dd820c99
a0deecf4ac397619056faa48bce3010a4b3c9c3a	ccac849ca971f141f6f34bd5b1606abae90e93fc
37bed371f2161fecc309111429a6f52c17c2b903	d4a4ab42eaf87539a3ef878e2fa2a9ef1bd89cc9
e4e2a640c1322d9fc6f94a35fec483e0d392f35a	5ddb3d6526c619d064a477c79bf49b6b12fa64a5
a424f5d2492611fd8d499a9e49379bc4fdc08816	8e2056119942ae6ae474fe7effba4353cf07a17c
535b0c6589e241baf43b2fd69fc8a556d061f706	b6d449aa780bb1d4e154054b86076841993c0e5a
1cf8042d363551ce63cf6f13aa17956a78d26e40	e48aa4c2ecaf04985f14dbac8c997064da032142
11b65eae72ed9d485c14a3d620eaa7c56375ea02	39f61e9eead931affc33d29d6b008caabcae6df0
05e88551aac0dd39c0cdf4e0f0268884b65b342b	96d13453dd70e7552951eb12aa326f68b51e61bb
a577524bcf7fd7f08911b7830e4ebb9c0e783fcf	818ffd86708e68ebfc93733694fd7a8911efbb4a
9c5d1d5893700992d3a087e8e7612361d9a8f847	25d7223fa25bfcb69884ae029b99e236c65ee88f
409e4409dcfb4e05a65c2058c91091d702e82578	897d527f17809885f9aa1bc9387b2a8c5df42cde
2d8049abbc47c8944ac6b4750bea5f37f745f473	7de77daf7a71baec487ace3c9fe3d09ab69ff143
17d19ca5cc4c45fb522f0ef4d5b2a3d26b93cf24	bfa9563ed0906b8d3d0d4cefa000067963432f15
29b2350da8bbd188af2f937bdfe254c0c2d2049e	ae07b76d2e9fbd13b1fe0efb6249bb05e95843df
08ef73723e34ca21e3975f7ee6e95f6a6dbcdb15	6d6049b2d84e6511c7c5fd701157e1ca4630a7e9
b3d194466a766afc56c0b5caae199153ca20a416	ad09252743dd720a77c93fc8a3247c40ab9a7491
af84d9d664080cd6302c48e5cabb8a9659a84d89	19bb217e1e10b4f99325c47981fa72d9527ea2d6
626f3f07b9e6923ea955390cfb1e8203173ef199	d94efc8dc301c345050f56dfdb4a764c3ee6ea7b
e9a0463c1c98ee5e91ab4231d242eee6c30ef3c7	ea8cc17878d0f9328d45403e320b1a275ada24fc
874d4cbc3226dda18de2fce2affce8ce8532d796	a5a35f6d91249c47b2b7a9f8fe8a1c5062bb46d6
f753d923503fb76b498f92191f7707a8f95c1fb8	56e7fb6511880ee10a60da2a24836988dee6330d
04fa2a00bc2a0565936e23d59492ca582b4ff8ce	a73dbbfa7f77f5779d923963f11ddda591b0feb3
e62c98750a05f97dbc0b7cad78c6687f6f33432a	b3964d438349d3fa8ec77104a31c846b7f6d9fc4
b14bf0dd410341693315626c7ea9160511c6a97b	a02bdfe1f0455b4aa35a25ccc9344d8363ef2946
dfc433b3c2f25d17b6de0ea48335ddeab9cd3601	6eb2b1686bd3ee91c53dc54aa076997c15a752de
82e937400b3ac8d3c7bc1a628e34742ee0da2e4e	ee9bbafa119e4371f7a5363aaee108769b21921a
aeca4767ce9bfb49146de6474c8387c1aa4394af	31a183a2182e5e8691cd26ced9de12de90014408
fd7adeb8518b0595759054387075b09fceef9eb5	502f221aa9c4abcd15c816f1b42da5ab0ee6404d
78aca688ba4abb8ecb65a5ebe152970ed856fadd	1322fea4340e81a67361ad4223436e6558793b3b
ac894d0482c80fa10c092da2d3666e006880a228	a59d502037a6a6e97dd76d2a7f2337e1ef812553
1bc0d833d5383ddb9bc2163584211b84cf0c1610	58f79d6d6d3e155779398f3f289777e4b6a1f68d
5d59834140be9f40bdf01a7f822b10c9249a3312	6f86b34873673cb7e0779ddee1ac02c2b6337d6c
6b5f04a8588d456d26f51f3a5a245e14bff17b2d	48df350e8e1c8ad6034d35864fc5df29afb5d7f2
0dd794cefe9bd943054343e7b9d180b42d96247d	5a037a773757f67a2abaea66e65fb2e01ecdb7fd
aaf4970477f3ebfbcd6d7dfcf8a0a295f09c3cf5	37c01827cfbf433c3ea3cfe452495be023eb4755
76a71143aacda1ceb175167766d6e84ff61357a4	85e28166c77846ed7e221973c78397a2776b07f5
3ecc2c9d69f1ca7df0d2a865b6a45756aa5e7260	68d298337fa8b4aa157dd194ad94e8eab1585c96
a0896bdf9fb06d9613a915b79350513518c70ff3	63b7e8e1ce26e0a7bf387638912adf4537d10cd5
75169962709c0cd87bd5a8a6f8da293ab9468a97	4330817acfcb627fcefa32ad2c60d939df5f3fae
422f89a166e739be00d2b13420539de958c2986f	1209324160c80ecd7e7af22d61d869b6cef082c8
c2982e66ffae3669bedc367fcb5a644dfedc7628	ee53600b28efcfcb4126fe91531d3751433e573f
cb36310a6eecafd8f5482dffa07c0e89cf6a834f	1b368063a73d7d35e5a2fb4db819601eef6908e0
e22b406cb7bd72d275cb7f427bd521c2d26b97c2	26edf6be39fee2686fddcabd23b23b6d20c0611f
751d55b935575d9ab9b6d2a351675725053445d5	7387a46d7d705d817a55411a54669be3ba85cf02
3fb0267005c4ddd065cba6dd3f8cada5019e6123	a76a96cf718dc0b5b949dfe6d204353a2ce50ecb
655a7ea5dd73a05c26dd02f53176188f735e80c2	f61a99a5b97b3d2196cc6a786b838b504bcdab14
80f7de907d73deba8d940aafb69aa0ccef6afa1d	c32831e64ca57e8670844844fcfc38423bb1579f
3a365c1b32ae51984c61c7e36684a6eaae583e17	aa1da9e4b1fcd5671d59c8dd45f8be0288f94a5e
a65459392a510673850541c4f964792839c65432	ba3367456da76465d879f40ae6da8f0a20bf4c34
f914eb30022bec886b49da27a8450aa2d8c3d858	b5aee7ded12601ebb14988e3d905963a860ebea6
51ea01986843a549d6dce63a6364eab854b5b348	531f35e18ba086e2aa0fc636f84ee64e3db52bc9
394c4c2397201473f869694f3baedea6136691b7	e3a14edef2a0df7da5b25f00996a912a45956613
87372532732952883ce6a039ff108dc9ac746d65	5ce5e55394f816ac0b1cde63e63a1e5b5d94526e
324a1132291f31eef7b1d146204afc03ed21dc71	a4a886b1458be712007603dad1cb103deef597a6
2a6c3a1c0d0aac7d1d7fbf11fb89a5b08ecffaa0	701a7339ade45500108617e1154af1bac1a5cddf
9667cda4e2c5c7b9fa4d9d6c0b5f4daadfb24d18	433eacba7f2cf6b6e8a2018ce101ed1da1cd4e9e
069c30eb8ac8a2e9759f14dfe453fccf0bed5573	7c8f7c42783c7b208822014a34912f477d23d0e7
1670bd42473ec53b60e94f980f281bafe431552d	7db06854bd1f460f687183443d4f2f1f39fbc45d
39b8eac96bdfd98c55c6b930861dd9040af4a541	2cdbc0575f47e76496daf134d86c5034ff52420d
85ec971b029b237bb6ddec445072dcfd4d105cd6	719bf77f3f8b0005dd2a51a47f0fe448653bdc39
832d8009cd44a9de049d82a8ba46fa9ba8afd7d0	5b6523f8e8e48d35f60d3152b9625755d4fd189c
4cd1a8b77db4979960511a8383b66a7e849f516c	4d801e581762011a074eb8a7612bc07fe4b94211
021c9fa42ae26ae27a8d0d1e904695467e850011	16fb6c5c6c75b2bce73f7f81a8adb41c9ccdad1a
8d2ae1f5dbdfd5e80cb49bcf37641eea81b3ab50	534b1fa208fd72ad3bf50f101631753dee901853
056539f71272b9b4b7ea8d3cd3fcc6503b8fbfa8	ab28c12919c5cffde87671da961e3e4ff5f7e976
da0803daaf134df413b284598366942a718e079b	e2bd77814179b177a5915ba305b24f96fb68ff6f
5e096739b85f3e59e3bf940fa0fe7105ab889623	56956253ec95fa2996e949368885e46c11515840
dd5da04ea31f400a5c0b2766650829a74467ed0d	6a3e4fcb05a6cdf0324bc2633744c1e2a414d1c4
e6a1fa8bb2a516e0af2c56b51b6c3b2f30f4c408	799bf5fc53d8ab462678ecbdbcba6235e2191190
e3494873dea3a51212502f83a356f9ac8b7610d8	0ca9a0503350c4f716ddcba1fa9cfd1763e5e331
07e99a90b906796cbdb624080ccc1e362f35dfa7	fc711aae0d88c6624372e07ce10024c518a39899
68cad18822f3a21263d01e5fdd8de6e16a0f5e35	7ee087a9f7964893162da47a67645a664f8650c8
cab678e7b020c828a70ede6a0955e6de56df0164	f1527581763a9cf1310bf3f44e94a84cef38cad4
9c4e2f869bf107561b60cf9eb82ec6cb90ed4cf8	6fe4a5629b01925880e4ed1a45c2d06baa152605
4cdce41bea7c30d8fa01d9fca9b3a313e16fb49f	02f9a520630f2f912e84ed126a099576d5efbafb
cfd096b291ea9abdbc51985f13509e414e66c592	83f03ca7b07b14cdf2101443c46e308dd2be331b
3e4e8813c22b98d7e0b1eaaebafe8c26917075a1	65e4d514c4c9a2798ab566d2c3d5ffd3aa3f8379
268468dec5987613d98bde8d23d5717998126002	c633d49dc68018a9b468a28bd63505aa65e197d2
11270f743b0c8e1aaf9cbc1d746521d2a9a78512	1ee040e66902ea0d0971ee36dde13510deffc01e
59eac253aed3ed47d493990bd76cd932ecf0fd9b	929a7d5a6b68282b22ac2cf1fee5d64218f233f8
8650e572650aabb80892f1cf3575614b64506669	0145c621ce7ecd4e069800853918cad0aba661d7
70d0ba608c576484b62d107d7c05a543a4c708b4	51d15ec6b40b79e7ea34a426d9c8ebdcb00beb5e
909d0d5b3773238d58165ae9c1e255f1a8451f94	b919f9c3c1ba29420596366253621c62a86a9aa8
0323a8a13bc3e4610e36fad82ea2a896a216315a	f0afee1ee91825f3bc35fdb7715b727042573563
d672a6b1b126744637796b185b3722d985812384	3332b7c6770709bfea439a2b0052a993230d30e1
ff0d76eb7f8f6745e5bfd92ac34e17c20dee0841	46173d069defe96363f9237fc55c63df0e9524e0
c33955c2a5d0d40ce420f50a6a674c5c3a933536	524f9a0be5bc622a90683ab32ddb5257da902e11
787909bcd9f8ec01ec1e31a689e4c2fb5d54e79b	ff41c5d70d7dda6611e8bf247ae587a98535e113
3b5fefc3c6a485905b761cce2c31354f28bd1fdb	c27d199da912cf21950db4abb0b1e4f24a3be0b2
ffa4dad472ecfa3d063141dad65301038008f6c9	20b11f85b72b79fc8e7b39dab7690abebf616390
a8ae2018e3071384a2aca8642923cec457794bb7	9d04086b3d8b93fc8394c8bbac2bd88cea1dcc6f
34e882053d94bce729923d150c64885674764449	cf6c3a18337e6fa4d951c8ca7d4fcaffaf32e8af
795a317eeec28b0d53b3fd2bc834f63ebb7e1bc1	e7e06e4adcc29231c92853e85e5f64324c2625ad
f4464a0e26d7db1d93f3aee9ce94bc0077b27de6	27462bc9c84ecc148cb1fecbdc1ac5e13f9e57de
fa914a93540b635fc48221df8b6198c5c03d065a	0a8bb073d57d6a4b7505c4d4883ec98787eef78d
9fea78630dffe3dfa74c7d777899ff217720a031	ca63f65242fb77b99b0bab87f71de4f355ce6634
ec8ce235fd84902bf6868e1be36a3cbce66f0a9e	d2bbed139e3873c1612fea510810143fa98aff3d
a183a1212bced344598620024815255d6b0fc98e	ab9be5237719ede8010511e2e486f615a5b9e503
d294c44cb41af7142d8f034dbf4a8e9a51a1f63e	a821a79ee46c9671177203a669bafb4f12534b1a
5123e9b4972b32e2c69d9c9cd3553f6be8477d21	2981773b85781144d666b39307f5ffe45b4f4f66
218e400b8941db8ad315a698569a7e730907a51d	75209659b57c072f8f654e033102e227c062faba
dee7fc58722991eb3d337c5188993bb5aaa2ca0f	a5b712a42d217a4d4c5f6478484da8d0f1241602
d71c6897f9219f9dc2bc6c659404c566a89c6c9b	4b8f96229bb3bad8a48088d77677eb00865e656e
6759bf00ba77ba01a1a61e2ecf165efa81d56ed0	c95ac9c1f871195c13851b1842460b1553fe1c54
d1cc8b9309f67e4166af567e4591ccb46b5b7ddf	c976b6487289cc539eeabc1033c904aaf92c3f1a
c786c105283f22bcb634107b54060b469665c523	2459f67d69068e58e90acb24473944da4e767898
c6c43df583309506fa820d0a8b3114f298eae23a	13d0c48c0e2fea547e6b62c88683af338a89b211
83d4940c8041b7af4da8ec6ed296b602f2e87ce7	b04b1f34cdb71ee29b26b8104007fecbf3c0d68e
cd33edc401d4c2b6357b76d94332c0e3b9e68e38	48e1f00c29be4ab570f4593a6164d25285cf9eda
d89427e1892823b9b099f5c44254055fc5d7fa60	4838160a21adfe79b8e5cb03351927607fd27d40
210c5c4d706c3afe30bfc449922bf65eccb30f81	59034b9bcc25699591cc7bd4d7bfa38cdde89bdf
60ec271d9237fd499c036c3d43d557cb00dba310	73eb49bc078b8fa61f053a102cfdde0dd268e9b3
10bb6f50d479d28aefc04dd3de03eb04a1c67fda	5dd0a78899e98baacb4d2f2593e15d8d1d3c52b7
bc66b1200a1207edbfc78954ae1579e4d2b466f6	f1a2f4be0428a7015751bebc79778fac561d1ca2
8a6aea5d017e36828ab30d3b284a34a009ef1830	6e2cfd775bf08563d517a108ced1f78ca2583237
b1da97b1f50207b898a78727dc418ddee0047101	cba8818b3f415772761d1f342dd71fcb8bd5739a
6738173981746604f9b11038735710c7fddf7a1f	3220f65e6b98adebff2f491f0eb0b8493106cbde
62dd27f6bad2778cdef9fee1aac103191c07ebbf	2e21761b437fdcb2bb7f9a3781d6dcb12120753a
fe9fb7fe21c0c93135436591b283a84fe1e8af02	85b5239b17083345048347d66942983152bf2339
a2c3dc80abe1237f7a446c5076e2ef1f25e90659	ae819ad0b117d3456c3433449ca12ee82be5e92e
509b2fb99955245fc39c24273f6616770f49c239	8397da665c40f4c1a187aebae6ffcc9f048c4f9a
fbc6b2b1258e49ba5c8003e8a2031e2b1388fb69	09fb39c624c4526bc05bb3bcccdabfa7ed5718f1
f6de7452802c8fb2d15a832a9ad57c9b248a5064	d4cb0d95db2da7bd3d88630af4b17888abd17e86
56fb2a6972950628db769237fb4286ec99266ff2	347b07e56d1166043b08b035cf6ff51387fe3dc1
98a51c57891758b59ce911accd1f3f2d699072c8	77258c03da90a42df8338d3739315050e798cf3c
b82b182fe05265aebedde57c7b13b8412e29ccae	bdf9a3a407f626a3a71fc97ca08878c6b8149274
bc0d462681ccffeae4267982e4e6cd3ee38c3c75	a5ef9bddf994b10c8fa5c69c899cdaaef84b8362
c6447daba7b120386b75935db75d5088727dd5b9	6176c9007226c9f3ce69f6c9a43602f6aa88f5e0
9ac1c6cf6312665347fdf59ded70bc3a5979d69d	27b5b2167e299ed13c945de5ececc1e0c9af71b8
18f673146279527d3007525ccef79b75ff808746	40aa9fb56c8ee2e97cb1f001d2e25fffc0d07067
7e014dabf59b001b6d80cd9e01a1646f91055a7c	ebdeba0f11edd0192d201e580bd9c6af4f566870
a2985836150aefa861e325d75108328aa2740fd0	29b27f8aa4e5ef8712cdf53b037521d8ff1fea88
1de4e90f9513c6cdf14862a5f61e58c0beafb54a	91a5425e6fe5ab531fb7c4830fb87fa31c8fc561
5c83e20e522312a2fea3c3a1b273f6703c6eb131	bd922f1771da4503340c0eb87324ffe25ee3b9c3
84be2ed056466456a9585a63fd20b070fb74ed99	d20fb04a1c03c0c45bb62ac8de4b49fb2d52bdd0
4aed650aae5f487c6680a747c4521376f932d0fb	90aa8e55cea7b719a5d03aa46980ca9686530faf
e2d66a5ad7f92952d0ef27b03c6b8337fa0f2687	b5d247219c279764de9b9e838651b73f2840f4c8
642ed4aaa12dbf29ba11212076c054484d75c2c6	652ef59ebf15e5e18a52a7c9959e1ba411d857b9
a88bb288b4f7252922f40239170815a1e95cd025	8a4e273db1920be46943215454e5881fea9829dc
dd1ba1dd9fd1e9a160f05283df5d9ff5a1f5529d	3f06968c32f642ea5b084482d560991b79471b6b
f14e305a9e576c3cb4d13f3e81560b618396ffb2	251fee5aeda3ea7f508d7bed3ac7b7a5877df9fa
5c0acba9386bf8824b9926aff76b7bcd3c594b39	758358ac41cce395523c0ff65daa4262f798ddca
344962c0f27a92eb89a56af5f2ae3426dcbb44b8	68d01ea1b7a86717c72825ade8044099b24d7405
86a99881d74e0b7f73473baef97ccde1a7724a04	782da1a3e486e8bdda80c01b340880c05b9a1bdb
8ead7fd753d3e6479fcfffb57443d5341f7e78b2	addd92465cc6fd85529f8112405fb65a21ecfa3a
660ba6379d58fcd6cf9189334fa66da89dac6c1d	af7ebb2a73fcc505797b44f096bc7e3dea0c4ba0
05abdc9e93c3e542e1fdef4296ba6dcf49d05577	a3bdbcf8fc1b57549cf1243e28f9067b2ec1f5f2
c70fd9b2f33439bd5d674195d7693c8dcab961d6	eb8fe6e266b065acab66e6afc52b6a8616b38a5b
6ba69ed81c147afedec1b17fdbc13b5c13477adb	cd7aee8dc16801d5c4ae8e266795300625f186f5
7c0d1cb7463e3fb1916d979d2f936478fdcd2beb	419f8bc79ab16f8a36ca5a24b51d64e0226d8309
5918360bee27bd65116de06a7d8943803a862775	20e757eef1b7c5fe3270a00840619a0c48fabf20
6eeecc9908f555a9a6e1f8c79a6c0c90e3438a21	b3ca2080336652438ff5444d2d3b09e869984d85
9f75338ce7e6af54f5376d18b8b92f522137ffc6	383362220796932cdef368851eeed2ca7903f565
981e1a92692eb28b19fd6768f0ee0530539d4ef1	3a56386f16c20c80b82c3e9d5b6e48c4b27e8261
a3b62b8fccd4efd697a79913c426b6a4c0deb5b9	34f51f187c110e6fd235aed3afba0c08dc2c723b
961c625e54e1933f86714a20ceafbd926c161ed0	630121cd35fc2ed8a849880154f7ba81bca766e9
c9dda0c037f172eb7af75d80cf584d1ae582f57c	b63d88fc7ad77ea3866ec3fc5302c01036964b3f
34bae0bb6e1a5da258ba8fdcacb5ad4047615e24	f7fc7493adb47712048c15bb1064a9a345bc0d0a
d1b7ada45f7c71d05cb8464acc644e7f6a7d04fe	2d88cc3251d8175fc89a4a9592ef3977cdf4c1ff
7d93e64c86ce8076be5cba676010a07369e88eb2	03acc9449cc30ed91b9ee9555659f706076b1003
39288b1e689a6542fe278172691dc093518ae66b	866a69d1b3d75074befae56fb18c9ae56b462181
c5318902be671870829a643ca8f688991d2b7f5f	c6c1dfcd765917f8c3fde7da8f0c3722d2af3143
a8cf3f7d81eaa0ed0445abbd02b683a2b121e885	f4da2ccbb2d6c74aeef8c18a88cccfc31ebd0567
d87d87e11b147b0036f7b87ffbb250a6c54502bd	eb4f697cf69a0eac534e92ad79a09a6d1a4e3cab
14c8511969a7e6906516476a2f54a06480ae9c5e	9ab783da84c037e2bd36d3f4032a782de2faf7b6
b6df3f6bda68aabaa9fb0bbf9d441070a2460804	2d8b08758748eea5a22a74877184f492512b0324
dfbddf337455871f39c21026413dcf142e064401	af789537ab7a97bc74a15b1394f9f894e83b0e63
f0e32df26e695784f52be40dd50f91cd1db678cd	decb90d620345976a50b4160a9970883c2d90b96
1b1c2ca0fe1d459570859aeb31690d6aa444b1f0	b4b7f2c603d7f23e492680b30f67f45b04091feb
e4f1aa151a8fd730223e8df9204d38d3357478ba	a1390e6f3e24cea029e3b9242c21b983821d1243
724fbcef27529ce1c3e93f270c5de2614b318e28	dcbc0ee98ebd670ed3a45d17aac557905f404173
47257707c9bf5cbf3c23973972a791b5200920f6	4dc686973a607f1262be2c58835b2fc0d57da3c1
21728ced3f24294582d7c9071d7c42c42915614a	5862f712dbb6e5e1780314d6a502ce49cecacddc
db0eae7b37650b62fb4e17edc169dd6efdd72c88	c480c472834abc561732e7152a3159dec4c37df2
eac4e6a11caa5bc54d82dc0e30deec5203a79ec3	c4a67b80367d390a67da99d77e9390e84418da97
41ef33f668fb4675d7be7c18f27f0eea65bc79bf	89b4131d88b05fd910e663d67d60111c8f6691bd
63227ff4394e3f265e6b8967cee92779670b9509	84e3ed5b0e3d6e9f0fe529ac5a05230a7bfcc38e
78357f1e63353aadf1686e22ffa50c06e224bd53	8f3ee32db23cd225722058f7ece040ab1a74c876
ddf66f292534d7c0372461a098fe14f611c0dcfb	78e463f16a4809b1f7d25feaed9d229dc655301d
a8648bfb1ee88e90afb8889d5ca7b7344202430b	02c10c91cd41e4535baca275093b6e96c342c8af
7c4c3ef1e24dad15d78ac1eed6efc4250850245a	91ff4fc74b00b33158d1867e4f66e6f54fa4fe14
f46aabf3bbf630de6784a8874ee6010eda794e8e	dfad051766652771155c1eb46400d190b766fe81
a90853b01bb517d6103090773e0cb07524dc58de	1234b2127d9bd14daa969ea8d1fbcdb77be33295
8685d03b839d4dcd37a624e85bac30f369eca7cc	2d016cdbfd01a27be5bf93cc66e4b3ec55689a76
486dce15332adef632bad61fd9a0223c3763d8ea	796b9018e88265b4259bc2012e91a8dc548b8c33
32df64b4929f4cdd51e1b7f2988554d9f4dbc234	e383d87e3185f73016dd2d25fffa9b016c829a8f
6296c4a2c3477c2bb7f83cfc50774327b837e676	42c0bfc30bf7154e15c280d79ce207608ff03cad
7081b20b686f02d96d44b91d0425d2c9b971198c	ad3679bdff763c02388e8e69462b646af48fcacb
f34eb76296d8a464900b2b0a5b4e80d4c41b764d	2b331811d0b493f328329cbed7c1f939e1edf77b
4039b6d3f9f3268f8ea9618c626b6092b7a0b5f8	8a1fee60d3be0f33d130d29e9678b26de4023186
88a09ecb4ff0a527ece6426a05a8c2b1d1ae3dbe	e222c6c7631f6703344e03b6d502f803cfd6fbee
c0dc31f5b8cbe1d2d2f52bb9af82a21fe222bf55	27307db7f569097208c530be652d65312f056d0b
3b4b67c625679284eb6c79ab2ece5055b0ffd1a0	8eb731b6553adab6e0d4d93bb1ff9ea9bfe0d795
9c6bd24fbb9c2df9ec441d83031f81a6005abe13	8a9b05ea1c821800a4b4440bd66054592f3b8b6b
067622a112ae67586f527b140a8b5570c6f40adb	3b2d9d1d9817450f7a3784ad3db2b89967f9ba2d
936c5c819eb95d0528e35df2120903149d32c93a	9c96cf7842e22cbb0864d98302c336094626aadf
3569be9f330ad1f527a8a51c7ded93b13521ac38	718f3a98be7ddbf67cca0775f48b2a37d8c8fe23
5a3e8fba9217acc3affb461ea38cc7cd798dfac6	06dfd1f8056136ff4933212e3d756c31a14e28b5
7ee6ffedad39bfd4992df09c50ac316a8aca9920	f7b779d7a07b27602e6384b805274dca9a5f090f
4440a615bb34acc31c8d34b4717d06037051dca2	02afb079cbb616c58c1cc59f02774626ef8650e9
100933030814b95a08273855574166126b9878d2	14bef481284b9f9012f024addd24255c4cc7ec85
990e9cf46c6fb5b85ace3e5948b09491abf4d39e	7a35029497cb2e2dbae82521ba8127e8d3fd7036
158b1f4915c3e72449aec36b4e6b139cd8a98962	ef6188712f92405b74154f153c4686fce6162c0f
5d2656790357c8dc8b93e31637e2f94f61881742	43e283783acc68a7d38dafcd8943456003468f12
52cd3eed4a4cdee3e20e940ee8f014bc10123895	7194a08fe64761cedbf9f789f07c427e108dc971
1459a9369ef6056e410d147d893bbbd24e6b8fd1	9a6c0b765f8cc03a1a77e65ad63a995cf5aa3932
bc0b8be76dcd0a43dfe64c568be95832861c2362	fecb5eb8d301f9dc54db34305217b2e8fed4cd91
26c320f38b0ef32f4e5f601ec8d2b7fe9f7fcfe0	37e9368c55e553e4696dfbbf443479c3467ad754
859cd4bf555cf51402dde361e5f7f54de147f39d	3d7c53b34dc488659003c5b16a8fa89e97251d9f
4864ab21011114394161a74648a6d3bb925a36ad	21bf2f3f7d6807da86e26f9acfe94e6ce61e2ed2
022aa4277c842e4f779bd973c5d1b12ea4d143a8	0cc4e83c98a7a819d1d2a065aaf3b3b59fbcaa5d
8328e8f3753484ab7d376b573276cf41d1dc3a4c	dd117c6aadbb6eaa5b599282272ff3b4c3d07f09
fe1c406fb6658fc63b880c2de7a5968c6f9e5e7b	9949595b50138fdf451e96a06c0a523d9cb6448c
34d181d7d7549255527f7b001fbf11d89377dc31	548bc315820622575e21f054c8f7fc8708238e1c
5e83a9cfd88ce75453566e8aa7bdbfffe2f5c471	2da3a0431b6d50f42e3fab30a03236f9471fc3cb
83458f67c62040d406df85561416a025764fdc30	d6223ca5b8db1c48761b2c4a6c07880c93a152b2
2d65d297352521a397a38953805fe39017f1ec32	1ca01b08fd7159e708191445107cf32a191d65b7
2d60f18c78eab2b2bb5863fb173b04de26ed8eab	59c79612d4f5bae19aeafda02313a817908832c1
1590e21357162c6ba80e3e90b14d974ed40cc1e9	329de768c8d9eff74827798f98ba3bd143e3dcb8
6e9f20ac0d0253ccc1983c704b1e482a77c76208	6d92c61f4512e40fc4ad01d132d7ae209230e9b8
c39b61bd5e4f5749ce471272685048d375ea8674	8086b1a22ab841571bd007440c6430ee0d2194c5
9d0f59960115fdb507cf61619f9d3c2597ab10ca	13c6a88ce35f01398a81efef5f3c1974d4de5b97
ec7e683faa30621bfce920e465fa0d0acd8d1a40	749595b726d65ab8362e0c786b38785893a22837
2ec26f7c71bece1c95213cd85bbd82612fa8d2a1	e36a5051f900a9fc3da232298d8357f5c87b51fa
85a4f0f2319d93c5e95a308d96b34bf879ac133b	a548bab0c8e774b0d82bf3375c5d038d1182e584
5b82f1dfc592afd1f9da20afd0b1787341291554	5b7b479f4bc0c81eb9a939dc40b1ac5564a08e17
52ba38dc317034133c61e28a92f77d86ff5d65cc	3d7a43a83e81d0805e02fd377947174400ddad2f
5123d346ec1d45e6513c3d01cfbfe95493f234a2	9b57cafca56ed886152da239a3058d74c4f9389c
86339fbcf922a11c0ff5c9af9424768fb158623c	3e479d8f2df9f653ccb9ed8e5dc92e51817567bc
02630738d54abd40872350818e5fc607f96193c0	ffe4b568b7ba6e1e245e3a5950c6e9eb3fa63111
113c49bfc2e4ac105b682157269527046089b944	38d2f2d2dc8fc5641a5d829372a2f4c1874cb4a1
adb4f3f8451da8d02b221e2b3965c0975450c305	c8876dd16e3b0f42b5f22ce7bbb09626b75cfa03
82a641da50d6b5eb025d47fb6d439aefa717e1fa	cd4bc784f1331d218f50466d717d8332a81fad2c
115e16f4d48d973ee190119e48f0ed790f0541da	05b18a0e664cfd1cb38be63c3b620849af9fc8d8
212814fa9b26ecd19d3a48149f8a210c972f3a5a	5801cf42cd0c4f64bbae764771a38760c7dd3b3d
83919af09fe5aee2ca8ca58d86f3a3e57f3cd29a	20f220457fa52d07b3ff1810bf7ce9dd40926c70
0bdbbc1b5c1872b71fc5ed50a2e0922fc9b9d448	c66f8bef1cbdc362989200b2468eb5c49510e3ca
2efb63735e9dc5396a20f8c3cfc2aa555ce86663	222f5713c85de67894e7ea38d2baccaa814ed657
13dc0997761b51d574e0ebb1b23a900c932a9852	10c53e4e176a89384099fcc1bffc191de30685e3
283f27d3e5b98d043bca71f0b4038b5d9ee285bc	bed68be29f3041f3b8ae4016e44e589bedd55f87
394a99b1699b4807fda7a4719bf555f19b0dce4f	c278aff23a191eaf3b23da73beca3fbd67baf493
fca0b848bb7ecf076b31458202592052881e3325	daa2f6c6309f0016ca517d112e95ed04fc9551de
7c26acb52af7bf938e47cbdf6722596c9081e550	13caf35c93bd038c9365acdc8d72e1dd2bc0bf72
bed3b5c05ed53ae5bd2745bd56cb4eeafc1632e8	18afba9ff80f9af33abda26cac946af08ec4a311
61d1427316ae58d9d9e1c915c48856eec7ddf2e8	65b217787899ef4177ea78763d45974d9134bd6f
cc11621e9dc656423902b3b6dfc2a9544f99e0f2	c97ddbb7caf17fd94e8f1d668e0673d4c2a079e1
af1ede9a62251a10ab1068fa57f30d18139cfb43	2c8d439d4fb64b894b14b549ed95b2d22c2f0a60
f5fae16b608a1f534ae02757a0ea10ec2924dd33	65da62a70639ce0b280d765659ca3294ca3b74c8
d8ccf7351f2cc2894849bbe8085d94ec4bd77633	16327d991d4fc5e6de9429ad9c7ee260cb969173
003e6e2bacbcd61368db09c9f18a52f086faa4fa	cfa33b7ff800d6f01ba26d4a6f5b33b744fd737b
b1edc5ebe481b8f89c44f3884bd71197923f4c12	8aae8aa2529497e80c17e5bcca40c31606ffa6bc
cf8281a8ef22288a81370bf466881145dfe68ce6	e8077aa1f156048fd8b03d2ed748e82d098b8dcd
af2dd33590c945a431c1c0ccae50b4e388909e6b	89502b3158503b56c8b660155e994bc5f29cdc02
5234b8af99bc1e6fee36e43f7d6e079a5e78c0c2	77c69935ad734755c52652140c33f4c348884cc3
b24acbfda166a6c3839362dc6987a46ae7fc5cf6	215888c95e02acaaea3f80c8834ea6f35aa0b525
bd5f362d0ab1e158d319e4ab71fe77c9a360b6ac	a4925c64b991aa4f950a2249b2b1222ab6a18d98
a7d94a55836a6e185c6fd0f4ff20ef9b0e719ebe	cc1fb0f2de1ad4a7bdbffb229c899cb656e7e4f8
1a24197bcabd6c07514aecab5aa71639e551cd76	ea270f06625200d0b8121ffea3ea16366c1f1331
6a850ddef4a79040d012bb78baa78b83b2cd6798	3d817e04c1a142be5efcd63fa2cd4f06d763be95
c114f314ab0fbdfda239d8f18d3e13b6e5fdc412	5a41cbe36ab1787e0156704c5e847e64b8ec05aa
c9d7703b1e0fe0a38cbbb4ce4777dfa2e106cd0f	1128467de7b6c1b75ad3619e5b146c3872b7e56b
b7f01fe621c8b58da7b6479ba829b2b5d5dace26	8218dfe9413fb40c60548903a4c3477c4354052d
ce8558aaa59e8d2e3686bb99154d3cb865f07c4a	bcdc07edc1ffb99c6821709a42ac05c863a43720
66cc25758c6d67c84fd5d75318bc0b42f74506e5	7b241c92371affedce28c42a2149ce7883b1e260
a0e77a7161e65037a35ee7f5f32a968da9bf4da6	50003ea6e8a6ef4a42685a12eb9a25a5243af00a
7df7a3eca2a1e13c2ecf5e586c013949cd1041c1	0a2c47a1072564f98b75dc85a14964b56b6944d8
86c238a4a3e3f65575690e80a95a8821c7d604b9	2ebb3c600234453cb5d5303c6f767d443a38c782
76751605a6be6b82a551e6c1a70d7da043d8dbe4	c19a6ce08c90ed8726dcd990a22ceb21be63aaeb
f4e512c81d68126bfc4b3c1b5d4a4e123b805b49	b186a5e8a76892a2b714162ac674b5eb44aa4824
fd715233362fa4680dfbb356ab18bf9d5a825f35	0b3c5621649d8bac90c8cbe60a7529b7fc24321b
5d1c69a2118afdda910de09d7fdb08d4817c4f14	49c637c38b011188adb5e338b2e99092e08ee3c0
4a091ace674f271655e8c9d8dbbd3822ebd9a467	fa7658b85d981c850aed41c39447fa3f5596ddfb
82c81ff4a163602109e9ddb0030f0b431784e0f4	290c9c7e79aaeea0931206e6d29ee4a1b6bd25e9
81f6e1fe6c2a6103ff0b1fa6ce32bff61d435c3d	acc09aa48e7ccac7c410d63ac6104f40fb0264e2
1307994a21d6373adbafb9c67c66bd22188c5fec	de3b64d8ee6ddbe2fc9c9bbad9eab53edaa44618
23d730128b560eb29901c29e7e2306156d6812ce	1e4ead563f40efa5780750ae18b7508ea582ae0c
7876e9e0f876deacd7b026cf37d715d115df3ed7	e88b6d49b72b16fc36c48c9aae90597e72aea96a
79f61e45f0a4b67e2357900c1c8f0ad0225e1122	2cd31124cf246800c601c3a27b88e1a5df84e653
1f8a7800e0b2891f116d8ef9910bc063fc2fd610	d1c4685c4474642b5de140251f3bc16cae011876
f4abdcc7a283d347d8fc62c9439508c45a506e78	7774bc76d1220d946c0f7834f735ee461d9121fe
974ede83fccc663e5002d3c596ea31628ce1fb06	dde55c8f5bb9c89deabb11646893862fa64cf430
99a7270d1e657b367004278881c4fab30cb881ce	8b46a1e15c99e6424b6d7844cf4b3345453b298a
b73e545761efcb417b679ddb1083937a660d2123	0618ba50ea1289e0759aedf2000aacc2e5ce0677
876e72730008b823f9e7b7e40dc4387b0c626ae1	ee3dbb984a106901a1f536fcabddde12459dba3c
11ec772cc6abbf22ecb39cfc71b1eda8b01963f6	ce0307ce21e9a9721ef33e29e56294e566db0f02
b366e4c923a01df0bb756f8cb7349b524f594bcd	4dae6fe24289b94b95cbc83a4bd34ef5bc72388f
617bffdd8eddfd2565423061f4cf6e90f17ad87f	9dd23a19c147d2bd9d5b450b5708a9f6c24e8791
f487336c11798a9c16bb420663082b475045a0e0	2631843727edc487b34062a1b6f0860456d0a058
7c7b5ca25fe69fca455f93435999c9adb7722f20	89f07ca7e42deaf4bb0aef5049f8d12ac4c773ad
7164f6bb26369a7c4329b0d41eba535441aaced2	3033899dbc8bab05ce414b185404cb944137a6dc
75aec48c2f89f988800f573609900ec3a1b9e646	54191eb7b8039a81f8787b2619381d4bd8ecd649
8ca3d6c6c7b47e57eb9226506204d8f4ea8c8d7d	457c652802fa7f130565defbcdd133119c534ed7
566519e2a2be83c1fa756c6b2a5b9527df6be383	656ec6155b443da76df430a44f74121a0eee9a2d
ab5182eeab43848bc166555e3248c02c32595474	ed754d70daa1aaa65c0f7be8fb18c0cc290b3e9f
c61e62e1d832d7cc946a7e96450d10f22c9277b6	dca82aef473bc107c93190aee646057c8c8039bf
edf3b0396da9261ef228c2318cee1a5b1280aecd	56b33ec09e3e2570334aac15987f03adfc2292f7
fe026f600ee533c81f688a2ec1c647ddfdcf4c35	b44f8c95cb9c10a1abb3ea6455389c66f99d9aa5
cb10b35540e337556c620a956b13feab5eafb58c	75cc190a3516416af3955df6861ecfc1917408e4
a7e46f3e127a07e37a0f8fe3f9d4702266aef63c	e0f232e1152b42d41593611893a13ce014b6bc1a
9bcb6c12d36e7f611ec994d46462562476fe5ad9	1c5972cab1049380e455be4dcf9b3eaca205e248
66bc616e85937f1e9b7b335214d3701471d94030	7c45219eaa61fa0e109af1984ec4fcd5d2522aa1
b9b168ca5ceed065f61003d7fb2a6e123c671212	f55ef41d22ab22f93035488e3cf4eefaae81f092
28422c4a43789e8f6cad31318c08d3b4171f3d7b	f506c48db41279ea67477ad72930e01edd5308d8
999e7804bbdfe8e267af19031cf0f6143ba9120a	e83631d4673a7ec133544d9d398a45e100c44456
70fd159a0069a108665eb6af84e66bf4e12941d1	2ac9ef031a9749c9c3aa76481797f2e2e165c3a2
035ee89878df73dd384082144497d989576cb97b	4d6faa1959d7c440cd1f50dd9e7751fcf599f29d
630e24d1afb1529adb0c07b8e1348dcced92cf67	0354a9012478315dc0e404a9baffc1d2bc421505
47f1e6903292e9436654ebfdcdca015ae519d292	1f96a63ab1ce63b4dea4a36c44cfd55eb746082c
0d36ecfd8e893fee35b60676272bfe248a23ffa6	58ee470931eb72c6ab57daa685220e52359c773c
84b592a0927e0b89492202fe5aec3d74cd5706ca	21fb294e5f6f4883b803946ec6f7004b3a523db6
70e978f9d4fb23760676c29a57ed006a94977854	53f8131d535d76308152866ede14e6999ed4c921
8268fc49d40d7ed133b174b1f1c335335fbc795c	7031758cbaf14120cefdde42ece23b3db94888c3
8323e7dd25e09dc953d668794baa265b0f9afd28	11545d9ba6282bf4100579df640db153f6f82602
fb0f6c156522fcf38a93bc6c20c62f8ea1a81ed2	c32b138aacf5433471b47ce5beb6ebd6780444ff
2fd820dd5108a8094f05c530ef6c16ad0213abc3	4d954e8690e689d51dd6dd0da4a92fe4b4a5782a
785811c0757daf19db02e63ff286829c74786633	e629013bbb36e5c1b5fab44d38434a0409c288e1
f4a30d0fdb2fb336dd4f6077a70838bc492a49dd	360a6d9d1571374fd0ee649e4f706fd1a89025f5
a5c8d959c3b018ca90804982f1e707f485ce9f88	3a9c93d9e24a301b01b18bf52414a4e8d012c138
4df0cef8051367c0c996c4c41769ba91a7e835d4	d2eb4c224a0b18f66322fe83c1b87cc15a3c57b0
b7c5bcfe41a9ef62e10a72c2b352f3bb8be68a66	ba6dbf5622b5b6d88fc22b1af2a940e100be9988
8a912270bbb3738bd253db41712bee78b289d093	f03562cca1c3f344057c7707af96fe8120b0daab
018dfc91fa3fcd3bc0951d08ac2c126422b11709	0b1925af6d2b3b9b20e0cccb716494abfe71bc7c
44094695be8aaa92c684c23a688c2859e9184421	add7b95dda921b2515cad68ef08e1d0a6877762b
fa1d2a1d83e506729eeaa7484b13c81adc926a8f	a9f8a53521668af8a48053873b222f3759381e5f
a4c89fd8845bc60ab668d9b0345e467be214b194	8423f126392625b472460b6ddb92b97f316f713e
bebbf497f489bb2020c5f244e201031ba534d9fc	6ea02332e7e4255603093ea4100c190b217b0a74
2b322719fee15fccbf469924ed5f7715b9ebfa79	fe342ce508c8e996a42fffad618536b926995096
4a89365227d5a0258f50f1ac0a422a9a82dacb8c	ff96f017ab38f13db5741a1fff6322e5754300c4
9fcfbcedc53e81593208f3374778006a24e39ea3	c974c1f83e846ec09fb8483d4ef59b10939135af
a06324ffd8d69d1cd59731eaf8a53b4ede737aed	55cc6e6ef1e9db6efa9306e1b09648ffe4bbea32
05500c1dde01f2ed5c8dae524cc5c7e7586da3cd	8c21366ebdf1451cce8209429b2cce326a080c27
1716ab47c717d5d79e4b74bd5c82f21873fb5bc5	5179955bab65374c544dcaea4c9155583d23d2fe
91e577c3c0574d638d702c545388fb0c0df690ed	2afb36d0bafa29a414e00373521287e2870f4313
a509bcb5fa298f6cbdd6d4e578548ec19b7c0e42	85eccd9bd57f10d62eb388c1ea120f860a26613d
45e69172f9a7c70a1172104e92894c32cd6b9ef9	2804ea50d1505a9cd23d0c86458d92eb84a77263
b9ce6a97fb15117c0e0368dd0210e0774e814105	a2c45741445fa362ce57d63aca0acdb85abd383f
f55d3b1ee5917dad64fc0943fb8daa80c718a413	15567528f1276686e16161995ec9df6763b1a79d
a243edb65acb9ffc49e860c8803117011a1bccb1	da52db4e72a1fdba1390430916a48bad97d1cdab
0245d0ec11a95f4ee118d3df403399f1afab55eb	2594944b2dd378b7f9a08931912c5623438077a4
3db25d8b72797917216e41f77181b2b79e8a27a7	0478e73b06a005f23389574a0a29ef9df4afe987
003ed2ea9e65ab8708baf550804440c839ce531f	5f74625e3283b77f10b3e27ba94cace566bae9b8
e6ccb8b054f5f5c53a22f283000ea5ba0ad40b19	ddd1f147f8018dd13b0efceac5fd2a107d14de53
70e12b625ae5b9d6ed946a71877823e4854a2757	00b1a5afa3c1a7ac7a6b868e211189f326978507
485967f8b9bf0575893944f4242532693b1fe752	92fac5f3ff8d842117d9153ed1e69a33b476be86
abb1c3f55e1f9b4e575345f7302aa3b5c405a4cf	e24458e29c63e886fbfcaf3a974849c9cb428219
85eb024dec684ca716609a93b5cffa4f95d91de2	936ec55cf23f73102f51ba2da319e6e7783bf8f0
5d2fbd6bbd2a89ceb2bafa3c6fe1ad523984b6c2	0d0f1cd927464e46ee74bfdbf45477dcbdf9ff49
1f0df920c904d837f716e6f68d02d4f51d84e0c9	3911efa06351a8e1a6d0cb6346eaedacc138c81c
a5911d28cd5635880f2dced39a49d0b5b317686f	4f14a91106f2d9a4c745a664d9f6b69349c1bb07
e0fc683fb95e369eb1c8b3888110a4f78c86b110	d2f7fa73da9100ca9690065d8fd27b3cd7c05746
993c5a549d198a1bbc3fa827f837a16553fe2a17	73d74bc5a62817f46a49113988ea141985b452b7
28ed6254b8c704f85c2002e46089f0693042146e	3798e57631340ea6be1e4abc44ea2160bb5ddb94
7783d9e1b8e5e3aa0c1c0042c2cd13621742145c	dc476c4c2f0f531d552e1c8a1136c282c26c3b7b
485ba6fceaa3051c65bc24e00746297ce224a5a4	87e1072c0d43c79bc57fe5c40da688be0e5af3cf
0b6f848ecd1c3455d565045ca3f8832d2d311d63	b0a01e97ccc2a9b5c8ee68e488253bcbadba4720
a1b1f94edc7ad6b6b6acab49d2524c88ea2d5076	dc8a4bcd3185ff373275912ce33c2d7de6c9f155
a5a76bd247cd001d72c28570e2c3a1c84140c7ef	a75e53717e8ac23d04a4264e6e8fdc12eb41aba0
ec6e2617f004262d0857b3932376d96005f7de95	7625b81d9f87de9de43f352b01fa83409fd5b980
6e1b93f5efbcdb95b42f11193a36862ee36f15c1	f30abf43da4405c2c172ae872be4edc0e5383b22
fe5510bc31b788aa03bfbc0ba17198a1a572bdd6	0674cd688365ba21a18961cd45dc5b16ddda94fa
0879881ac588f6025f9458d7a50eb0afa24a4236	944b7ee3623b19e08b082d32739c021d6e084dcf
515bb5087b1a5214f98237844249de146b7d0aca	d848f6cd784ab296fd52ac79331af9a38d0fc2fe
cc59b07f39c32b88c03519b6e23c95791748411d	4775a79378ac40bd2c8df120a00ca948e0912003
1865eafd51c2cdcbe004045d2d2cf1d6dc6362f6	1a4cc3729840497e352b60381ada9d0079b39fb5
488f224f8ab2abc7e5106ee7309a54e8c803c269	1480f6255f7e3680ab5b24683f63741269637f4a
25cf65aef8b5ae61480d1144c7bab8ea2f6a2963	954a31eb46b8ace8b54355388f64efae06499ca2
3699d4494707217a3ecb6ca0deb863a57ad4da17	4b9c4e800e2dc3367a8468097a7d8691ce69c8a2
98622a03c787ad8d2a8e66e96c707aec37a997ba	fc6d0e39e370ec34bd261905704dcfc2371b729f
e37b7de56267c618d06cf936a5c27eb985ddc99f	c532669092b06ba26f471bc0a8c38956146dfa82
d65780803415817cd799122866cb3620618d4fc8	e017368518681b2f7173096842fe2d855ac4823b
4c3969551396923dc674c5189740bdf515d2d2cf	7fcf3cb0528db487997ccb8d5963d4356ef6ae16
815ee0de985eb565413eb96d04d5ff2061e93db2	27c5672435fc3521ab29c36e3360eb4d7f4700f9
67abb8a6b939674c631d421b5fab0f10651c3ce3	2f6053a4d3165a12cc78eba5d812560fb5cf0788
a77ddb3775d6458cb0e5b7dab34d4c260d36ab18	af62788884555d55f065538ef2ac7d2cc4f2c139
a3adc31f77828116103fbc921db8ff24922bb801	cc98105668b8cfdbd93752e7eee86cc901e84876
a772a491cbcf02572897fceaa64db74c9fec3e2c	25a7e721c61025828e3fce532924537494c96d41
da3948a81818a119385ac4473a6d9b12da0c03e4	aed57d0936b7507ff5b8884a190863011d066b40
e0c72c378e710d55828c8a947f3fb95517cb920f	3b31451d2770d16d65cdc1f53fbbe9c1aed928db
9bbed1e7aa4fb676b49de31ca49468ac662a10df	afc968d7179cfa12bbff6341b5b6e51036eaf73b
604960883646e4f82fa5355f6ecf3109b855b070	bc8de11dcab789849266c8e34502ececc30be9f2
50433f0943cb3e977522127261457e6bf19ac57a	de5cf66f1f9fdf98310b2fb9c60756d4fd4af016
1ed2ca1adf2c9419da2860eb8fac0ceb309caf74	10fb5f96cdc537c2db112f8ce384de44b527def8
fef483e4f7a88b6f585d298fa24227b14b45d696	b9df9047ad850e21a1d1f1c38d35da3289a2ccd7
66646aaabf0ce6b5a3ca25b8782b59ec2c0137b8	99138fa1e025b77328712265648d95e509adbce5
8ffb3903b7a159dd04a317939e0caf03307fe4a8	f959e5efa4fd2f9ff9318fa5a711c1591dedf5a0
778129ab9fe07750643dab9aa33e637252f5289f	a88131b1c117c1e73cce4fd45bafd865bc355d4f
4d87cf918f764b7ab2e7e54f267a9d95f30a60bb	435ec41881772ecbcf7a9137398c10e093f1b991
938a91de1e1cc2263f44f1ba9145547558b939c5	20d01029874e159a00866874dd73526cc9b88c57
ef06fbea20a0a5d81e83e295cd19f0b273ede277	9317e068b5a6dcd91fe9e8e5cb9fdf32bc803883
ed236db8ac1bd9d8cf63c23085d843fd12537e79	75a00f72af926cb3570b569065fff2d8a5691ee1
be5e20c3b356cd6366b8b4d1d2b38c8c084407c7	e9b2e223a69b2151e4b8b1275128f88cd5445899
4feb2f151285ee5c6f502cbb5a01d6d11bd6f0e0	665edead2c7388169744be3dae67137b505f4ddb
4901dcc5715257692f89e50b698f43b32dbcd953	7f5b91469fbdff8e0df50ac9243964eafb9732c3
4ef46825f28aeb785ec6e8f77042dd5cae7ce219	a42bd738936b05ae11c97c6e2241974cf1f4051e
2d66cdd10b1093c782613e7e5b74de9ce1e0cabe	2dc2e8169e22081e90bfc56ad2a2a2679d909de7
9972a59f90c0c42c68def41eb6d7d06ad6221fc6	4bce947ea300f0efe801e6817333ad137f53c902
6ad6c7994a7353c9d3a35faf594502583b4c714a	2048fa1227a701604c263b15fef103c0fe20ce1f
467f57e599bef136af79fd12e49183028f069c3b	8a51cc791b7e178e0ac862c347f39e0832cc4dc6
8dffec4b0190084663a6afcec5eae951e16a0013	593d4af1d29000d16c968fcc1b1e0d4d5a8e00f7
ad25d4f7ae2233723c8f26bfa2a5c7ff891ab5c9	191e52f90e3330a54b5d120649c46f368196bf97
87a5e7d16ef95535d6532372873141ee9b37e95a	1648f7500c69f5814a492bad462b7262413d03e4
929db6c8af43568fc907d21bcf998ba56cf97022	c4642d04acc5a5f9158a527b5e20890155d833da
5199cf963c63e6c533b3a12aa06d48f4bc6ba9b9	4a064e0a0de7bee44b8086d6ee670e39cea766fa
a4748b66ce01a637639e07b968e1892fc47d0889	9ffdfbe3a5a8a86f96b6f0ff92b2f2eeb5648409
a641b28caf091d872c62b80d62c6cf1a1b7764c6	1999366f7bd1bcc38a30483e1a29f98ae68cc43b
d3c53f67dc2e354028c7a3b6a51b58bb399030a4	113dd4464800a7dc19f30a306e80ffbbf60d2e01
970064617e8058436e1346f44cb9ab8af1f5aa5f	0f286927da855b7173d270f0871ae6fcccd4ce09
731332e6fee1839db8289dac34ad8d81bcb32935	7ecf0a1c9ad86c768622137825f03efaed099e18
f28389f35c7a7097052c4c6d134090f453543141	92b1b701b7eabc5f6e6e92e21a267b0ebce0047f
aa3244925bad750cab3e0bf448e1c36e091db778	176c72d0a26110f2400ad106a982f4a003c67c02
0251f64ac93da2d0d1ae989e14d49ae1cd8f59e6	618792fbdc419753b7f521655e155866c9e5041a
6b28874be281440a7f9faec90b87515e0dc59646	a72ee481da7df7adc23343deea547a9a865b77ed
28d27c28d54a9081a9b7a0a10c8f4c2666bb93ec	2cc1ca688307e688fcb280fa14fcab2a761b2f19
61a4f3ef85a21a15a0597aa427a952b722c7ea30	3ebc5e111935b0ce260107b5541354630a6af29c
dd04c58dd3335da5caf589be918f5c6bb28028b5	bf1929073b03af8679521faf250f719a9c88cec6
a479c16c7a8adcf4bb19d854314e8149280cffe7	be0b8e38661fcc4c21068277658098f9f452435c
b76224bfd4a330fc9c1c378b8f4cfa174e300439	a04d17d42ce5cfcc19b3c05e6fc1649fb613987a
eda5df335471c1151dfc78f5929579a80a832362	54a6f2327e16c689fb12f7f115a5a367af214c80
677b572ea2da89625b6773d37db13ba058519726	02a50ae60d031159950bba29ba75d53e990b29fb
1ed84dcacfe42a5452a47384713d8192b7a8f2f8	f81dce7379326e6a192f5d8a68778a71de1cafea
b33408a0b76040e5a1ebae4e782b0cb7e5c94b88	f8c6927a21c8a7838977a469f465fca243c3e9c8
106408a61b84e4e86055a3c9cd4060223261e20e	87313989be20e2c9eb3665dcb762809d2b49e5d0
db240f63a2c2c6f4fe25c4feb078c51bf2f010ec	3b280f54fa317aa56f5b87432ac5803afc3a1cf3
81c7925a6a005d460acbdac322c972ce146b8fe8	2841397b395edf6a9bcfd7ab551525871c7011dd
2f7da1ea0c14e032a55c265eba071c9fa23e7d1a	aa2c168634153033b744416ef7b52d9bea88af5d
48ae616a0d8d0723712ed5735857a4cd2231dd0e	fa3ecb20d4a51d0e1201ec0a7a2b25d8cf4ed500
66f710e61a12e1b0773c76f7f298f0abd4bcc861	d329ff3380144fadfe9d65d1bc16783cc72f6352
b22269f345b81e8034d9bb78b23668030b624579	fc79feda5d486f2e8d94b91e16536269af293612
8cd9caf6c3a5aadc6d0a3df92be11eb7f344ac01	3a6f1f7ae4ded23a4b8b1ebb428a549915a2a7c7
b70c5e26337efaa498a6da3674432f958944bcfd	f7b1d1e855cf514a7d0ad7007aff21e570545c3c
347ff30de0b93f29d6aafe09bfa7b5600cc6c175	6ca115f328423bf49af4eaab30d9e1c7f245bc55
9609978bb4514b8556564a73cca35247b212b935	fc20ceb5110137eab0943364f003bb58e7b879e4
ab239c540619f44b4c806e356801d5c48edfa225	8e95be5806f96ea8ec653b1c27ad6aecf3bfb6d3
6b12da53a432f25295f85d809599f30e09cbd045	61790a0915d55e59c7f65626aefe0b7cbf2ceb8d
de972a2da0bc3d96af32e722e667bd98ce414836	bd57fcd1bd2420377c5c9c1e516031d5f6175035
42f4fec8bde87c9fa95330c5cf9c248e8a14d55c	c49c7b9e0f29637b4aadf92931b0d7abc39f05f7
6ad91f586565b6faf53cb9ca59d7df74079b32a1	907827ebd9f237cbaf52d7f2842d72b5a2ef2320
bf306e77f278c49b1c3010bff4ecf1b27f3248ed	05b4eeedc514d70b1d77ae46ef8c63a098e88f9b
b0db71cec423b9e20405969b72079279cd3e9ad0	99311d103df2c3e26c9a711e22be356e246f3b34
aec4904fda13be39981b46d7944b719f1318df2e	386611a9b3b4309f9e024bb5b2ccb6b1792e06eb
af64dda81423786f300fdb90fe74e7dd09cb13c2	95b0bcbb3c85cd90a87770c55a88fd907d480d1a
ba817e91875271c58b321b013959dcf6734c19e9	6a8359bb71167554618b1de78ca7367cae5535a5
f3344554f3f429ef5ef78b2524ea354e58745304	cc32b967b7a93b09937f276ad9737af595f531c2
097b8e2fd5c36a96c0f5b2c11caf7a1af7fe524f	30146d11c4b7c99d93c8506fe6ba38fd41ffed78
3d686250c329a33d3afb732c303044e7f9031a3c	c82d8f2684c2288ac29a08d4a83241472e83bc71
70b8fbd6af40df6b382527a8792a03be8cfdc5d5	82f633d88356d35bfac7db60f63811928ca16fee
2c087d364ed51142fd207c142080ae00e92f5b9a	cd9fca878f6a98b65c336555749086ff29ad7aaf
0febbb0cccae4520000217bbd5a5c56daf8bfa67	ec0363dc74bb7a4b6c81c036b8dbe3378dc67501
27a44184308d684870a035f8e3ab892dbdf047b4	f207ff534ac2a4b3a98dff2a6b936cd468086ea4
32c0f0d0668aa8c294a186cb93dc6ebbdc38f4e3	5fb2b46dac6adbeb219191fc37a4c89977e4c8d6
b9d71e87b2361dd76209c2c3bdd97533af50919c	1c1702d4cc0bc54e793b7f1b2451baeb557a67f6
32a2741d7eb77a8ce7de97be05f6e71619538b1e	b272db1f06163a51b792d69f08ea91119e05761e
cece128d4d921eace98841eacc0b1bbb2de7f789	d563fc1d91aa509d6e5e0b148c7d85998945497b
f3f10082b545d8ab223ac0d9fc1b3a665bc9263d	8c12fe9ba11e19f97436aad7978910f80b0a93f1
b2eae3541b5d181b5ada5121a8cf93cee25f2765	265aac383ed7a8df8392feda8e0c3fc2f4d4bed1
d06a608279624ec6583ce0c47b17446748ccb0ef	8e44a7aabddfadd3858492efbdcb81d82ee7eed9
b79a0476eef06999d0e66ea09b6d3a552bd371be	9f4b1347f28cb9c177036bc7bd3ae04be8e405a8
97427c722a8763f452e29c2dd89ddd8d63643aa6	47789d5e22712902ab1a4ef7881dca5062df4e32
67acae0837010be9b48bfb19173e65e67338d5db	b30412723634eb345cb1182059780a1f898edd16
754ab96db7675da1628f9cb09fbf3750ad29bf53	277fd49ccfff7c884259f25269aa26c4e15e0ac1
f0c7b607b6c1d39fdb8f0bf9d65e8a3b7b032e12	519123bbb4c668466de603045759b9ab68131245
1b51868c000a818581569c96e4cd08f374eeb3b2	2ba022ff8ce342bb7d839ea67ba5f489255241f8
c1bf292bdf6314965265c4881221f6c45be4c090	1be324bc96e1aabf1bdd4391e676094a4412c0bb
f64d0e56fbc84295f176e53305861d7f3a58ede4	ab9d76aaead8de172b60fa3b64a4123b4c55c6e9
b741d024dcc038950a0d5068a3eedace4bad005c	4de9b548258623a96e9543617422888b2c417d5b
b9af105a69397ab642973d335246d9ec47119881	b501547c4b1f1032bffb2e4d0d78ea4718fe5af4
9943bc9ffa41f596294f5ca8c1e0d141a8702b90	feb832f597a6197975615d0884b6e5671f275a4b
a56de1906a4e8d59f362c0c9393f090d896d74cf	fdcc7104d4e3bc26d8145942dda55d7371677ff6
5db442b752e670b4a020d48a1fa3bd90e5ae12b6	219fbfafafe38905a4e62af5dbfc277fcbb4d88e
f04eed476b8890af54908a6d418c8052f00ee045	d0e1dedab59c50827bde664a27df697e3c2778bb
008c000bb0516a5b06196f10a750f98e03d4bd60	f18988039e314febb0683374561efa322f4b331a
041ed1870e9832d4bb75e413ff4dd82c7d3e3e63	ba675bd2b6df204e4ad947d5110b283ab29d48fc
6da39329f466c5ae8aa74d21a2c0757b41b100a5	b0e4ab217f409eff7eb9c0ad61f3e5f99963d1f3
063b659c42f51a6152769121f7cb12ca50815d6e	d3ca30150ffa10ac4db92eab6314cc84761f0775
bc7cbc7ab1e4e965eb7a6fbee14de26fbab8882f	c1fca0fc545f4f2452e69397bef974983ba7a0f4
37e0f1876a929ef98621f9b9089ef852c96af6ba	21403e5e72f402cd922bb8322b5853d588c973c7
a3d009c2b93e09ac8c1d3bec9c6237305b2cffef	5c8a930b3e1259405f2774acdec067eafcf71226
27ffe267fb062e3aec61bf883017f08dba1f3d56	46e9f3d60e02fbc383d38a8736ec547b1b610208
94e12ea80f05a6f53b6628adbd893a397881895b	dac992bac203b180b4cdae9bf6e7e79d2902ea86
e4a688849fbaee9459c67e63229e3323da932b13	16c4c52e160ae54e7fa944964be00cbe9943a68a
37d2d806151e6d11987f11a791d875edd8765e97	d8241ba0db69cc35ac6361034baa335f62540a8b
f424f78ad229235c88682748c57cbe3c6ad07e0a	48aa8a26c66278acbd269a0f0abafc3249d2bbcc
6cead49cf1f4560d9d7e900cb1393c21933136da	3b0c410806bff5d566b47d38f7d0912d797ce4dd
7e40d6301a02ab5dfe7d5d3d2356b18d6aee6a2c	c4b0596ac65d13cb2422ae2588e68fe3dd86d9af
8b73c047afb1c0e126e5c42e651b9da36f15d5e9	2b01feca6236dda595c1a3f8df8e41b192c8566a
4d71317332268097633ccde31255078b419d77bc	6c1e0c7953099c5665e373fd5e7b6d8024e6971e
4a368db7fd4340a29cd61afe59495a2bec9d5abd	31c8efb01c838ed4dce78e0531a36ba8c7a5dd9d
1fe04a0fe2cf17eab860c61283e61bad7eee91ec	22a5d4f5ff0e5e22a0ebe800617b70899745567f
d07cc7f34f7ba725bc45b19332f9aa1306e9cd91	80919b6c4048f271cf184207d20af97b65449376
67156aa7e0d864af7a88687858e6ba60fb275d4f	64d31d707904ab4ff76814b76e126d21474e6021
592fe88875fded2d8494de1fa8e9886df50c7bc7	af1daffcf2d39ef267de3610e138bbab9622c01a
b12d455cc16a126c72fc1216799fa694bb28ab7c	e7150d06a4931011dfe61b4e77ca339b0e07dafb
835dfa6e145fa4d19f51e3eca61688980680beb8	3fee2062e50619c5a033683b47521512509db078
d2d44f7d337e30a01d0503ff8473566dbc6e8881	52507e752328158c50ac2dd04adf380c94ab07ef
06e3cf83181eddaaacf347153134bb41ea56b7f7	e9d0210890bdfdd09a6ed79b1ba809a525116bd5
7edc9fd63258f69d700403e44c70a4fbefb5925a	98ced3fbdd3f6310e468998e3dcaad701b5c88b7
ffb41a7c22a682bb7ebfff24e95b635ac77ca7cd	a7cfdeb99614f6fe4c66925a7edc12d3bc8376aa
4b404d648fb2113fcbb6c8cc88a07ab707caab6d	ed2d2b67f9ff1104bfad09527c1229010ee06def
1ac1b1d60d278fde6760cf376a82c59c801464b6	1834991a0181e74150db07e3bd1ac2a65a41eca4
0e106f96d9d4767bb892c3bf660468c2df349932	3b7bb9d4528c35eeda0f18be6d85ba32b3f50991
bdcd47e5e66e63ebd90e7ea1a15a59db7ada2cb9	d85ca8f4145c85daf06c4f71dfded744723b9a4a
3cbd26e19cc459bef8cd25dd878379cf0cd2979a	e642646d99791108311f2b49e2cdc63afd8f5e30
c4864250f21b54d1fe51984728604965a80f558a	0fb9bc2a889d81ae0b3d70557c610b1b678681bb
f28ba2ae68619395fd54506d92a1cec59ad21e65	31ad2893d12e7a6509ebf47f3f84480942cd2b6f
6dfcc982fe04cb6a3d4c3307bcb293809a7ca2bf	63a83a5c6c662759a132f60ec32221e180ca6446
1104ba8b00ac9fa678d0e7f04e7f8aef2fbcc2b5	ba58cb017df21af19b8b457cf726ae69a77abc4b
a2c2916c5bc34171c758fbbc44c56dc060563042	9ec24806cc646919e0178e826ec735a1d4b0eb73
216572d402634711137df2d2b692c9a11a424af0	25f83ffc749a6db17ea4595b3ed9b3a514af2609
c3619b6cd20bf2b6e8c25e9281b03da910e17e31	861a229c24280046a99d15f3e6f0cfb4ce313071
7551a22057d6dbbab35cdcbca7109749f1878e03	d0ade5839e40f65c3e7c8f2e179ce08aee5e8bc9
0e839ef922d36358e07eef8d87eb2b17d2dff4ca	7b8176cd84ad27f4a2c8eee82b5a05bb417d8937
744266c5060b93f2d2e8806525e808b01c160290	aff271f5f5f52aa70a58d08511aaf6a4cf5ab383
ef5c5edf9c3204326696cb6e0e0886994b4d75ea	b5b4a9aae1684430885e77ba18a9670ab8d558bf
8a20a63734f3095a294c6481fbea1ae865d20640	a5dcbb9c3384065001a2945b1467a34a2522e1af
dbf7973481b003f56ebd45c4db272251e5314b62	1cc7b50304b512816cb50662372abbcb95d23d52
16180f497981e48a1bb49f3160353c3f78eecd81	727b6c9b62d4564bac6e5adb66198e2ade754b6f
b460a63ebf0916b305c88a0cafe054e23d62e606	cf6a9fa4b008fbfbd28a37cd7e296cd24c340195
a95dcb10f5a356fc40735b2b3417700ab5aed626	f01b8ec494151c8ececa721d3a62a7e4aa05f001
0fd914be0ed5e69dc09089250b71194820e0315a	63d2e12a609c114b27b8e193b9741065e13a1eca
4ab1e6f25831e5af14d0d2123780f6d13a267581	2b1195ec7fa92e2c8521352eda6db997439ebc0b
968858d547bc62f5b2030e7692169977aed84882	8dfabc83c644735ccb7ff66ad473ed2d254d2e02
c1fe989c8a16077fe3bc996e02fc27a07b04a481	71bc74697a4110e9b8f4a9ec459438c32468ac07
2e5138772d598b0b6202640c91f05e4dce3e58c2	eba2e4d54798792fea785206a0d0db8ca7e721b1
fccde4965aeaf85720c70ec6485cd9b324930ceb	3d3ac00a63dd72d52832f81338a707f52264b273
03d6c87e895a7b8592f7663986bcdaaa28a20f8e	c14b710a0484e66b6aa308c5511d6b1dbdacf3e0
db79ca654ad03b88927b98f1116054dc2ab9e119	a71976da1ec545baa1b7565a5970860bbdb7c1f8
6e35b045b2e14d037e6d1bc2412229357de041d5	90203a35b536bae3370ebffcf49eeeee7882ddfa
e15ce1efe3145264e12c401a21cea1994c5e4f3a	7d951ce80a1c1f9f32a7bac406af41b3272cbe18
f69d0dd8069bf446dba3275f37794c3eebb438cb	1a9471038425587c3d0341892a7a86e6b34f40dd
7c8d6996c08818f3c52977d9baa834851289e03f	9a5884849a53e25b81495b9f1f329c862fbe6b67
13cec2bbb06bb69208708e0d09b2a3d34b2e6300	63276b012da5a49ffd516fd6d6341cfe7dec0c85
4e899f2c0f27f63f4837d3a380c4ab5901a71da1	7b48456e3b77c544fd3c3b5cd9b1fec1f8efed90
1761b247d7ff8f4e13b175ed97f74ffe95df45f6	cc5bbd0fb3d51309ca8b1e9a105ca041e072b8de
2b887304a7067111881d76a85dceeb89ff299336	773d84f30899eae23f1ee0aa02c753d56d8315d6
ac27f2334e28fa4b058c2be54f7346968a2a44d7	99316f8b1b435b3cad30b4361a43a461e8e3c5f1
54850149edb2085c8473f884c58602b2e330175c	a1169ef7fcb1cf05875ba8241f2a8faa839a208a
790d3c368628fd3e54c9ab10dd0a6bb13bf46922	f6ff74f22cc16830d297b56b8dba999753b80f0f
757c32818f38f5059e6b3d2d527a8de0cc4eaa97	b6e98658eeacb80bc3aad2c2437268c603bd4d4d
1edf5f9d3c6a886f92adfcf42e36c3388be96be9	d3cd931e2a74e606ed4a22d03aa8bdb3e74eefc2
24cc0179943a4e5422fbb1cd6bc761aca4820479	ed300ac82de79f84d9a348273fe36680c9b5b8e2
57727122a0d92a03e60211b5d529ba431e6b64b0	dbbe2e66b25362c5f9a3457c58754d8331043afe
c97f702dde3fd8461787a528ed4b6a93b25a22d0	e1ec25d6bb775f373b74948627dc7227e022871a
2f5c2cb363e08c77a6c2a4b8a1a5134dbb7b059e	96324fac9589e89df5e483bf13ddb10a33fd4cdb
6b9045bb5ead6f31c6e60656e29892e75cf04df9	f954f93915fce27f8f26a483f158415a9a6b79a0
db55031c39454d11829c50b5b1ac2c2dcbb59c58	446e6eb99ff0c3b6402f4fb909e44f2c9e2937fc
07088fab5bbbfb260e2587bb20e9f758f561a9e1	f26040400f952148046a135de5563ad45b798ccd
7e4f065fe89d9bf7587bfe8065f1e200dbe45448	c1b20148d161cf54c382f4ede37317c9dad19668
dcb5fb4c97ec72ea14ba7cff3b2472594ee4034c	943c74ff5df648d63096741b5b18783fe5196f51
725eca38743efaf1d640e39ac0bfe420545007bb	8157e7a8a8a17fe2e38f8b02d88cdb7e45457568
422fbfec1b4ab744cd4b3ec00c78e8c331282bc6	42f456f171a162b7c45fb950551a3b2df2305fd5
f0b29d62dcb04d4409a57443daee0663899ea499	4dfb0453d50147e555874c2c2841ebb3078b59ee
09cf52085e6a0f72f91c9c52a891a0ece2ebad87	dfe11c76a62e42d7e39a2661eef82c2c543b64b9
afcf64c6b07a2224c0ceceb64bab431cf73f842f	03bc3b4950c8d2538dd10edd4bf8eb20b73c003c
627d33fc436e02a23e442d2dcaf0a1e7a17375f4	9635d50242c248f30eff32e49b793cd92448da4b
5b6c410d909e1b22d3fea121a8503cf014c642a9	5d4b245b3c44ddf342a1a9d8f2513175fd4cd07f
ae4e9dd0878ba8d89ed47c081846137e0bb578a5	8ccf403a37a3e0d24af4c92b10b565c1632b073e
08b362ecdce1084b538ca03df5d518f5a99cae27	79fcf54ec9bc2c0e192c6b9d2f666683a27c0ead
e9683ad5eb62b6ae1527c4001cad23bc5ac4b88a	3226a91898e5056231215092d35be413c6ca473e
351717b69d97f420a67b4eb5996d0bdab6b7049b	50e35c3ea56be43c798268dacf03cd7fba8bf275
316f6bb8f6422b7849e003ecd96c5b4c468a2919	495b16d2dd9c2b86f1526112a03bf5a2a896285f
a7148363c3864322482c756218070357dbe4e862	c7db3bea270d0aa311f2756deb880b3f63004bc6
b36b4956ace3c45bbcf283b0e0fa38db580548ff	23a4b68002d5b2768ccfe7cb98aae4950bf31d42
c8fc1074d01e598195c74098e6f59f9869be2ec7	07132aa98acf88dec22625b340dd671311646d34
34099cb143685ea0de52f45e48c1d6ab3c74be44	3ffffa972237e841e7536061bf184713d29cf901
a0e5ec122f916920690b47446189d1f47d651f45	8f4bb379ed3423210675920addcf18a59dfef670
ee7e18aaa812ae5bece768803b6904830179b362	b02d8ac6f90d70cb823cea1e581ef89148aa7966
2426e9ce2985d90a56777b9cb5246c9fa123ea84	4457899d2464fcdd2fe7dfeb0266fa57edf294bf
82f9915c8a6703d514e9c0d7256f9cdaf38578ea	548346d515b643e377846423f0ee368c10c0c321
33ba633ff31c411a4d47412ca7850bad1dbf5e86	bd2d75e510e921aab827dcedc240ac874bd5018f
13f24218ca69cc924a252ce0fee94e560e192fa0	43fc8edd5825b20cc9ff816ba0846890ec0d0138
900dd518a888715f9f2d6496a32381932705b0b1	336974b8eac990d31f36106398a8b13c349e9d25
cabbd9316e65157fdd8ffbd99ec7bd7a98b5df4f	9124c918ad52894405a9c11abdfd82f83450afaa
ee1d4d94730740d3847cfa79d9e46889ae3e000d	bfced8761b6e71d98b8f8857cfa5025029a18a10
cdbe951661583aa0cf4df341e7662a874383483d	8666e93db5ce22be452af2a2cc5e5b8f31a760e6
e09a70939c3a23d18e9652e4875c6975d4765073	674f0caeb5b7902dbf0710bd5bb4794e6cf6ab3a
319285c2e4f0a45dd158120fbf483cf8c658e23b	e4e6121383d4b87558a958896d14a830ccba38d6
a50f266abe726f46b80e033b9b957dcb755aea8a	3f6546f570acb38e4d640b78e0fe9a56918f22f6
2d57191eb1d4043bda31ffc920e60973307e24d7	b826897bbbf5e023a95c8b38c8955ca0ea144e93
452722a6ed3e947d931daf947478f33f9843ca7b	9b3f5a1c1b1872126939b895c0434c6b3f3c910f
25839a1b2c84ec90632f205c254eb803a056bd8e	00e48fc72e50439393cde00d6e1a4ce935171f0f
6b75cb0c7822ecb7a7860d09233fbb957953061b	6d8401be3742048aacfa07c95f1300c409ed1a08
f78f910277b1ffce2d8e5a1a48b4a3b992666e3d	00d5f89554fdfbeed13ba23ac5a87e8cbe036e70
e576a7c255a6cc3bb21845f5021aebc6e23c9fa8	55fcc5b115aa01137a27588bb48ea1be98148431
e3f973306484961f6c477256d00c16818aeceff9	dda25356b2115b2b915af15faf0ecb6b731037dc
010959dc57ab71d2e9f7d36a98452497bd6882a2	c229a88e47d7ae409e81e58340666bbce0529905
46efd518c2efdee0fd7d069808d5b45c2489416d	eda2e73b1eac9b32093ed125320fa4b6123731eb
2dda3029780858edec211b5f42f503bc7bfcac99	e585728087bc005409fe4bb277b89ceeab152300
1debdf201cd4266f6ff14fa6e33deaa46d50763e	ddc5855ffd4b768cdc55975efc7474c0c00ba13f
84f3f6ad80a4ab9669f03961905190370b29937f	ccb2d4a8094f9792fdb7625f31dbe28131f92a3c
d0c339cadc142241fb9bf92b28cf2b5a82af5ff1	c8a881da2335841186362722836781a5aa4517fa
42efca39fed955dbc46f1ce3cf1d05d33dee0767	65ef323dffaf88d2aa99ba3b34396ffa173d7899
0c09da7069d05ad5da4872d75f7511b55152b7a9	fcc041c86a1c4739700acb656bb8c3a941b7198f
db3aea8c192eb78b34aa067ccd98325ba62e7399	573ea2db1785edcf8df28d2177e92c03d326d1a7
fdb6ca49aa68256d1990b7c3bad1a2e959ca1088	c220d76968b8ea027ff3fb1e08b822cd1e7d4994
c55fa68eec837c0060cdce05be8aacd9bb8dfb7c	bd1b4f8ec2911b0ed0667ed58a0145e5a7a64dc0
479fe230d336df8833321a81e955b8209e39b78a	5d896ba90d689e877c17cd74f1e2dfb9f1d003bd
bc0fdf44f4d1eb7aea1fd88139a552b0d9617093	ebeab581b1863aeeadf6641a37435fdc1b3046e7
36950e12603a90f8494b576e424d07d931af219d	ed3f8d36c1d77a5198efd6674d2b3cd06a75126c
fec4fbd77113a60fb89cb82b0b3d350c3892a74e	ff2dbac02d06ff6d82586c8b60f6c19a09062621
99eee17496fe3801f43f7bd44bf66fa44951830d	524e6ff1053d0cce38c4dfc2a2c79db706a3020d
3738f315a7d16845dec0d0d50f15b735abe7a36d	afd3c811b937742fc973c4bf18f05cca36178201
038a404111736af8687daf2f65db440212ca9cfe	d18518cd9ab3665951717b0308bdbabb4e91202e
b6074dd2e1bdfd9cc01d5b8287e39e4811acdff5	8ceed6970713d8d4d05ce8af6898659166ee54cc
d723cee43a7619484ccf10fc2078cea1fa71d693	0fff55a25493b8c905e53dfae43e9fb2aaf65ce7
dfa64d2c0a365aec544bee5c7d7d07bebc7bc319	348d69f8aa4c700550901c031e474b1e990405e2
6e75b5b2569f60475d00971d78d3cbaca517fb4a	8d135443214e03cce0461a629b171dcef2484baf
f8d66f9a3eef56935bcf7a3d1d2c3137327e8f12	dd15f8f75cadfb594a78193b3d0a7b5ee49f7ae7
9277ccd986a2e02b97db606e5e2f4ac1a17863d9	f790dc69221731aa67184ebfba19c5b71783465b
a7840357df20d11ebc473334ba083b270a760015	b02f716d54d913e9b49c22ff19da5ed9e1c18e0f
1d3c55e6f917cddc6d83b85dba3b9e898290ce46	30c7acfff8dc06ba246b2059803eb052fe378df9
6d258f9fe5d2c0ea984b5b03f25f2692239a5724	141aa7e3dfcbd758b0dd20fadf33717c0f2132ec
b2f97216dcc710834163ca1315e3f4b5fe135e14	0dbbcb5ec46d395a7475efd7aec1a7a92ec8226c
44e21fbc6f1b818418789c0e1fa4231b37f0ada2	7fc6300bac788223954d82143f9a2d64a9650167
d42d6296c25635abf3a031352fcf1d1721e2f95c	2f6a0cfa2df6fb3dbe8167312021c2c827985dcf
c927fada9354f496e2fcd7ffe2a66b849ca42434	c32fbbe59749d41822e028aeede629b71bdc6a7b
f1d346bf9f138759139153b6178c9a070ff01ab5	f2fbee73c06bd2c48d3316cacbd1434d38f572f3
aa404accc3b9f5de5da419ceb108534d36498084	f51d55eeaef43f20f54bbdc398c49c47ad74e9e1
3a505e50131e6c8777b07e5a85c1f32445856037	99d760a35eb155511c8f96e975199e88d5bfb101
afacca0e973a1e3703e7e9f06e9c4f5d4b21d4dd	11903ef39145cfa9cb7d988c533ee5c2f4472a62
66bfc2acda95dfec0213c26a43975e6078cd9249	8c95aa7e6256e55fcbad3e0c98a20a7386f1c0c5
f9ab9ac2c7ccf98154977cccb204fe4a04d3c5e7	40b82f9af1e8e027aa66f6de5f37ae14ed65e037
096437368970dbe4c3a56d1b960d2d8ac3f5ee5d	0453f2192788ab5ff01da1eac033cc47724dd953
f42e64033234e11b48689ea498c29b44e4265ca6	fd0399594424804cfd20cf9bf28a9dbf4dfb23fe
6c24fc32f2edbffc6724e46308d36c88ba65c591	7fa9c988d45e119e4649628a5c506866568fc661
b8a57c46701c4ed1819e947c9544f053cd8d5620	e216dcbe4fc45a9bba5fbd16180815bd1377417f
062a66bbcdee4ac4fc71b0a8ad783a3a6cb50a54	c25095626cb8a2669a25253e327ff0eae91292ad
03cfabc9f39e40de907bfb33f4431e5880e557e8	0b8ef60afddbfcce2669f61bc4b437eb68c5426b
34b1287ce6a3669698c27edeb9b1ad8a5a37df6a	a9158bed97538b033ad2f8632241c3fa9f33753f
628cce366270e8fe7369c3a7bbf1bbd6c1f974ec	303e1e5ffeb07fdee3de9246665c97b2effe36e7
f2aa09f8d91d4ab3f6f093eee6366d8073b67ce1	237d2ca56ac851f862da06297a1b5dcdb31b2b25
22d83d097e710983689ca033af88264481f6c947	5e3d6f1f9d48d7ad74766b7aa3e3367cd708d7f6
e955ef15c077918bbf7c66a5e8a2d0ed773ba33f	51a3262cb3d736bab96882e50dfb7140ca1eb622
0e0738ce553886d996a0502fc8badabd90f31047	3bff5824a497df784f9e13a643952b1c6ecd124d
2f1253643fd734803b342d05bb76f02b4a41afe5	27b74cce51e0c4833c8b02335a1e897b4e873793
dfbdd5d2c82a8aec43ebd3594647b8e7de29f0a2	444e85e75f9640f1a30bced88aa9902fdb87e87b
89a001db94c871b7a12458c204969e97a060cc5e	deac0275011dcbe3d1b32615e01cf803a7e017b1
30808699441286b9bc2708a6863a249d9fa4cedf	f64091d4697e68c0ddee595524ee8e17b82b752a
0b3264ac7c9c800ea9b07a86e334d76f8905d46b	da9929cc8602d4a76ab158cceecba1c8ed9d1daf
d0a4a58f9a3e94c15c6b5ebe403b637fe2f53f65	e58a0c6871209743ccf93824a123ead04744b25b
82c989a346361ca53d284076bf65ac11be95c3dc	2c666be331e563a8f21f1915296a922e9aa564d3
c3c056afc13c09cb2909d0057963ccf7ec0e32db	af17bb5161b3ca31e51fdfeb23b8ef77fd2dd737
5f2e9caf1678596a75fed5ad3685bc6167eaff28	967377fdde363a85b0cf998f250b341223b2f89e
70f1b2cfd2572a886d09f890989340bbda6e9bee	ee9c01eed4e675e2e282face995d3e8689e47a1a
afeb0ccd041db6fe95a3bebc62dc458954bf0798	02b4c072abd802983796aacc6940b4ec4d65fc59
94f02ee2204e7cd189708cefd8fc7a0d295d31fe	049e255d12e661c32f2c07cc56033c3df154ec4a
11a85b16ab8b0ee2d3cdf59810216755faef0c48	07c7ac8dab6e2fb469312ded2840d1dd3d5647cd
504af9282b8ae21824f67a5b6c9b2e362796b3e3	9cf6ea58d77411a71d32efdd09245ad6dee8119f
bc4dc01829911e3a89211d9a4147fc4cf31e26b5	9ad09d95bbf4ec61f475a510d6ba17b0ad53f255
0228044fc60fc2120e0cc359d045d58eeccb1c47	dc72db33bf79be3aec2b1fd556a3a2f6f54332a4
90e95e9a86f338e9cc85b6ad1f962ab9eb3681a4	fc33d5032812eceef7488ac53b55f67a1389519d
6601ecf0f27b881e0045b415be6fbe87d5249263	03b82303aca4fdad6d9e5905f019130801fa088e
1edfbccb372fdbdb7a2a570e7947c9aab11991f7	b8433678e37f45105f783106f501b1248a793c6a
b2a9921d34185823f93f521cfcb8d71d6fabaf57	5161b3aa3225a8410d1c85ca230cebbe521cb993
b3bcea41d309657cb423a969fc6c53ef8671ccd6	3ccea338948b55502e399f8aec6fa927e4a65100
8fa0b10881ae16eb978c962a8f3f92a124e07e56	32dafae17092c8ba7d76a084353192344e238686
d5ee0a99e603721950bbc9f8da789f3e287b1dd5	612efb1da06d1580685b73432b7c3c9415f4170c
1397f6c8b9a5fdb6b2668a30293dccf0d6f0daa5	2b407b7c1d51e5f505db0247851c89eeeae83d03
7ff80e1fbcf3a8380348a67814ce0bca02341b99	35416cc59bb087a4d2e779464b5fe1913ce6a753
1503fbd63b77e7683d39fb1a7ecd8080e1b76d77	65051275f814cb86a51e94a65438ea3ec79ab229
558994022cdbf2764e2ac1e38acac8b8b7c3d7f1	6197e02a3ed72f9a1b6682c7122908bde6fa6700
ab6c7305754c61c45c21ea0f14b57df46ce003f5	97f8b8f18cc6a057b87aeaf10d5eeb81a8225afa
ebdf591315cd2531adb0ec82cf6ef835dbb94bcc	ec5366d655df3172a82d79ce17a5d6e8fe63144f
7790e6b8e36b4d73ce73196a71c0d62abaa712e4	4f5db1c48b92e3b4c5714f07078fc16bda9b0c6c
daa22581e3eda479f2579f8d27e92bba1a1a37b1	c74157388e224083c4a444547e9b64bcc2db5956
313d2c8564a79a12137a752ecb4bb0469ae6cfcf	7c5bc3b3346c9b2a4ee3cca03560ee951527091b
befbd5729cd6f506b44058bc9aad3e16fc566245	f776b635ed0c7b64b216f614cce9bb0398b64954
ac8b0017bd32ae1a1b64fd79fb5beca0f3a5a3f5	e0a75444008e04ea3d42fcb05917fd12e75fb987
ab4c99ec64e782c08cec8b8c91eb5589f7725739	4a90cf9d672fd9757400e008dfb8b428a3610a7b
629d0b4df0d64f30a5e92a14793d9251bf491abb	093943867b9a4f0984376d947ec138bf45556ccf
85595d750eb66a5c4147319a53714bba70efa585	b92c8f1cef973b84a84f0dd2f52be7ed0c5eedcb
9d1fb746f5eb380d561aaf59a5555645c9914d9b	1bfd52047c36c1fbc4a55679b953aad64fe956df
b4b2ea95037d6f4e8c7942ba67133d89d92a1897	34d2958489074f909c7170bd8c3ebabc53607ae5
1c6e0bb56917cd75118a1480b0c1477a76fffbc8	e64c7c1d2b3c2aab61eeeb50067b25e29ba7d4e6
8dd919296d0ef034cddaf89535d6a9e35208e481	863fda87ae0a7f13c1ad1f05d5052ca1198a9356
bfd360fe02dce00c95578e16beaa657f2c6b3733	774451c54bc0cb90335706cc7864e7b6cda252ed
76d0261beccdd318702f1180ededf87ae6a6c501	36f1c5cb45efe6a797df07ebf7b8af393941e54f
53fbb7218da4cf8d640dcb6a57217cc435308ca7	e19a3668ddf7f54afab85f21b7ba3d605e72ad2c
e2268b96cbe0103e93e962554e8f9cfd386b0588	0671912f184e92fe4e1a29e914a1706fb864f949
9d5359181017a7fdcdff68743fd194664ce8c082	422a37f768e512835e86f763daa848267c4196bd
682010de0617a4077d0067d9c3f79af7e9f8f93d	e21cac59700c66d8fc46f7213e58dac1da5b75a6
9958d75ba8c54cb38f1a68b4c62d86a821a1a230	86596ecb278f8634b2dc34f29d472081c04f2a59
1b937a83ba97186e1ebf7376ab09d47e0ab00542	ca7dc306782f7c13b4843bb43cdda72552b3f1c5
847c7e6ec3a0b5b44d87eca8b8c7726ba9ec2969	0a294fc9d1037512ea5859086556428b35b75122
6ce4973f0dfb0fc00485caf46b01a84060e8eb0c	be98bdff42df749957d84e1a536046a7d3c2a562
3cace5e1415c33a55953bee780b7933b0d67c918	79f8ad4e0a3b8da0829681bca4582071e5d8e10f
949fd229b2015adb898968d0390fa91860ac6a9b	e1260fda76a854f4625a467ec5501216d01676ad
79b07635b3258545f866d268aa46272e3ba26271	f708bd22e5aeb846fed6b803135a89c3d25ca7cf
e00a62aa7592ccbdf51127618d9a4b31480593f1	66aa7c4d8e09c63b666e3c61060ea95699c9b162
947600c3a2a8318bfca635c6badd5fec849ebe9b	87e8db74d9f41f1bc78b5110d852d8a4f4f00d49
79fd1c359e0d71d456e45cde6916ad3ce307edea	3d91431253872ba9147e9e09b7ac3e29f5d939b4
0497be2c212c9d58d4290d923d9cf513ac962727	770ee73e9677392752649a7dc09cfb4786490137
96e73ec43f3fff68e8faf7e46996966be5b5170d	da18429fadad5760b6af941d626cb0dcf65c9791
9f855c1b8113566752cfe4ac03a2108b4ac7494d	fdbedd0522a48b2fb908a32d601a41432d0ce581
4cca068a37c23137d43e784769ad6f31da7280cb	8a775d2333d166f18581e3710bba359742ad775a
23be01907b998db82ea50dd07cccff6390c7daf3	6fe69096d897be0d2852345237dfc3ccc0046ae9
e0e7a2d173b70abaf9fae7e2526b8d9e60542d5c	3e7eafe2418c822a67153420c46ec9d7667dbee7
9b635099e77afdb0b5c631103e72607d1dd00bc4	2e53e57d61af06a92083aba2112f20b235bd13a0
771be8ff751fdc8e2fdc2be5df9a0df36b3e5bfc	24ac353cce6c9c516dfc417a1b44a152de3613f7
6444435537eeb81066cab1a50b63622fa2615d0e	e503e56ef87a7663e08ec4a0d44220db94720f63
f9d3be1be15a751f60038d6edbf16a5bee75e61f	7d14045b7f720e23069be43db61d4259176de67b
50b10f14940227f7fb41fe8f5c8dda826df5fcd4	f3ca59a990e56838f5c7561d95bf50c5f66a958d
33cc42baa896deb076042bf8003f3b0460b0ecc3	33b6c4fccf5215877b55760decb368002898e497
ad48450e4b45ca0524a33a368e35520f6cbc9e55	44169238203dace3d0d6c44e6f4d8083371c12c0
9d3f4a120eb98d4f0d7f46b49a0a41af67b6d032	6851d03760a0e9369f05ecd1458612c6f475e572
d0ea68ac0ef650aa16ffa72b8bfc96b0551045e1	dfd1c4aac38dc660709a77681c7c080ff8ba403e
909d5bf25bc0b82243f1cdee8e1748a9ef61f2f2	dfeb3d197e5fca236bb9e54d3844126d8505a7d3
9aa6a39d1dc849924640f9244ec9ffd84ef5632f	03ed42d66735f7fb369f86c544030811b1b7cf96
b4bbebc8ea235001defd2062a113b45db29122e2	8d29d6389c16adbf926104f5c7299bf64cc156ff
c4e0883240cfd930cf221794cf184be90c356b1d	6b7f14e241c52edad90ddf59ad6d73071c21c517
d20b202a56f8185d843587411735f25ba6593361	6af90ba13b46667f8db6c559892eb01f4c1bca66
02a2d8eb57dd8ae8b7b4335bd382c1e16c6139be	6b647fc1d6567fc8a17d2c9cf259929def08428d
a36fc7b80329191b57ec67bf24ac2c50b0f99a2d	159f3023ef8b0c446b48a6b7f8dcef92c949e4b5
cae9668cd317c345c5d6ea631f87f4aa36703f1e	56a414b98a0fbc25c44563dc4098d55b4451abf6
2d0d2fa69821f657314f6788e7008bbdcc4d7a20	103525aae2e41381a99f43375dc3dd42fe15894d
94df40b790111c950c06c751a1687d213e95c674	fc3232ea223e9f325fd8c33b349c5d7fdcd7a1c6
9ca32f8bd20c550ca73ce1eb08bc6def6cae90ea	c3d6e5ce4fca46647fdce679a6d6f90337202d8f
2bb9f20d2ce4c880bab8f761e04112143ec06c8b	e4bd93bcf4d6827601007cf1736cd6ebf238f80e
f43d3f23ab2d723c19c37d9fe2c501abcdd082c6	a5bacfba68486484fa69f768c4319e56b84b750b
f4a88a39f90d8c4368c3653c13dcc52f8b0a9fb5	7ec3826554ca7d4a0fc126bb6d6f731ce948854b
cc86f6b0e2858e691ada526309299f1f47d1d462	60b20b7ef7b546d0567459899943b5de3c5cd946
c86f24055fe23c1861cf5d607e53bafa76f4bb60	4bb435a5511129c754bf09b6e6165022fd1f3ed1
806d0934c210887a4227d7402b309b1796bced1f	eff1e8b17baabf3b513983e8ba7dac441643fb22
9615836987bfacccd3277d51246c0f86a6f7483e	316e18993c78e8918c1673ad46db304c04c6d672
e9737bee09b2bcb8b4fff006eb03af5771c215bd	ada11caf9cdb578734bbad4143e0c7e98e555aac
c8d86705483afcbec77ca0d7670776f8791585c0	3793735ec90d7e6340d05637d66b61109b77cafc
33d48c9a2df0995caf39f35b4ad123a80421a13c	6a5cadd09b986077bded0e16c0039e33f7ed3176
9716ec216b3a8ac1ba55b31d82f0c1d3de3fce64	b0bd99d6c42d8d8ec4c8b5c21ec6f4063a8ed244
1ecca9849e15f5ba89cea73991a4878365e43d49	dbfa54190a0f14e9fede2b51e95c342b09b7a0a5
944f30dda238e45f23ac8b8310c55ae6aac9c432	4891876cf9975098bde46c0261cb5b1887c646c1
e292b8d81b2e2a1fda4aa3930bed9e47dc90e632	6a748a7e0b64764b892a26b4a6819451da4fe210
affcca9b234ffa069a5de050ca01ee3c6b761c9f	7b49b577633eb10cb156ce750337748666837e23
d97b5509f2dbc09276d760f056003ac475e411e9	f3f1cd8e2f40b768a4f1c02e661a73c3d68b5258
2f19aea498aa5bcb5e463c8af1c9b9519c184e70	d7c21331ed35e68a657c2142821be7b1fce61198
f6a85ba431cece7a122830c87bc448c360bb44ed	d8d7d7b9becdccada521410c8d7803c68bcf4ead
6e1af2fd7dbbf880ce019adc07705515c9a70051	0eea55ca83f23b5bb0ab65b49d2626e4d39be552
820f779178ace2bd60e4a72d1854b8b28c9d9788	890fd46a18529fc08de074c8a34b3fc4d9b4fd0c
ccc020c4fb8a1960d6546c19d09ee9dc6169e687	3a337bf48c6418ff2427a37809255b34c8219db3
84df616caa8f3a0af8c4dd38b52decc117baaaf6	007a6ffd0614d371eb95e9bcf905bee549a80ef3
1725988c3b64dc88caac8b3ab497ac14385f6ac8	9af7ec8a640e2ea1c895ef25b61955c5305db91b
b6eb43d67be30b3893c59bed83fcda15796faaeb	b197b4125a078643155ab0712af70ea74ee58352
5fcb7ca5e61b21660c1f4c210951fffb7a013f06	bb69a1b3aabaa938e18e43d5198f0860fdc4af76
20fbe753760ec80a2233c6cee1414bee009939de	771f85cd7930df4897590507a87065b2c1fa9be1
6370f53116f37f37450c970d54cc6f7de231b410	c73811005a2988d273bae8e8f31dfdf7d16336f4
b199ca436ad8eb5618d116912818020e4216c8e5	db2af2661a6909328dcae7d7e70188f3d8345b97
d9cb06743d4e134b5c4642bcdfcf461219bd316b	9e3c4a698302354958eebf8e2a8576fab73e772a
ad62a595d116d0f0b64c1024945066a381d94d54	cea5a6dd49a0ce4a28a6e467558153dd91c7fdb5
3755c1d0e2e91ff28a1a3e1ed175d297ae2a7b21	f043c20405c152dc9555566a99216959fe6e15fd
863974f47a412210ebedc35090430004457a2ecb	8ad89440d54d1ad4db8ffd0405a7ad9fe67b2ee6
bc438ab3f4745b907e0c04425aa8aa36358a19af	78e807d05a6de15f8a30de5cb66d6d8bc368b5f8
e539fc0f2e9a9920eb5a503394913f3ee3e61903	11382c39b1ba571a4b8f71cb9f5d95c8d77c353d
cbe3e3f44ef99bedc44fe5e7478780f4a1afcc0b	de56d23f59f0ea2d67b222235defb72e59acc38c
a0af28779ff4a3204a8e37c0bead69079395fe97	f700cebda5181869aca100bbe07fb294c14926a2
aa664d3fe7c39d465b4b7fa6ace1cc6e79f19a2c	30031d1defb228423c09dd8a56439b179b4318d2
991d7e1f07a1a4517c91687c9e6da9d064b52c0f	4db4a6844c1a1d943fe45e4141b507c53b091114
aa6229b6bf74012f915aaa6f73f481b140f27881	f527b06a8bc0c0b8d6f866a9d47e221efc5f1c9c
a9fccfcd620d1c465d8f61c5d26041030232cc80	2aa45271f41d46a29f54218daa3b24093beb79ae
efe926896dcc7f3b6c0910aaf44a3b571070d739	276d7a68062a7a2203200fdbfb8121ade1254366
bd6541d84e01f1b7930689f17a24b1dbe89cb282	e89484af9bff3a57ac578e3217cce52a73b03731
fb81e79f983d058aabdfc1b1a6694b08bf21ca78	aea16cd0f01adbbe9ec40df4bdb575b3c6601f7a
89c768595a1a42594f21bcd1d409deb3b780542d	5da6a22338d0cb434f84d353f6d98beeebf076ba
edafa772ab19f3df00cde2968d4741be9a88ac08	921fdc0e6985f8e6884f1193d8bbbebaa6977176
42add681743b9de0c3fbfcdb338d139ad8d00bb0	0cf8cf18a5bb2de530ec4184e6bf553e5b7bb8f7
835a09b0a35f2f567c146d164f08cbb72ed15e36	f72c03cf9f15b75e91086fb304a07749d1f58ac2
a39b02a64ada36054971608fd160646dcfe1981a	84725058e89402dc65381e15b1e12a6c65f344eb
29a2811dd20a8243c3fef3259f3ed9de684e6b9b	87e30ad6ff29ab3d1ebcd14dbf18a623d346c289
499be5761e0a6e0b6adf35ca3d0d5991cdae1537	b8f5cb4c4b0077d76ff26132f3ea6f4079779d15
d918b4d10d34f605c061fcc91b2b709304ed28e9	621b1eea392c992c2c899007b441add628b3498c
ec97d07262d723f4712bf64bf5efb18c22c98319	5cdc5d9bde3591c81626991feefb12a34b9c2f9d
d8a2dbe24ccdcb9bd92369da6c856524ff62701f	ef57de0934013bfb51b967242e3b7733e0ff8994
99d1be38f1d05b739ef27fa84a5922ca9b66ed77	f67d24c706a5db9b7795ae16e2b8200878113e54
f74c936a247adceb1422714b5dd8817f15046bf2	5db46edf97dd3829f5f0f6e17fec280a18b393cd
44918246bd8d6db5693dcc7bba8889fa182a978b	8f83f79f1bb5530bf6e0740419769f1308ed39fd
eb42be4a31923768071652cb32cbffe00626c16c	70f2a99a01384181f4ab4ac80fc9f9af94dde778
a03f3be34efc204c43b110d9a68d12531f915df8	9ffc6483ce91dbb60ecc7d48bb02a2e728699bcb
30512c5659d12dbf7705a23a01d30db0aa958f36	f4bfa9d03b34ee7d4c2c619b78509a73b38b6612
d9b17ae52d71d0456433d89429635c8176f80a7e	5a6f008247b799896cc923c21965f43aad6dd007
8eb01609edb44ee1d8e784925a209cf5abc4bf4d	38c1b04a375881e8a88aafddb603ed5a01c20142
7759a42adc492251b71a63a0d295518fb480d53d	b4566495c2c2c04e1e47db0397fd9070e9b0fea5
38f984be5653b907f87af9a020496d66ec435989	8dfd0e47a799aeaf6384aac7a16ccb132d21f11e
2a32a9b1fb5bb9c37c94d8f108dc22fb0b581685	401579d1901feefa651884292f29509a27a435ee
ff50651c43f22941d8eb045c8dc9927cd486b345	93cbc122bda75b6c1dfa846c0772293e2fe7cbe6
e6ad49453231cd5a6527e9521ebbc43914840ad7	b39658b4ec8363c0f49c7ea1efb63a04eb45583d
1c525f3fdb91e375c45496aa5a364d83392c0fe1	0c0af238c9d85ad42799bdbcc3363504dd1eabbb
08f1ea87a13ad740e6db5d10d69a69c18318477d	bca59f744a9326e83ff102f1b7baaa3cf91f6e7c
82801facd4a65203fdb5c083813b8d8032b87700	9981d344c1ecfee95c267a3cb7b8cc43b31c0991
f9dfaee7c9d150ef015c582af2928ef893ca2585	4c7ccd2796b77b70e8f047e49e02e62f6ad33ed7
d2a62dc5847c8955bfebd482d162626345f591b8	f1a960a4642188169aaaf0c0a1c9bb78c0fcbadf
7e7bf68cd2fc26aeac552df8599a11d1658a842d	c1a62a79d104a679933a85bc6cfe7ba1951ea6b4
a6a4c2b2450fa50f5c7c17e2675f66afac79b30e	a65beed632495d7faf9913957404a66603eb2997
3d539bd4499bdb292fbd0ebef1929e316bb785dd	166bf60908696a18630ed31a87a0c153657a3370
a09f95f61f33dc41e1843444c86113275e91b708	4a9d5128f56d9c5ebddb913a7c20c88481fe8f67
951065019a9529808091c7e7f62d6f5f29e38ba9	3210ddeb422faecc33dca84ed5a5237b19cdebee
4a99d31b0f459570bda6161be50a5febeb69766a	463137707e5ed58106bb4f8ae519dc3b389b7890
ebf8a545194b8e8a6b8ce9ca683e9d69fd91a613	f8ccde4784684531ce05ae1ce66a36e174fb388e
5c4af5e7f843d57104cb7d431f3d76fa0289f169	bb7e9f88a1f4f4f8f7e6a9b83c06078339d23f15
2c929a20f43f87f3e4647e52148b292663b7d5e7	9451818aa477423cf47720d5d533345f24c9ecbc
b7a4317650f6e42fd667b3bd9d11c0dc4d2f763e	489179fca4170aa5e710c72a89860709ad09196d
73f07c17f7afba09431763b6ea9c09fa01d85faf	c78b42bad992138ddce773bbc598c6690ba39d4e
07cd662afd3e4b4ef47d301d6f42ae42cd02c4a5	75a2d46a865d698daf17dca8d39564f3db99802b
894a8175097642400381f36dcc3c8e102885d406	d9f070e86881d99bb4cc01a9a09d3cafbad02a53
e2b1b27fd26cbd2653ed46163ffdfb0ac39d3517	9369d34a94d03f7aadafd368fd14937f0879c467
63f44a0f797d20236af2c33a8418510f218d5e9c	017b098025c3f25eba8958643a9051ec97b489f9
c92e78ecceaeffbbdd01cb8b0eaaa30605cf5c4e	e5476d89939b4f285dd101202d59a54dff8a1c12
d03dae58f191dbff3a503eb4f969f609ea256132	6380548544e75f51fbd5462ad5ec4a61a4b2eb37
1bbc658d1e90a778022711f620e537891e285c4b	e0ef5eca422b7dc2d13d7a2c1d85541b7040dfb2
caf6c1d5e5b2c0f742b96097161d10ceb1abf7a4	83b74c7634a2da1da196fbd18f5eacc89e8fa758
8af2350c006148bb8aad18b3cef19147f8c8bf85	3610b2204a750c708c8e1482e27ba4773cbb7001
acaca8c15c2ca8bfcd505d08a28c34062be2de71	c6a507ced569eb7b9effce7590953657dfe00890
850778ff4259f142c31ba2bd3c17c5a5f8e31b01	ccffd1f1708292bfd7644bd91279718e70e4fd6d
f7b6e59d2d4a839bb68bbb5620566505f192f0fe	5aac74c28ebe1e6c3f8365b3a7b2daccb590404d
b04d252a1d3af6a1cf32eecc7cd2fdfca4e33d68	1066088a960881e64c4f041f77467e13ceea9e9d
6f9bf47cfc8b8fd48dfd039bb95e52fc15637dc0	be8565d3970bca9bcd447b3c734be50027348488
1fd136537250151353d10832e4d56be22ee3999a	c1b5f9f9d74afd00084ff0aee144c7b495de518a
6d964b9f8e6566ab8c537cc7938b8882775281e3	547ab2d8c07550452e4712c8037eed24a9963739
58b3f96f049d774066d2f34005e85495ce2bffff	6e261c622582f392a8dc1135c7b075b4c6811e19
d84e646bd40bc54a60d0e265f06826b6fbdb440a	7d4242e0bb2abb21a998a78b6ca05c30764dfad4
269684fefd8da61dbff48e274d5fa246c2e199e9	cfb3183dc9ec88560b7cc3e316c52c70c65284f4
37c25e9385131a11c196869043dbe99a63f55711	2e8aa254bf6432e2f13648603129429cd5de19e5
e4f0daa99ee0bc072412ad918d0b4d695a9c3966	bb28eceff530459059d57e26cb2d3078a93a7113
37043df9dfca5ce859f7e44440e46a15129246fc	5a03c0ed2fa1e43f04a2ee1d6ea1c6f952b23641
8d6dcb2d75c201e5eea5ceb540d1b84a12c956a1	308641d2da9bfcede715d9a6f0c8c31a35407009
75b03144b7f2e6bcd318bfce726bc78fe05f545f	edab190d0f7da9204ee0bb4638a02c35f37edc6e
146be1e29bbd3386d7bbd4f4cb948ac0993116af	dec1fd4f3667e0251f9a6b0ee32952c712a0293e
672a2fd30cb164a71e4c4d37d62391f31ab5e049	a2afd23b53c8c6de87f4a0a3ffd69b06b152283b
11be59191e25c027f5b33ffb514dc80489d9b086	2605e074531722dbded896081f41648e39336b75
a1b7aeab14c8ba89594131d98ee41dbb6e953cd6	44b69200157295a66540aad7c070b2b547d1e73f
f790328d89912c229877daa0a4ad275517f19361	730a74a304606afe20ca546fea0de14aa4901b2f
ad4f1aea9df3ae0974a6b3789b9304f92202ecf9	64790e227db754076d346eccf605b06d4bf86a3a
6ab01351deae7a85df9fb031c048c45694e0880f	af57ace1d16c26546c679296e5498ade53cae5da
549534f87d38f7daf45be60cbb41f9afe4d91ee9	3d50bc0a005408537fe04b72198cd6fed0d227ea
35ddae04a25502ddcee15532be058961941e73bc	154250219f72112de42c208b1fe7a7e40d968d37
4e794b41494f491120f983598d0cd2d3d360073c	51d7345d3c27504bb78781004fc7d376ff894007
9776fcbfd93cf4c9ca4a9bd8ba2f3b9b78311706	4d1da65217c161f6900f3b55cbbd98e3ca915b72
bbeb54b5b4e2f587000bffaafd2bef0a07e00ba6	1321b753bb391312eb863e5875137176864df010
4d3b351ea326e2253fc00112cb1abe70179b0bfa	3bdb6f1570bb3e6c8c5822fd79fc48a3422a51de
eb5abb01125bd40d655d951459ad9916e3e978cc	cd0e2cf12057fa591ec8b73a424f9e213007cf53
672b567f1dbdca5b0cb9e2302fda59bd8a310ef5	15ffa3b19fd92b4b8a2acae8c6bc8d2059fa6125
2ccce447863d455f9af1361ec44909ff0556a713	8e2ef2d85f9c4e1d2dee89990b093fd16d510a9a
6731d4a0496d2a606855054ec9f8c52625a88508	0d3decc849b8a2d44be25bae7ee077e607f76579
723e7cb3ef98bf052776e57f4934411ea54e399b	343bfca1a039d3e4bec1e915410df493285cf382
9109e20b63daa4dabc3c701e1d7717dd2bc77193	92eb130aba75becef475e7964b2b1fae7f50394a
d06e57bad7f0fc5eb01b0e84af4f5835bb3f4a11	a3f7680c46c86744052bc06731b3848f21fd573b
d668a2ff740de65828509a00f36543d008a92731	c52f9e5558e9bc44dfe733c1c51e370f1d171f58
24c8a48538a3f663202baf7403e504d16e329285	a0afdfb14641632e0cf913c033c810df02c2acff
56dc1a1f775355c8dae22aa267d1e85a6eab16e5	9f525414077b5eb12d4e23eae8e91b6921471db9
710d93b0ebf02d0b7fe413ac59279ecbc9d48b1a	a83a108f08253301447afe751c031cdd65e47dd9
e0e27d5ddd9c93c1ff6d4992d33043165830cc0c	ee7af5f596eb91ebe2e38e3b2e3e2b8fc726f452
66416a7bc975a66845328e9d3737b45e682d3c49	5584cf5e599a2d8b247503dfef3591907e9316cd
4adfd674e0bf32c6763fdfbd6b3e3bf37393173c	f50da0afd181a697a088ee21481feda70a3f10c2
25edcbb3b27db1d6598ac506def37385c2f4bbaa	9a8c7b354357b492e5cded0442006db05f667296
94fb5defe8fcf0b0c594942d385ac6a6ccf04650	6efafe685e38faf5ffe7506454dbf5d3a06a79be
5422b3119b20c092dc37ab281ed0b9dc237478a5	f390f9976e03b858ace4aaa386de9b66a3ffaf87
37ab1e25df1a4b79c0d8d4cb526e693242f40a4a	55a61be6e547b5d0ec986001240aa9470fb75a3f
54865caf964b86054302399768d4f581bdd3ccc5	707eb5cf3d417199cbaa44ec5e8bebc3771c8e89
02396909881c3350046fe9f571e448cccee6d59b	9bdb2c17888c2d01f6cda9af344dce8cefc13f8a
cc1c658df9ed3a3f30f5997aa4d3df552123ad8b	1507a2cb4b43d2d317a34348b07624e03fc42044
7f6efb4e924698790ea09d3d40f31390e9933e5f	8afbe75adf5634a1b12ed8c2570fd3cbe43f7b8c
fb7dab9b621e6bfcee5d40ce1b6dd00f1eef321e	e86fa1cab2890736afc9ff90945fe4b0df946b87
c20e8637b60253ee65df8d58af17bcad3d58b553	ff10218c571ade9aa7f0f8a58be9f2c25cc800e3
59980ca2996c7c27a2598520875c5c224add41eb	294216862ae7536b65893881fa19c53ec5958fe0
011a3871675d3f7a74234677847d0bbc234e7bc8	bda3f5c0089dd4b59e7376a0339ad0a142177fb1
042c49874b23d3e202e3df6a212f6603590f20a4	b90b2d19025414d9673d0ef76a4e695380daa4df
fcf51ac74e0501034888f0bad55ac7b2e55595d8	71cca8640bd06818ea4464fa8acbe5d9ee4d0588
b09f037d797f207c6d12d8d64a6cae8002d3a984	41b5027b8a6cbcc2d657325c860c2d37c72b42ad
bea0255a093a30ef10f3e9b958b3ba48400b48e4	6989e6d39a78ac56f36dcca76d2b87ec022dbc06
f41c42a288b91c73ff08985e7819112d377142cd	400c1445f78d78d8db17c4e0c43c875859c26f97
3be1ad4a6a3bc027169ed6517ebf71f09612a087	78b360e79857522b07f65b4cd5289d876ac96f73
615c8a9fc0677d841e58be833c9c45f7c0dd59da	9df41e83f054784868b5d5037289ead2f242b3aa
96a638f67699abe578bedc18bad9f16ac4a0a6e9	e9556029ab611a4b549abd81eab68692234db501
cc3e22c5ce3f4fe1ef529acd2e433a80d728a396	ddf7bda9e88100b6fbeb7b8e74f6d8d7cf6e1242
d4deb4a5a46cf480ff348e941c03f23423aaea77	c4c99eb97bae48cafd0f8456a8a0abe9da0d0949
5ed2701118ed498e6d55d14596e9bc0f5df760c1	7665139bedc9be3590fda5e7b6edfe4ad275234e
03e740c18cabcd48adc2519e6defabe5283624a1	e0021924880bfa2ef5e506f02a80278e92753e8d
f974c5abb6ac9718dbd55d695dfb107d2ba22443	0b915a245d91ec23894ce69c3d0947330edf1e11
13f42f181dfc41b460f85b23b695ef975e02f881	c8a211ec0d2b3b8b2a83c98c264fd682914a95b4
58dd6cf171b0e13daa9548060023d332d52ad795	6a14d36d583817b5ae7ba8c32ab656b887a9a147
f1aa5c4490ef266f0c45fa2549e0a40b41323c6e	19a44f1096e663fbe3e5343d440c34bc1aae84fd
f81caa897904e186257b8c0df61f4ee932dafe56	d6719f73e4860dc4f88169bffb4040223ccefa6c
163b2b9602604161d9b2dda6d175f19f967f14b9	006173318f0e3fefeb75b2c224c317c7786f11f9
fefe44b33e5ce6bebaf4e1df27c84c94ba1a0971	17b6986174a8c3befc28c1b205a742f562cc2758
5219203551ce18203c6571a0c29701dd0ed202ff	9ee4ed35ca1f1cc21481ce5dbbcf0e924d8879da
5cc4d93bb02732c3feeeb0ea58530fcc6c041c91	1bdadbc7ce023a702c4acbd2653f206b640ed3b9
44d54bd409895643cd9104ab2de1f1e956268948	5c6c4a4c7846d23b7fc794d9b5b9ee27225d2d37
0ae60413d40e9012f5c3cab79a3cc8d5a99781c0	ccd1aaeaf236028f2dbf25524aa0cd52ec0446bf
35c1ff043a48972cbe7052a489080b58502f34df	df58c9a4580ce4c278e3b356fb51611d5900a26a
765538ecfcd3a15800bb54f4b543d7fd3731cd8a	b88c615366251cb0359a1139a585c982fb67a5d1
a1df22264d1213ca0f9248f80259b26f3cb0fbed	135431c9673a96b8ef2db92913c4ec92f1eeee44
ffb228ca7ba9aff9f30a5da53ce718eadacef7d2	24461346ed8682a18bb66cc200cb736b8fee2116
05a049f1bd9286713a2de7ba6bebca1b4bd2f6b2	b37a4d216ad09d30de3571f0e16cd047a11c2436
d639b3e58dad2cd625964f3f0580e71c5e9cf6ea	cd501f53d9777681e4c21aee3acfce82cffee384
a874ceb8166bc21540e27936d89b04b52ebc3a50	6420ba2462509dfe95b896b3c9de163c6c9e08df
380b140bb310204b163469917c8a48002565bc20	19bb640a49fc57b1e717343b0d83353b37240506
3fec2c3b9bb971f4d9d00f3419122f3baad421e2	dc7a4717d2207e6ba5dc0d239e39cc3d323c5540
0858008ab40fb5fb34f954a1245a99ee83c045f3	78922b53909110c5bde4d59abb0ce48a972e9bd6
09c7c4529ea375e36938121881d86da34259a7db	c9cacde19ec6a1f83cf107db99e7d1665c8f9416
d666013a1bece6f897d7eadb9b1126956da742c1	5b71f919a6f720ac1d6efccd861e34847a7d6b35
7baae3a338155255c9d5609875439143701da75a	d3d09665677ed9e6b2767519f30d4fbdf0ecc0be
2d4a12d8390b0163a1d210c4215dd8a850d1898f	d85beb1b76f499c2dbaa90779da9924930ead8ac
aab82b8cc191dffbf89279c542ee2516bceddce6	4c41d6c19619cad36aa44f5121c1f6d764db9748
8f65b51b932351753c0fc0dd897b48c48ef3ac6f	bee867071e36818d2c257abd0b8fc62b2c4067e7
77ca4d32d5b9decb204b561f2a9fa6560aaa7238	9d4948fe3f0c183a23d4a927b67c122f49eb5eb7
d1fdda03a484c1604f38871784430e97bc5c7926	b76676cd970292efc67b354d9768d405ad0fc57a
34f13e9c08487fdd7ebdbee5fd76594cf0c44ecb	bdf781a672e1646f15f8e41cfb5d1303a9da5172
8758e5776c5cbd1db1bc90a57005265a3ef50c80	9ed21c72e66a9d18721429c825b48fa1cf37b0c7
6029879dc5ee0e07c541e09e14a83190f74a6cbd	c76314c76f5a10b9b4a40e2ad39108afb96200d2
fd5d16d180e25d05ae8be5888f081749b1ed1060	f29daf2a8f952e59ba135ca2939c923edcedaa00
c9d597677fb021127e7f0d727bb69bedd9ee87c7	9df1d0e634ab1b3ee6824fe62aa1ea67f2cc134b
d86254ad3fa7d05d2a67f4694d20fd157307df60	c021752b0ec2158adef6d30a4f492f4bd629d93f
d93c393a96eab859371dd78c223df45a8f6dced6	3d89d5c5e6913b3d2367fe6a6e264afacf77a015
92cc68cd3c860e6938aa5a0f6d68e7bb5cd3a13a	b313228249942695028cfe5388e86bb96b4d42fd
c458f306c0321aa559fbeede9bd836667e618e4e	8d167311ac14aba7653a0ce70b73f10df2b469ee
c8033a63153a4c1c6f5a0124fc7429ee64a6a731	cc411acb6d84e374753587414a60e5aa117382b7
488a8751c664d7f9cbe6eec591ec44afbc478a58	3a579f4417e869989fc29ef5d2221c8e3e42cb3b
24fc5d972f3d39ff356eb96455f494b45a7df9b2	87098a97663aa6ce129e62fdad53a4e30f68a6ff
84b01d7303bfefe49c293f54249789d3c30b5eec	887f311fb2d999999472197ce5c1a4698146989d
f2d46f6e6ba65516d072845ddd48e168da52163a	3150a17869288f194c2eaca3868b3833754c3b77
608327195be67cceee4fcc3bfa518f13792f0a79	4cf66cdd267bcf8308340b50ddccfebae18a26a9
ec41f49ee4072f158856fbdb7a1ef40fed683ed7	be33611304a1ea7d4fdb094d7b22dc5ef9683fd4
35c27df6851d8d9e881d9ebf5edf36a755000a73	7c87d636622257c4cb3d63b5aa518f79aa3e4f90
77496ac1d0fd3fa1697a37a72d7b744e17f9fb07	799dbdce7345130e359c0168ab751869f820a91c
ce2ce3e208a4b3b842e8e02b34111eb56503ef1a	f5b8bd60c541109134a957cc0dbb3c4741adb5ab
0c817256f6b49de1879cf93410f9da7cae591ca1	5e6196a544ccf9c3b1bacda0cc799be0d33b4526
d1df2189bdad7d5e606d2eb75630e9c6e9c808b1	33aeed7910eb203a69c84719bf10a7cecab72e35
cf360f2dbc860a8b317de647cd40c7fc64784da6	30b92379550583df7c58546dd96ff5700283ab33
b7078651c0879b8058b37c5e0afe49713169bc53	0bc739dbdd4e9ed02b132dd7d776a0d20c78bef2
724dd48b5c6627c11290920a2d1a280809c8c4e8	29e2663f02fcb29085fef5e01afcbc8b617776f1
0ac2d045476c270f95ec7b1dda920e76324739fe	f913ce7ef28a3f9a7aab2c84ac7d395c441099cc
4b60f0bb6c255262a454a0b0f69d02cdf43b8b17	7b170474c10017c915073ae1d8fcf6fb6352630e
79791e86e1c8c20658f2eb16952ffcb9a23908cd	c4d6de23d90d18ef46a0385052d4215627e53f1a
ed114d7ebc668d928f3dc88a38b536b463b06526	a4da28f7545b880befa5dda9476ca9f931bede64
75ec72e4f732a95adeaad710b39e382872c8d9fb	07335996b289bdc835903e0bd20c6065f6574ece
41358683c4650ef4a760dfc9bf31b6c207b2a316	6b3df59e3a960ea7d372f76ccb9f21108b30ffc2
e45e5e55f3b4317b217fb22c95f874d16633716a	eaacd68154499153843c700fe45b677c5cb20bd5
b2593a5ba83997d51f84b91fa490c880a19519c5	cb63cff3bd43b4e613bd3a719a09d7f3b308f61d
5a736d87a6b0978d9c59a166da0fb62494301b55	279faf5bd6d82e85db323b9a89195a93af1ef1d2
937e7af98091d145e4667fe30b3d2a285245e3ef	b93eea64bc27dce088140baa4cf4cc49568c7c55
22c056d2b1115490ddd88a03d94dc1af0cc12f28	04a48295209d44e7d775700f7de1af4fe7cce9f2
8a786aecdbb3ddbbcba3f7c576503c02e9608063	af79abdde69248d3da9bcd8df24b331474111377
9241aa46d0084ed4bfdf142ffa574ebf284806e5	f996ba31f97f56406fbeb3f9bcbd50e914bac43f
f9ad897c59b2084c64a206be821a1147ec4c2f23	2cd9dec8d2d34a71b54dc25315105d6f223220d9
9e97f8085588cbdd8fec03ed7c0cdc692bbe233b	51fcaa9b286258e9f7386777724d60ba41dc9a2c
f2603c9713cd61b8c689f74dec61ad6927b62826	5e39c187a1eab9c84dc95d3909c608756eba431c
21652f179ddebb9a16e66ffa2fdbdc41ad256ca9	e0cf6c5f9591dd6dcd10b454a6ad516f81d79a4b
705417858e3197132f94a6a7dbac3898497e18ce	36b059317fb9070f647e13b55588a2da8748d6ee
f7ef8987a1700fbf62f60bcb4315362d065174de	587b0ce401705fff94ae98effc4055eae7688712
e6f4fddabe6b756c3a421ff4f994f20bf800d953	68cb8501d2f54c0040ac587c0213a984f3907268
337af0c111910be99d3442347189eca0f639dcd1	d674cdc6849bfbf6bbee7b498f6f0266095bcb00
67c21e5728c1bd377ef116a9568328721e15bbe8	9044ca2fe35d06ae1b88b12238dc24cf39e1d672
1365555c01527e8bb54cb9ad5107919b41e38f79	37286ed872b6696aaba16e1e790d69c5d6f18f24
ea6c3ea0743cbbae7194c9764752e321f568bb54	50f655f15d493f74b3f3c70ee50f2f2777657a39
ca762ec80a0f4029a6ff107131d114800ee4b704	6a438ebafa6375aaae54d3fdcc61c7098e003bb2
18928f138aaeacf6c14eab49bbc861c324984245	90d6bedfe78c8fdabadef9977550da1ba76512c9
fa257543912ead1656ec6cdb3b714dc229cdbd5b	0704a86090d30b797efd7f2192c23beb4e0c4694
29cc8ac1f4dd9d0e7033f1bb54894583d9f1a957	93044692386e7434699669fb9c0020f40e2367c7
3e806b0dd2563b0414f34920b4767dcc8e2ea334	becb30b013b0db270fec6db1f31b72aa947d0dc6
20bbf875e6ed462f11bef64da15544199bf78196	c5a6bec60edfb33cbd5a24301f3e6787166b7783
b23e17373741a6884ac77baea745ece99ccc68be	637478c284456b2e9d000aa134c35235dea36b31
e0bf6acf273ade6e9002231fb75311fcc5dc584f	b6a7a17511ef31c612b5dd1228662dfe129355d3
a2a167c2d035c318c9959758f7af1a1433366b4e	c8df9e35e0d5190bb1a278b858594ba875531ae4
614f48706411ae28381a8e7ef8e6ad1890ea2d9a	303b351955ace590b2b411456046a29bb77ca7df
27fe9ffaa06e41fa8e8399d70df6e4f3e2371cd6	3af3413df09a2f8f3eeed09286530ed7e13248ff
d5687f3a9f761ecadf94ca4028fd9e0e152d5671	01d6a1a4a41bb207fdabf2c4aebe88fcf693ae2c
5b1cefdb3a764c512380178f5c4eb06a3493ee14	c60d21fd56151cde716aa15ddd42d50cc981ffbc
32639a1381cb6b53dadace2d98b60ee659b25aa9	6ec67c23e06eea6b2d0e890698acbc7824daa0ad
5f8b18a43ca474f987a3848f8b177559ab430f2c	50ee0630d11a3ab2359008a9c2205967e38282e1
a95622405f59819da3642d785ad1a8c4af2973d9	629d85054340456fb66ad335a183b90ef8a0021f
6e1a9a0583d4d9cab438ad404bcb65f376f68b5b	41518193780aaf4f5fb6ced156e297d21e98337e
83d892c15511097d60c6e57d5546eac066af145d	6319b2d8c000401763a2451c4ac2dc0cc3127360
62bde00ffe31afefae25bda32497da9497912534	f6abf66776ecee75cba8c0a4ec06bf155d348a49
8a7493d027fb863a56f52ea17b5607bc4a89ca63	9e0947d3ede57f2ceb5105dcc6dd92f435f61f9b
e3281070877b3aa86641d7dae0f323b01c892650	a187aee50ee499f8c8360fc68bd728b72eee2148
f0903a5b4f8aae4cad5de68e6ead240eb82e2c60	28aac33dce7d29d851aa0cfd6b9deab6158e4950
7ab9013eb8548aa7bed196ac5bc3914bfc8b01de	5f7f05b9f7cc7ac0d62a5f1144699b42b46ec152
22d7a64355d4c01a217f30ba95e7093beae24aaf	3f66dcf14fddee1ab76e5e6d28103fa30a61d788
5c92ba74d4ea2edbcf29bd3ed5f8c04076d431e0	554bf2cfc45bebeca2986655012ecfec1ae8cfd3
c10ab589aeacd6d877639979c0b52ef97a1849c6	2912cc8a87006c256ece71b8a20acb64530d551b
129160bab69e3b0882c3f1b51b8644bb9d1d2290	cec66fd06bd160b1c6d7dd78ecc83d564c46df1b
6ab9aa7be36e80ae92de8cb3c25c182923111000	0e041a4708b0fef78ee2e832ef339139a75a0a94
f82667bacac29de8b75561e1b65a2ac975c80083	90d7e0b804a611c06459b6325e891de4f3e616f8
0dd81996c00581a159d7e45845bee582ee2355f4	4284e74145efa24f94a13459799ea99012a8c6cf
874ceb36277f4536ed6fd31bd8449e1a323f6913	6940553e20655cf47a69b4b272be31cc517d344d
3754cbb50af204719d4e0737990f63972d25fee4	bb463073ec9384cebef9ff43ecbf82bb977400d2
70b9f7ad9e80bbc2605db1d69e4f6343883629d4	90dbc69612bf497fc7c3e84d4a867c29ae42673c
be76616a9171aded45e5a4c508395def9edd8d70	bcf753825e22d3f0007e5528c7f9c753260d4fc5
9b37f6b86715f4a69dff068ab12539c5faaef306	0d83f5610d4dce5ee45c4a03299b3767ce73a8b1
b1a3bd41e7f4ab7b004a657c13ba0941bb33dfce	3849a0020873b0b2257eb8d25bf74d6b886ae178
0062dbbf897d3f64c84e2bc722bb6ee5bb436fd0	082acb4cbea5175f020d2cd4cd4acafd1d0cdf51
0e91c352878fb23deb32f2e5c2249a577a94c6ef	d91f6a4b86fb2b383f6886a54a90c71c5463de3e
3df9810a24d48cac094cb3cd2b062ce8d0331f25	ea723717dae542a6cf6705a94e0fcdba576c94f6
b068e7f1a1388a87e65cb00e4af6f001de1cb39b	b6be7a4547a61a95b95b67e598e32f480968bfb7
d5c9122318f840f9b1a11c2628987b3103e50f2f	512919338a77d278db5ebb6a8a9ffbd2d0ae0ad7
b8707509549bc4a37739650403d9bf939c676e1d	6b39aa6a574c11dcedfe16ef14793672a95d7317
bde38f1a047b15d5ef234061c78b4cd6fe8aee6b	34601e4d74aa40eb731937bd84f9b288158c3f76
35c34b2a029f2c8507ecac410a3a5300cd8b79ab	8cf76fd6b1307ef7060bd7a297ed30196d3af429
dfb2cfcfb94d40e036e9b16226aa2906831b4148	aff4d8a9222640f4f8e3667d43d123fe84113600
92ce0acc74585f38ab02bd0de78798edb674631f	76d8b0569bddaa056bb1929193f781073aaf1c07
1e3d8898df1df3fb9e3026e0a6562372aff6ce04	7aeba47ab1880ccbb06401adde7ea020e7b27d0e
47df3731c4e7506e5f8440c605e957006bb48ae4	d9bdba3278dde91af03280568cc4db14f90f19c4
925c4c310aa10bb67cc4e825987fa2ec63bfeced	1fa3937c30b29f7da1b2c6652e0166063d2f1992
7e248dd48e5a4aa9d5d17ce29061ebf7a88be5c4	d6927c41c47962f5d206b8d919a6dd188fcd235a
92197dbe77684435375317c2025ee6b1126c1373	c894bd17f3874317e7eb83632a116550b08861eb
6ccfdd12177cf2954a758ac4ac0ee7ee1fbc33a6	7d9f134408b2d619ceb835a54380ce0f8b569826
5f17e0eb1258bcd01dec5cb3e8dac7bf7903dc66	a47438c450f08f07191cd1ed35bc131defb8145d
5d5c2ea41ce51b20bcb4dadad155cee90bbaf611	381f9ac456a385e192d0ad45b6cdbf82086a0229
09db80e3e196573d1694cc1d10b1661bbf86a07f	30e2ac91ab2d5e199c3978afdf3d5b7f96fb27db
b6b5e67d2c8fac93b57b205b0b79532a69f1ba39	50a3015e8190b5fdb615a2658965783c0bc973b5
8a056c5b9fd697dd56d2da346e7fe32a745e3ec6	cd300c5dcf538cde38f2e106b3fb9cef66db0080
95a83f34549aa366ff8ddcc54182342b8fffb590	4e194e24e12a22f5d161d47b19c9ca6bee1836b7
a84b2188e25f492573b4bb7b2bf8575b8b31be0d	60c16e938322e930ce6f2739b7b4d346900d3322
93332cfbe651d3ead13177079df0debdcf961f2c	883f8babec72e6ddfd6b4804687c3ea7017563b4
afd3783c8e6fe66fe1a55158de44986b1caa664d	875946aaa93537b0fdf69fef855bf37937166e3d
be24b360acf7e5950c52f80e79b439c788c06172	03eaefdc3530f57d73655bc827f03103d3b0526e
c535457965ca1077a4982bce42dd3c4270317173	3a41c82bf60b82b1dd5b3a7de9cf9ddd31ecd392
ba62b1cfb9b5db65e0b470253a3eb8e4017c3b4a	b0614846fee71816dc524273e9cf9369ab52a085
59481f2f063ea250a35290dcc54b413dbd0292c5	ed632565519e0809008a384e9cd685e324af753a
416bc861b961e056e10f17da6d96217ef76cb903	9b48a5de39c6486a20186a2d76c1ccb72f9a52f5
59a5557cdc8fffc511558deede072bb1cdc7a867	d8691e4ab96d66a76c121e94ddbed4bd583ab224
a2f74c6c49aeb02f4cffb76fa2c3a8451ea67dc0	021f8e8e4be6adeae7eb5935668ed53cd72496c7
0d590e9fb174efba542cf014094abbc74b479e84	fbe662df53f2b695812ff33a9291c11a54015c1f
2280b47aecd81f037056c52515f8cedbe42494a7	55f8911469cc76069802bdfc0641a787197590c0
da6de1d6b5eabd61d13cb35cb6c861cf6db02ae5	71a4fdc3f43e5cfb64b48cb206866a892d7eb3bc
b197f344b30c9b949a8976416980e3204c1b387f	958b5d8041d0d4c23be824fe2349006123f920da
85546c156aa4adeccdae0300a185840a40cd0fc5	579337e0c98018fe94e015498fb9da7c71ceb39c
30f4103355b5871b112a7fe424dff58eb0cbd82d	bd3e71e38fa045ed6ae8e2e0e53f22afd6369cee
80cbf76c64a6863a02ed5aca43c3d3260a55b0ea	f50302935b22e5cfa3d1f1e2aa5934a42101160a
8e24e640d50ab1fca0bd876d8a6b205801dee8c5	98b17bfcc3bb2f14497b99d067ead1d09883c5c4
cadb59b152ba8ea70fba1ac71322dcd38b06002d	6b5e6b3ed7278290e7ad926a0a3ef905e99c3d3f
7fc8a1701063058d090dc047b0ed5c262d0a1e68	84386b9a2f4cfec835d0e1352f9b1abd560b4371
652c4f4da930a58e3a94297ca10dcfd4fee3e5db	199cf2538b5c4cb98caa123baf2f1bb3068fbfdf
5c96f9a851a94b4de31c9e010fa0e6fa6c2b950d	fbe356d6b04345298ee5595285bf30321f585a01
9797e6c18db16a086ed5f9eba93299267d3ea952	d3886e2ecdb665fb30805d3fb0a4e8866ec56d75
ac25ef16a8d3543ac6e3a1fc2ae8c1da0c313479	ae1031c5d069e954469804ac3ba1cf3d832c159c
b5cc53ef35374cd3e2706610b68deccba901356d	5950a8094b3a008a83985bdf27b0577b4ffd6075
3bd326bb875b2f9457647794554020e433ff2700	00346d0447c2371752aa47973c9f8bbec56879f4
ba3c8feeebc6acfcba7e3205a1a7e3e4aabc1b2b	55bef0952dfdd06b75631a40e383433f31ffc213
849f1d80bbebd1b7c6e6e4f229bbc5594733b805	8b1272e796b0c56b517d7cb6b3e919cf4f1acec8
1f2ebeffdfebf15cf57e398214b250464290b8af	e151d996cadaac103fbd5762fced538598115346
ef3855d512b1a94e81786ceec5b66fa1c0bd1b3d	ad9242509763613d11f29b0e817e24d7bab2a177
5176c4316b81b2a717eef13448fb290511359e28	1df767a70aee3f8e487d5094214b2e18efe007f6
4dd3ab4fc6b033ab81c5adcd67af5579ed0fbd58	57ac5a97b3dd6b87b8e5bb106d07a30a922e296b
fc9080c2b3ffb68b9123f9580964c8b7ee9793bb	e3dc3a146c6712cb14160aea2e471ed2d1dd189f
bd413c65bdf9b15046b0fb24177b881728de920b	f68f41d100864d2269f97f1da0ced827404cede3
a36473e04768534f1c413c515b84f5a15b558764	e4d5c013b73e697d00b633b1afe14002d4b2898d
897c34bc4c75b485300413d6c5c67a8d45fc6216	7282b26c4a4325098d67932a8f937af64e100cd1
f8ec6de886c2ff6b24ca5c1ded2988cabfa2fae9	7199ade65543b12d6992434394791049569c7547
a71e3f6b1c86e8a7c4f65f089d5f264a3cacc504	f34a680f4ecd5e39ce1659fcdff89daae8bc087a
4672130bbd4d7912359be762bbfe7388e67ab02a	e1c5c082c9a743f8a1252300b270c6b52b161a42
e15de0e0f6a1346df79a99ba4e953db34165e1c8	289b728951961dc8cf325df8833515097f16d66c
ea562f95eb2bd18f6bb0496cc1b297381a0c872e	2440815f168349cc7ed48f8d484d4f56da9fa92d
a717083c31f106481443bbfd4bd7de1c09f7b8fc	75afbace35f3f3aaecefa99ffacf6a2d9ec87d8f
fc983dcc64103b01448443066c8f7c82485a7e8d	ee1be8b5e5b3eca831d0b0963462757d8c884647
e471b149d42e65a9f91eb27df1f46aec8743e13b	8839765cf012bbf7f35231e5c5868f27286d5f8e
7834f2370a54cb32bc077273d34c5ecc1789b48a	cdf099f119e549db8169ffc50b3d0337e5363eee
e954e5b797827647f471bbc3831904ccaaeb81c7	185d842e2181d2cbadc4e5e7aeb1499ed57d7bb4
60e5e541d448411ba5e224a6e16a0b6a30e20e0f	85d0b69e499a7433c6681752bcc5d8acfc148021
b3e6cfafcadf7b8bdd93dba9600e617b2cb007bf	7d52d0ba57e3653e39203617e15a4d6e2c7e2507
b22d936e907b296829fbe3acf85ae0646891d185	8b4e8954b3ceba66d7d10dd362f30c6176cca8a8
9845ec174037559f13e3b15557d18c628b40a6d6	bf0ffce34a7e16084462bf7d4603dd9a1a36c1bc
0dfa0465bded3aa10ca48c9170ce6be98b16097f	145220d5259d1e8e5773f9b5540ea776fc22a320
a3004a2c9581a5c893c25b587c3c96a1c4712543	ba37f8ccc559a92707505b42618ca3315f46d7ff
4749c9ff34d7a4092cf0d97e96b423d9ea015a4d	23481e0e6328e722c440a78bb3c422cd09657464
47d7eff91571b2e953c3f6a50d59abaca43a76d3	add2bbbbf7b301048fd16723b5a4c0ec40283b50
466e8937689940af1fd8c0bcbceaa7d327a4c7d8	eda44b20aa5cad09e834f6e5568880482c54abdb
bab1569bc6fc7183ba254b2d0a797f2b2f7c005c	d4c4aa51fba36260aae8a0ffe815ca86e2a9cb81
969169a62265c83a2282e2c5f06103dfed310acf	eb80a8b74a1291379143e90c11253d0ebacb8215
af81a2b5f08a51e12529d7e059556e7e97a7219d	95e52129ffc42ef0fc99395a57f0c2354f4411f1
c49c68f8fa5859301d692639bae2e22a6341cc98	a3388a44f03a53aaef61ac0b0a8fdcc2dd79a8e6
1f10094ef23bcfe3158ce53db6c5fde43d2bbfe9	0a52cf501f3e423005ad2668f7ff548748779121
5c4b22285eaec25fad64c28254b7a733fc68dcfb	8d9999b4adb036547825fec37744bd1c635cd4cf
35ddf1ab0cf652e38bbc4bd2d6d470b1fa50bb85	d66969d3f9505d7a55017b71fa592f9349e7ee0b
a80f09e143fd033c46f37b4ca7ac6b80ee02393d	816d44fac3c151bbc9ef0569e7427cc769d9e924
f16f4fbda1f2f66dbd6975ce1e8b746fbc22043d	4a5a445bf73f9850255097ad272b42c292955430
a96ad29c1b2ceb385f2a6e9972b6e609bc587daf	53f2db899c11c7230a041bcb0c81aaa707f3dd1a
3439d94c8e939f0c66ac3d3167bab60a4ee152a9	b645cddb35bff421fa6e1cfb0d3f95db10b7efca
a82975f093e611548db0181f9dc6ff52da027996	bc045051d7b8e8783b34e1bc3eb98c8b9373338c
77219f078f24b116dc1a61ca04d6ae9903107a24	e2277f452876af55cfc2fac882330d4035111cf1
f3b704bd48c2b7ec2ff791a3b802fa6172ae6375	907152096d041c96cc76e1a8099cb74120acdd4b
53d7be0980006adba9955fb9096603927cdceec9	8b084b00e51cfbeda9d7cf21b035670047a87703
97fbfabafec4d2fe21375d896506f6c1e420f681	ba822c93a6039e78a4e8830c801810a949b8278f
3da3dbd23ddae3650dfbd64b0c8f67c02862fc30	b677788beb05699e5d41b75cb5f4a62b388e6e7e
6a0997d63a68b6196cea59dea29819f3bfbecc0a	077efbf724b89383c844dd32eba804fedd7d145d
c17898798005d69fcee334ca580ad901e4e90a72	5dbbe4f7632fdcab9bc3f2ee671aded7d3c16d28
c46d6a9c9571d88e32e9f565194582ca04d69890	329f0f3364f1a88bc57aeb4d550232cb55c9138f
552ff0252ecdca284b1816661f6987d65154ed41	b51e715c435a13b99d8c17a39f900f6faf494400
db222056259b45646850c9f8459e6c7d942289e7	a0e5ea0743931a6627ee2036fd353245b884ad39
c9cbbca0c0bde0313c530b24d57f0745c6dc1d81	3a81f8ff4a7ad07261815fe24fdf668d29985a43
c7b2f4e8671f95f48d868893de3481db100d1372	2ebda1bed67804dba0e73664bd216435e85fa5ec
781711fa17fe6983ad63edbe59f389fa80af948a	38a83273b3aa940288365ceda0bae968ab3f995c
b2a1abfa5ccb3aaf685672144a1c19f2ad36ae78	534478ba5dd69a9b8e14a83c1a97fded4b3558ca
d0e66b4d91d29c6fa694738ba43767814477c811	8f74726e6683b8d7e06d5b94f78626028991589e
f028941167a6defb642674225aeb6fab851d4c6e	78e33479a17156a55a4428beac0e542c167594da
8bf95ddbb0b3603a7490e9e51deffaef37074327	a77383c0ed248c4f4413c092780b171cb6469d64
64ccf882bad47ec8d11cd4160c13f5872c0a51a7	fa254339872bd07bfb67bb18346c26c19af82f30
13a1eb5eb00bce50f42aa62c8c13f546597c0ce4	0722f07246434ec048c3f6e5d583ac124aea8914
5ef04a10c18c5ded5cf695884694f7c593df19d1	612048259a9322f2ffda17c1b397d7d5b9f93be8
82c9a55374ba61b7e334f2e61ee6a6eb969cfae3	ecd84440888c23445f16103e5a4c22ada46cb9a4
85048c31851bec52c5a541656eea9089bb089a31	10402f4ec8789a422d226ad95ff18d762437f806
45ba7c2b8cea5699b48b77c256a85f5aea1cd6d6	ebf7b9b7821b708f97f988c0a2235c0dd5b8f7b6
c092245bb4f30cb48cfbf29a1e94d7a88d86e28f	eb85fcf85546dc9f5f8fcd7433924bfd692ad4a6
9ac1124d5913c3d92703f1cd25adc2802ca364ee	6a1609985b62de4a5f094dfeced46e7d231d9433
f4d0346597724d2c7c127329b2d94214f92e8b70	1a9295e145c88a266485f45579b2a9824d085109
a53eb90fe8312db286de8fba3782e04581aecdb6	f9ec42c3d88b1617f33391cef7e994bd64b0a8dc
96699c267f10f61e4e2fa2d969e7dc2981a85d76	02a185245ee2ca82ddc4536ad5100dd9a627a795
21087d585cdc652be71faeb28ade263e6abffc3f	83ebfac4354864274af862d529fa1435f6163a03
ee0e748ddb377b1f47e81ac3405081d0207f13ff	df325564c9abedf0d28d0a1129360a4afcf7c93b
81382294adf2fb2232d68cad36b44d8207b16540	27b2a5d46cfeea25dec9d48e23806c31437e1c64
747138d070ea8e6293399ab02fe4c2edb17fb0ec	857668e711cbba48a9f94cae9cdea7b3cc438e5e
c1eb4cc05e9acf913ee94fe24cf1a4f1ec86350c	9dcf1f53e3488662b9cca7bfea36a63a2dd39d79
148749554a9c371a1eceff2fb8f246d8cfa12f83	98be4c0e52edd974229935e98ed92e27830598b8
3d5d6fea7d7082bfd0a2928f4e10b7ebb5e82202	ad9e0f87395d11cdc9d2da65363bf336e76530dc
6fcac68c6f00f99ccde63b7cb8db66436135726a	42835e31e79ab90ef85e3231e34d973c08eb44f9
18418258237d2ba0ca80b6fcb481e42f7fa3d2ce	22554c244aebd8b06b399abfa79ad0be8ff82d34
14d801ab3c1d6613109681a377ee70a7cb3f0972	fa6fcaf9b58d7e91b1ee2f5d820ce100885f2e80
779ceb5a35b78897fcbdcc1a3b0e5a8aa8680c3c	e989615a1d0428fb781d5a36d64dd87112def5da
e5766216ec90e62e05e0e54f5f9e3107e162611d	bff9c5e312a5a9fc6f02566e87633c1c29d9e02a
21f4059fa5f70a3191b5cd29d6d0e93fccc1fa59	3e28256c3bcd9667c316fda0e330bbfd4e0f8f5f
b074539035dce4154aa5cc5dc550c109c8235873	a42d8ce6a0d7ea21b0b8390ade6f6a9513e9af56
2526e5937ba71fb4fa24fbb521f4cdd73c69b66c	370ea84995d9ad683a2a0748aebc42d934c561c4
a029ebf4f3a4a955dbbbf93f811a0cf6e7a72051	c08527a8ae0170f20836e707f4a6ac1effb8d55e
0357f81a7e65cd63ae4097424065734f816951c2	7a6e3dfccd5eb1618278caf249a4fa450b79af05
2b8aaaba219fd785ba1af6891b15e7af0a7f67b6	f6132b23883fa3f7a79883e78288772bab1c3481
2ab0a8f81094b49576fb5bb3c6016f002e41b6e0	be4ca1f873ea8adfb0bd7f504339115416551287
a51c2605a02b33b71f41cd3ee3651fb7e6b112f6	260437b0b2798d35dbe7ebe3b88f50a66daffb36
484f80eee2fb3cf6d8822ac993432d070da55d1f	bee33a339c5bfced10ad902c23a2f8c871ffd223
1831b3246ab46e0f9964d2d050db78112c781ebe	317330574517f68dd1afdeadee764bfad55c5a3b
0720f5340d68843d216d7e21c4e1521524f0a395	7db4280894c2a20ac5ddf1ad425a060398c8d37c
95ba935c7b08bd886d3134b27fd22e649fd87909	3ea3f53b80bc450f7992192ffc90d9fd1a9bd31e
fa85170e3bc42b405a77b2232386b457bfd441bf	1fa7c53c55e4c63bb8af9bf4bf74fe799425e912
2825319916310b3b1de6b03b0c7c6047e47997e7	1a23ce3ef7bd65abc024d3f36134342a548653d8
2a51321433f63dd278b61f1011eabe84ece368e3	923cd2ab2633e3d54d8302dc4198866a23daab6b
c74875669fa40615d4cba5e19fa735ea5744cc3b	12195a2907be8baeecf633ead005b0a54f362f21
b729ee3f289084e3b83bcf31b7ee05c778390d83	5f186a51d702f70199641448b49634cdfa164dfd
0d76d8f51421d70f770a881fe77259d73d2511b6	b644fc4b942ad1abf3fcc8b2317bd71deaec7496
923c81ccb22fa5a4a1ecfe750e88dfa637d0d144	4d9ed299c8113ff0d76774183f627758b349531c
2ef11be02f35418ea3360ba7dcc6a02c45e76fd1	e5389ba33539460225b942b09333dfa18d1a0157
48b1b25e2e2c8f1623798c76c2f885e12654f2c1	b9002669fd1e820756e47b1a6f021ebf528c7f6f
7cbff26e6810a65befd3b4fc5a82562adb0ca110	e00fd21d6584f849b26d413c49c8891f8f0b0552
b0111a644afa16ff0ffe0474586aeb5a47f72403	fd69a8cb57016e3b9136aa8b83e6ec03edbe0f1d
89ef606c18a233cc1d2d3ea78c12c42b812d5f23	f9cdb9f5e975941b7103c9bb04fad274252c7bd6
8989565eea1dcf4010b93535e0501ef37e300c35	203dd574e4fffd89ae7dd3ca6b97714e9a799cd8
b421cafdc9c26b2d39f00f9cead6e1e44c187463	2271c352b83e8b0eb42c605af58dd8aa581eeb58
283aa4d705f06c53a901b87e1285356ae879373a	b27e49a0e1cc4d2c2d4e3ec7f5fc5a4f14b31254
1cea95a3759315b5dc20f5374880eba0a15be3e6	ceac8641118ade81eb852418ba57f5f7121a2624
8e1cd71e96489e9936e0b73962ec148b72ccd89f	0cc566a780bea791d22607db87c5ffd5f1f9549b
79e550bdf28c984766c5cc06b5bd4995de510a4e	a455734944d8cfa98cc3457c8c38e11aec650908
80e4e2abec28a4d0f54b3885f969917ac05e2061	54d9dd44fc1b674a28c6dff1948d026627d6e91f
bb475d721f260bc818c861bc8026f28876044739	a31d5cf32eb516ec793a6e060ce6988f91dae2c6
96e5a422c169aac2b20840658f56bff45ea488d5	6a2942343f7154304c4c30e9fea2527318169243
878a698caf48430f2fb006688c05e82929f14d9b	edba851591c935966d31a27ad55afab0d2987eb1
a5dfca2298d7d58a9462a8db894b89fa005f50c2	5d304109673794866ec140aab12714f603604c06
e47f0b1920a43eb8e3d10ff8070ee0e8a19095f2	308780d7ee636adc863d6cb6715262cf1f919ef4
e701245e7ae8b2d98f8273877bc6069b4449e887	f5995fc96f53a79f6ecb2fb66162f3d8a600f4d5
092a2d2e499efe32038d32d5b23ff4edf3acf87c	f04cfb36fc88d59a868d45408eb53a9f8e833d54
565168c2bd751a712ce3efea2eaade5359eb4728	cb8fb40ef0ab14c9a723f9c1062e4769c8ac3fd4
6f0577452e7dcac5f35b5040e25daeb38f1ef3eb	17731333baebc49acfe10e03efc3196847f578cb
3b9cd392c3c21cc7b8280d2b3c60c41107db3fb4	f1575ab10f10075b713d981079c29767aaa30bd8
911749353c502a044f5bcf1213c243aa51eb7e1f	87a51aae1dc6c5ede03db954f2cce44bc74eb86d
0d1db6298a29c663f7d8e3f415664c5eb311d8ad	3e6253191a8556007b064d1fc202b13e8511767b
3aa33b8abc6470a94ce253a23bd1ba3ce1d8c38b	2ec23b64bb4eafc9da8b4cb53398d69fa6eb26fb
c61333f6dec0bacfe5251638582305f6e2451e28	c90a5a5919504c38b4783ed7a17ec0df635693e8
28ebeb981e9641b1cb7f8564bcf183e417f5b73d	b47c99108453aee92d8211401862a486c64af504
cd154454f7ead6d171ceb790c19fc8a01e39504f	017df84aa9b64c39752768f4763ed9f94b737456
3873da8646a0bc2fdd3b3d8d494e8950f21ce52c	a5944d662d72f96a09f7a60f5d48fbe783e7e386
75632f65df53c8bfdfd9b2c6578cdb0fc428bce2	1e02ef983de014060492008706ec4b96f1afa895
36710ec39732b53c654d223493d486e186bbd0c7	9bd71353ac21102636625e7c561766b38f193aa7
d553a9f821ff299abac1efabb2240d0550b51b36	e65c3f0f156ab0c2116e30a43db5363ebfd9f3f5
faf92b31777bb0051ad653294eaada1a54178cc6	350e359a21154b46cff15d2dd970117713258565
367e789027e698807bbb5fa727d62f4d003d608c	e4363a6e712bdc95c93985c69a527788d50db9d3
48c3961499bedb89a4ac1397308c2c61a4e1ad80	59970233d0c96a279649614fc79c9f3afb4c81b2
7767a65865d52f5e7d764471537d3917da5fc2ab	7f1e9f69c27b0864e5832b69710aae73ecda73db
1d4c1bbd9d020e7ec1a253cc796bf95fe48f7e4b	4918c30a4ba55e0f41ccb70caea97a0e82f1dedd
f93a07c401dfc5599f61fc6635438d2fcdacde85	b0b7ee94e2ce537e75f529a299aea0f4f6fac912
6fb6964aab86fd3644bbbc78205b2359b63b148d	a8ae9bba00b4c703d1b966e9890d6a80bb4cb065
d6cbda66af6004bd5a1e88a5ce94e63402905a94	374b72a26c878c817f6913f863045389b1e6d461
c3d3ea065ac8397b54807f4e0ba4153d8ecc4f51	c7116684a4095c7e617fc45069f5240288777ab5
be7c1411371cadbfe25ef7c3cf3ebd7ab6f5878c	8c795cd0580cccf6274c30bf7c4c231501fae51f
fb6f3fa1a38da44a004114fd8acb023bb866714d	99998d37a993de8b64a7d1de4518dc76d8f57392
5a928ad97f338f63843428d9cb7b31daf8bf07f4	5504104fbee4138bac2c8a83ae2301199264f3b3
3e0bc6768d89c06ca154f2a7592f8bf76a4716e4	76d9a5e2885706008ef3829653f50ce74ee1ce5e
0d83aae9e4c01a6cd8c519b8b941723db5ba506a	ba70db894898053943fa1d2bb7dc46d94e52a783
9b53356b381603bcf5999858b6c4b53df15d5d22	b2f53d500f6fcc8c396ef4a8ca4d09fdae0ec089
21393b7972ddf336e288a9be9f5b344099663e0a	206c872e537c9b32c371dff67a3fe2f92f3679cb
6f8568fac8ac0ebafced497e2100cf68d31a900d	d37d67f3b21df4669c4e802218186feaec31b768
771430f18e9ff34cf1cc2cf0a4da24e6b06dcf4e	ee05279e54c83ed5dbd6de1ceba48a14f1dd7348
3139f53c27ec0df5666e272be01576e27f7d1baf	0cc45f3d20d5a00514736a02625471d6fd15c3db
b6a942e7492555b1afbb176216c8bc00ab8e3063	d86c6cbcee95eb50045a8383542711ea1c13ae1e
3f5e6d3adb93e14902a13e0def7f02c935b81a0f	dcb20130e775e208527b9a16536880fc1b59496c
bff74e5babe16e97000372c68ebc140c259efed9	f5935adea854427dbfa32b7f6b24e2561b078599
ce238081cb7e2e75d4fc3c3da89aee75fbb4617e	500ffbd719d4a73fe72f990c109d6480ea462135
fa836074e32114dc2078e70d86ea5ce8bc7feb0c	013e4b5540c703c92da2d82e2e20c31ab1c2b750
038ba5210a398a88b8dc5e196fb9851881cffd0d	c01bcffeb8287120f9a0635a35472e4d2b57618f
bc7bf80797456ecc32e07b189cf19a2e0d34b24e	a589abe391696efe8344844ec2f5f01fe3fef976
01ce6eea5cfb137a4288c1ca29aa79f0444984c9	c1cf538c078ecb2c6a541ee4121b54139fe83a19
7976b48648c4df20229e21210de8840caefc8cac	febeec8de50b1db6dfa654d3c0cf754e7bf6cd6a
d5ec67ecd6081016b7cbcdbd43ca0633c1a0ec0a	4a7638f60d8f306a0833a84a116db24313b6450c
bd3086393054e94e4e256808e063b025fd8cd2e8	f4a53d00dfa6702e728c874caf6519fdcb7b2eda
4d45f945e67be35b682ec910459cd7298d0112e2	584a25b07ea3eca54e16ddef378190279eb0095e
f1c60066b055f0b714409c03cb51ad68f7e8285a	1228538f87190222a7c96ca4aef216ab74d31d49
54136e5c3d16ad996e5f149cfb3f0e7e79859c27	e8b0e1700cc6035176973264922d6c9d12604dd6
54045ef513d17f4f2d2c5d501e101682df21a683	d5460702731980f9f494577ee2cba7cc1d06fd06
88903094a94251939dbd24adb6cd412f6d16428f	b4eeff6505cd49cc1dc4ae506411c88bb5e6956b
843aee26c76976c543a9200a00962a0926424cdb	d63db1c36d56333498462b12e046e515aaead3ce
a47f59ff0140634ae1dfe64c133eff8dccc6a046	8cd691010eae00f0c0da99393f1e3954cdef7731
80749501535adf7fca79f852bb8164b677a5d0da	17cc0c370c3e127e61681d46297ee1ba27ec733c
c7c291ab62d6d0356c48ffcb4a177dab2e7aa6d3	8a35eb6e8debf0e975b65e028d47136071cffdec
3ac40eee7d3342297bd2a81a73e70f12a8616e46	8044e3bb9ebada00cb782be47594db818a94f03a
463407ec0037d18eed4ec968c1953d3a21b057da	1244c8c1e9d0288393d1603ecdb5f36b6a73a9d7
ffbf810adb71ac20c35bed6b2b831904bc5641d0	4dc89483329ed8a8b86671f74fe44ff4fe009497
64f56ad8bb74c8a9858189da437c743ade2d3b72	ef4958ab0ceb0addc3adba2d50334e363adb8ad1
cdeb5fe1896d48eac11787eb5b0a93179ecc4136	e694cd93ce1264a0675258ed66bc27c3b60b95f1
917023adb1f7a304c147fb577db1786d7bbfc07b	5fb201bed55ff8205ce7f0ed58352a412712dcd8
55ed373a7b121f9ac0e4f800324b734fa3629392	afe2c1dcc90199983fef56d278c38519546841af
ee1b27a095dc040b2f4abd490478bd75bae6f617	12c3f4f2c4c2f5d222528213c81f2d90f53ee2f1
0fd13353d2a0185e1d3fbc2d965887e998518f39	a968a29c397aec97d0f96e0f6aac70a67fa9fdc3
098c8380e84ca6f95feb7c800bd65d1ba570e63f	5ffc29f5ddcbae43571ab651e4c295685caff355
b039facb6e4ba54da0babe14928f25f484793134	c8a2b9ee955c3f15b73f4a0eb8aff0e68d01abd6
380c722da681a3c0ab9c22ff447a93e62065ab3e	8724e37c881ffed72278f0316de0bed3f2eb26ee
e9b71b3f66c9acb95d683d525a4057626a013321	73e09be0ae3f82c7c447672284b447239e17a4d0
829a2527e592e87274a15964fb7338815c12180f	d8529b9ca590c6ed84fce4ed10e96fa1336ac147
bb5220762bad1098e3fb9e33bd07da860ad3aeaf	77f19016871c3a3b2e6d7b30ab74a96a6206ffc1
8bc609db9872ef67ead5a376de84f6aa1d8fb148	fda978d39a045f28d8701d58d55c78c12cb23b9e
2675f85fcba301f968da49a2a5e99ead620b2814	e58f9724ede2d5518639afb1d19f75a23b96b954
e502a413b6b0edd7114a45700d300d8d29d671bc	a9061d68ff8a19a99cc6caa29cb5bd3fe3d4bb47
21bbcb0ec1ca6113181e033f3a86ead23719f84f	19efa9cf11dd51a9259610451883c314326e3f11
7f08645571ae3ba98e2f72e7b9b304d2c892487a	34388cf5bc1599af165a6e6737f80a3db51fa1da
41f2a0dc4d536d85501617b305bcbfac22ebeb16	a4d83242d3f395377dd9fad77dc2f21b20787b2b
7697f0935d9335d95918f4de2968d652747755d1	f7f66d8b12be2fd3b7639c9ae440c3dd582c75dd
2e53a7f0512175e8e9fdcf1951f1ff4fc970441e	8bb66935699a558060efa38a8f42239cb53a68ea
2779c82e95c3d44aa48f22dbf8de838483c0022f	ff2ca8932773de2057e94bc2c5e562f4b9ede288
9239889c59b948eeaf15534c7964b8b93cc338f5	e3d7caafdee56d57a1f978ec6835a2756c753cc7
67e7299abcd7de3a730020eadf22bc0c6b701a93	6b02ec2a49b547d163f9860a412c66202f77cc26
4e80ad72e42abc4217dc2b996b821da2938385d1	0d9dd50eece14fba7815995505108d48a2a4d9c8
49eb63789eaac16f54195fbf6fb8a10b36b94b59	f3ddde95a7877fe6683aa6bf41966ffab24752f3
d71c654fbf59873a4eaeb398e3fcd55048d7b305	9948274adaced61d82039b13958df85030b7c7e9
a72c36be5e3438bdb9b53bbc46c9de4110e34025	448b289501017b2072e24a2f9caf40786747f8c7
434efb5d1d95623bf565d1254c6c06dcc0de9747	fd537de9946d9bea208bbf4b1c9ac6ab5fade6dc
f7bcd135acd8ee169548294b284cc3321b1b93a8	26a538bfe708fab519aa89d1a5ceb33b5539e44e
5ed2bead921ec7314503d6ebb37f177574ceb74e	ba359bc2c5ce0c66d645eaf86d5d3b09a527547d
b1ce7fc6948444492c0aecd814c4881d074aff59	99228e2f9024283dffe7a283d485e1ea2ab88203
dfe364e5bfd884fa0564eba09c1e77816c19521e	17e3e6f8894677f1c591ae6299e5bd2d7985dada
026698457cf9b3d21238b1cab8cb5d35bee8431c	d3cd203b1ef5f6c98a822de17e007c02c732f18a
3670401bab3e246552508e628fdcec755da7ff65	de938fc290b1bb4399add64de24cc219ae821e58
ff5a7b0b882e03855c82ada1f77bd1000c02abc5	6d201e672e24ba3a78c4ff8556dd873a49a90bcc
7408f3bcbd9fdc0852f439cd271f35196237ebe3	11d671c30e542237fa5aeb5f313d9058fdd870c2
67c0a6efe3c2f8e4b6cdbc2cade8c971026f2432	e62b1bc423a4a1b935522d40c320e789cd24d24e
5060c18fa2f32e2ae15be6ba1102b03b1d964ed6	6cf72364f0b9df143af655c5f14c0378c22266de
c5b68af23f4f7fb8a50c901b0059143a45206bc8	f8e517d472f2ffc7646e3be09d4135d7b890e727
8f9bf074fb706d33ba6f7fc629ee2939f9cbd15a	77bfcdaece6159725937d143a7f2833708b8df6f
b485cf1206cf1e2194c3a9b0487716f4c86bf328	0d93fde4d5e0cc14f9cd00629594f613166c8ea1
96f0b3871aa605bf57bf73c455d958b7affa4401	b9f1c37591a15595cd8094fa7528b475498515c0
b6ffa3e4982830d9332b71de4a7be89d4214944b	3e60d3092af5963d694eafd0d3c479e4ae3eaf20
fc655fdde65635420e24ff7cd95c890e908cc8d1	4bb6fd0067acf59fbfe5d03cd4aa8999da76e449
a625ff869365f5818833ad8d07a7a30afd6ebbab	5821551d280f48d812b5b64aae8fe6661141bf75
d1ca4e23d1a53ede88cb48019d80c962d905a404	becca97096d53f01e7eaff76d3f133f22e6c9500
2089f2fd7578638548869281849ea8ef3a0e48d9	cc004a8017e3e544d73e02bc1ff27658590dd5bd
02b63e5a225d9fafc93b45a9a55461151d2aa5e3	13e0ac75baba404b8a5967d17d138ceba4518ee2
74198a7f94c75ee996598cbef67783d0e1a67f7a	d4c2507d37d899d1fbd8629c9fd91dcd8c6530ba
417046ad0073e8a846d884bb126592c904421e69	f5e418f3ed2aef78d2e72d028d072ea3758033ea
26b444299300886d403ed5c65ebfa9b0f0182928	2118dd41065f49106e7a094b4dbcd09127345f08
3bbcfd11b2db4d770e2d6b5f3e27d9c4558db0ad	c5efc94071433e368a9f64e914fbf7e1905b144b
96281fb0957660139bdc409bfaa3e808bc482511	356f4d9ccb93cfaa7522c736cc1cdd2d21314341
19f1a9c90396e660a2023814431fc2f2518b17f2	c7012ff4cde88ab839431d257adbf9aed1fee184
3466dc8bd03cfd1fc645ba2cb7aef2078db16173	d686d68b47211469b15d15c2ba9661e7ced71f56
6446d95d8c9ba63a0bb34324e49ed973807eb319	ae49d29f5f557b5dcc2adebc34f00facdfc8a906
d8b8b3b832995519a2f1ac69ffa01c8c8b3ab455	fad00fdeee6138c23b68becb1b3ffde06e158c85
e6fe4849d3deaeb3dbad4203b0d19efc0203f18a	1756d85d05c6fe934c31064f8dabd28b49e4760f
c78f2bc407a5bb45b184a8e0c1aeadfee251560b	71cd7e050ced6fca4a3e37d41148ee5142a4f865
29ef7dc2e3c9bc2d2cd9a6ec60e9de01577319aa	f90d06d0c911f88c0c3b2adb2e12bfb7cf5df6a6
d985a85ccdeba6dfcc7dc8e111d7080042e855da	3d3359f69ad2f4948fbc101dbcd8e81861617c88
7072d194cd526f2b99c25387a51016484954e9db	aa668979b4cc10434a14e6d481a0bd00d9b8063f
874257133868ad869600754577e072e2c7b8e563	18ed06c6a3a78863bea8ce8440481ce734effb00
50de44b30074ca753ba977fa92325667d3f38dda	8fffc2546a2117fa0d8f13c010b9aa038aec5e3c
a9e01a64515bb367b118876469e2bb52b72be05c	8f839c0c779daed64d9eefa38dee0bea715c172b
75dcfbb512eecdd89f5ca0fdb1f6ab70463802fe	53ec3194ffb067affa079a9808957a9311866cca
bbfb6e3965d0eb70b8741f2e9654c3653ce8e61a	d85109be3731a83d55c89cf6424daef71bf9fdcf
93f534b73e6c49c7474f2c783efdc2ff19f0da43	5b6f9939e1f70107b9211b7ccb2e4a773a2f4b4a
deae71b089a6915671a3ce7d134414b1e094015f	4090460f0c8dbc6249d0accbfa5dbc16d3edb777
54a095693170683e531edbd8bee701fbd8595ab3	4a804f5e655812cc32f6367070e1c015af6875e0
f512a92d25327985353118f13ff5198d073effaa	fb46f318f785ccb1adbd2e742960c0847a628047
2a08e6927aa394df59d7b509527fd7e2fce19bb8	134b314ac933fef923b303ce01f6c668ddc89e5b
a456b609f1257caccbbe8755237b552d70faefb7	6322c508df4c16941f11a3b98df3aa6a92fa3841
03e1406f1038632fe78005b9504cef0f653fd355	542c44b94c9194a23f3849a9503df2236e834fcd
36709dafc369b954f28a601a52f7884e321ef170	bd8887758ca0a52cbbd53f50ceb5b76cf9d0d46b
8e8d069f23decfd46b29c569986b6372bb59b332	3c74e173c814292bcae83b79134035c7c82d56e5
f281e38504e0e321841f79822cc04a0bc77027cb	b1da31b1c1608dd8b03006d3d005a0bd0f6e9669
f9870b6983732874f8f38af8a957777647503653	9c6dd79fa64b632cfb9409a7419860dec9016dc9
f46d3b381d11e33f1d1385249aa6463220568cfe	7227ab6a8ebc6bee43d0310641eee4f48f8f2e9f
77a02732ffaa2a038c72990f7dcbd14ac84f3590	066544d1eb66c06430c3eb6fb3e4ac054ff4e231
a5e7afa536009feb71e4c1de86427d3f068e7706	7c3e94d5613ec5a9502d4c405ad8b487f8e956fa
21076e8833a432e659375df1fdc060ec8a15d979	f3063f5f9865253a5ffe00a597835f4da57cea0e
1b43a5b17824715634818e0af30d030184c425e5	3f0ba0c7c2cdf0ee8fa9300d9e944f5d58b7351f
674433536f48d7424e56ff4047382a3836728f57	26be98a3b9b8d761b7dba15db453f67035967e79
bc64974d22e81baffd84555d82975aa083f3aaac	e9630770986b01850377eee8cb915b55dbf0b42e
39a7301c42ae060f1cfb9e3a30d8bc736238a289	7b67803f66e00913ef59651b366f6b1b8409990f
9d5c2b454e46de6d1a83e637e32b5a02be75f4cb	90350c184418a83b2cb40680e9942f5e1ad17756
3861bd794193a2cf1617efa4fab3a913c945d2cc	eaaf58ec0b3ea549bbd02c19c8d5b2bca1902c46
5e0862d5c201d557a4070d4f06862a8fda17ebc8	928cb364505565b4a0403f7f7005d62a298d4470
93c6b2dd2f66cc5bc28893db5f50c3752593f8ab	4e14f16c50382c7108fd2ac557a8ce16c947b9da
e4f9657bc3fbdf4070bb969c1d20558a029d00fc	79af42e7f40c5f5009fa5da6c08696058683da58
70798da2775a2bb5495cf3ea3e96887511137d30	ff036ae3acb5afeb80c7c3456bdeb0ea5120f4f1
709137d588f465c5dd86be46ac3a8786a965c32f	3c6a07af5b82c191829102d0515681f521d316af
d4f3fdb1b47c892c6cee8bea873b585dd59ad6e1	5014cee98825cddc9f6042f19817d941f71e547e
52a2ea88138020b7c675b2d7c341768f15bf4591	511ed0228318aa8186e95f99db43d86386a170c2
02415b80d424d8fbfc47b99838a7de62b9632262	913fa595fe56bbc382cef845d630e26c74d0ec29
5619473fcedb68faef8a026f7619618fdb2fd09a	69312349066bf0438fdaf938d2f2809b2f8143d5
f6575cb0003ec2151251fe2c5775133c6137092b	816c1125b0968af5bffed9226732f06335bddb2d
4db58ab47cd65dd9afdae6300a58a0d1fe3a5cc8	7d3763806720cfa864fa2fecc16b73481d9d7ea4
88c681c8bf59433a2c2d6a23698afb1a90a80744	b2b80c1acd5ca0f68d0b5128e6cdbb4aeddf6475
83d1576c1f708933e22b0bce78764cec5b964f47	31666a1e2cae0f41389b878e963db00a385014d3
1539adeaa1a1ca52dd2729c8db03a3555100cf75	38683f5684ec98c361f7778ece18bd4e791d7ced
51b67fc6034c2fb170d6b1d9642262422bffef0b	95c10e9050f8c7c2e64a1af50820d0e996aa56c9
407ca4fa6394b1d39bb886dd34e26c2e81bfa06a	26593e7a7cbedc591925be64a601bc6afa3e9f76
b8e8b71503c75a25ef3639fd03e66f211b77f90e	33b53fa0340237888a990ef478b1e77087e90d0f
76b08e1dcea02a854ed01076e713bcc6de49ed9d	d995411ed1d23f777d2e95e78e7ae270773d2d6b
05cf17b9e2ae7e779f8cd2ce382b0e3ee445fd3b	2123b93c1c0508bd17cb361d5d677fa8fe7981d3
03c03f0128a801c24be371740f8cc9db0b1b9d0c	7fc3af7664a1776745a19c55c880ce01e2e1bdc4
a0a1f064eec2ea98fcf6c8462629faccb8084f7a	90b923157374d96990da205c3c1c0683c1ec5b08
ba7ae06d98a0d841fe43b941cfd5fee4d8cb5678	625bd33b1cd97e1ced7081c61deb2d31b65fd3ab
f3b70d45d7f89966d548dbdbb1d40444f19cb183	38502b9cfab9d40092a5df49c72ca07d1353c509
5ecccf02a8a715049b2a13f0624fef9ae8f4541f	ff645d353b750783cab1a5e8293be92efc852b15
4e719920c3f3400febea4eb8cfc3a177b79c66ac	1d5157855550397cd3c079d96e9eedac1825ad10
f6e1634c478a5a10a081360efbf306af6a6a69c5	034d5e178669352e0c19fd53fd938860299f634c
aeae2794439fd0ab289ecc5eca2c55295ac83902	bf40d7a2378ad1aa466c2f5021d1b02153cb730d
2824e3afa22bb07953c3bf203a5069f0bf671d70	7cd86eda591c1b2abf9551db8c42d278953bcd0f
3f09e2368db04a3da14215c1917e40fa21a6c0d2	9e7882d01f7f4e512911170e569af44adb95c8e2
56e7da4c066ba15b54e8e9a18dd103d9b040f8b6	1d7f37cccb25239eba8abb79b713b6ed52f2dbc6
daf14dd9fdd4c5ee68f611623ec6342899f3718a	9e9c465114b3b5e3b2a83b3f6bfc447ff53c5d90
0f0025244d4406d230c4a04eb5fe652431d4ac84	4fc83817f08d8386943a8429980273498be014b7
a008684456d09d3bdbaa4ea0cca309fbabf33c4e	5882dcc0280e7920b9218b7129f1c639934e3169
3aff8e150f332fa55f4822e9094b482822d3f4c4	d2f137ea100febbea2ac9901df480136946912c0
7d624a5e1d8a619b0474d2161795566aef1b4c36	0c8d38452202060b050df2d0469fc6fb713234ec
099c15a96c4c05c71e7ec82a235f7ae32d502b85	76e0a68af44cdeeb6d534d107a432c3406829a65
6b65627a6fba7011d9a3bb2977edfe5ddd4d0bd5	22a9fc5721c820c2e3c2bc0ad59d501d4b9d3292
5d239478ad484b48ee0f81023f657ccc9e241e4c	40974277e3f3e8b4d0126db7cee8de1be0d4b6d4
aef94da5df6301ce7a55b9d2af99f9f87ec11e98	8fe5ab5c8701f9bd1e5479c45db73e1afe358899
0bf04fee0b22927fdc2943c721f1f636642310f0	d2bbf0ed94928bb16a62b23d619afd57cd6fa7d5
4c9e987effef507ab2f389fccef0b0047106aa47	fb11e30d786d173a98303ae2b01979a9e462017e
f87af2b130c67a6f3526f737b7521e09f534c161	65d5ee39f2b1f1a3a5212947491cc2ae8f58165e
60aaca031baa1511021598b0dd6326419328d857	f65dde6f7e35d854803fb173f78ec727fe3d95f0
99751be2592ab19aafb7caf0a57196215af65e17	6a6eae2fbbb0dd9999c70fc8336121d3f2a73500
b91c232d88a21fc54768027b970ec9ec3ee8d0b5	d439758bf43db8da7a36b73445b6b7d476815057
8a35ac7bb16a52a99577790ca435c35587607a9c	541fa140906aa307e61a776318bcea2c5ad616c4
cbded4464747f9bdc5120f43dd075414f265cdc7	bda65330576ea273b4b46af868cf721d3522b9a5
9a92b661a36f05a7f08632c6d017e0638d403594	6758b68307f1320252f01d7be9260a3fb42e10cb
ec0cb5bdf73c00c6ea182cd4accb57eb526aed17	06317e638374cacfe47df68994095a4107e51bc7
30eeb17c34bc02efbdedcbe026d6ed2b25dedd82	512ecf6bd59dcd149cc746ba57a8d599324245bc
30258413cc898061318f2e16c22e0cc70daefb85	51c1c0a92c6f8cab18bc094d9d21d429243beab1
4315962a3cff01c12e5d7b0d1532502931fa2328	29a4b8bf26a9226ad6870db45adf54b1841fca1a
0eb202e85f2edef20e03c09dca253919f89b4f6f	ab70595230cbd4ddba41817431e3813d2e34128a
18b582d0d10e5006d7261b4115c8d8d61f092e4f	b6ae9c9b4ba660507c0fe1048ad54726db884cae
7c940e81180266faa21049055482e2d6851d0ff3	2286b415d6b7d156243bcd6b1d3037f9f2eff341
1a2cf5152834c32a96a3ac3bdad290711bf0de27	4abbdadbf8c08c63edf5766ddaad1441a808f392
fdfc7a24849a2974aba6cf53b4101036615a6c1b	9f55138137d72cb5a7d4b11d3a2892ef5e21d250
987c5a30cfac9ec2b2ebb977ff6b6a94cd6702c1	da27e933d235f3a9fb6b67f789d14e10e14326a3
bb165cfad4a6d5a261f08951a88d48b3f3b0ca8b	e644949f13a005acdfe00c1a5e2281bf9163b848
ee7862f4074d43bcbbcc5af743b74c17ef55f1b9	5f7b3ade21166ccecc28cdacb7337727f5be5434
58f66978977bb1dfeff92e6419b0641c9d8da73f	d8115eec88038d31d2fb4f41fac5f458d25be781
91865b726b03f52cd6dffd92230f8a0713ac70ba	303206c0908f565e280431505fc7ef70755b7c73
5ac36e79bfdf6ee86c969b93c940695fa4b12489	40a9dba6b434a76acf97cff9418ec5f77acc3d22
49dffdd773999d5e11a9b4003b09c266e02d15e9	3d50e10faf3437d124290dba4b9bb224fd9c981f
1530c4458d8b706cfb61b2e6019b1ed19db65da6	0b18a6db91d77a607f57330c05ad4b9f7cda9d24
ceee79aea3494b6c2ef55e2eebaf7571845468a8	3c5b3f1d667180f54e972710e5a6bb80f6b5ca31
2a036fe8ddb0b4eca6da2cfda4f53557ac19075a	c74a9e48f5f7172e423af12aa06e0e72204e1870
1e975928ef0e0e45e891a5a724bfcc546a3c7cfe	84a59690e9c53fe4139e9aa1c824e198193ac253
cf5729f420e888a1bbe3e876450dd144d58b3c5d	8466b12c035f913761ae3649d0cf538645424c49
7230a7efbda2523ee61cf11a513b0f476b58184b	2580e9d14914656c939454555861b7b22e49749e
98f4d8185a8f81f39e55bf26efb249888d0f8d12	cf12938c057bbe1e6bfc42dd5f58582592acb012
8d7bc9038b1486a5cd9cbe8c75fa5b89843b4a30	219bec6554396e26567ab0db08289954420dd21a
469753a907de75bcb125a4137e830370b56035fd	762d954b072001916cd3af41c818bfafdef47177
62a3b32122f77102e4c251b36d18064db7be4d63	f13c688171c907be4081c12a339cb45961744e28
59fffef7836866f824bb5e7b2a40578a33ff9c12	1a6e9c14b0d78486a2bb59d4108248714dfb891d
092e1a223ba0f8b785465b7e48cac3feb11ba0ad	1c083b0536ccc9bd89c979f097d072e92acd6f03
2f055697c26e3df5cc90793c25a6b7c3d6b97c92	17500f97209c5b8d07c55d88708b18b7844b274c
bbc5dbb46982ccd435c0b3335d103be9de48b64e	50eb70eb665bdc90621ae7138364532b7828a3c2
6e6493781d8f16fdf12bcf220c537ac147756b1c	206933f058337ce7d0451c0cb070801fbaa6011c
66c4c0d79e57fed3b196d36fdafcef8fc1d54fb4	815e126a70873299d97a6ad6db6231a3f7aaf6a8
9243e64de8aabd80f89ddcf585e36e3ec7b0459d	c49f3658ada71486c1979a7787cf7b0a76d80e99
6a1935b5c8bb947c0d35fb5173e75987adefb26f	0c440efdefd83d36b22bc15fd1ae67af2e251029
76143edba38fccd27d2f75894efde936ee40b2a4	f616a4ea9a1a33bc7196a2b587da3fbf8738b2dd
561d71943ab8bde113e36ce0a0ae8cbe449074f1	26e451f08322c2b0e26804c4902857bbcf110ab8
5fcaf6e7f696f015c76a7679aee7ed659bdef713	9151f0106f39832d96e66c828bbc6e90fb2fc7d3
cc581914af785a113490201f3f456677899e4786	305ef98aa4fcee44f4346d7e454cd1548d3f7f1d
2287d461712db890a09a2e6fa4365f98a9435dbf	0de760fb5a9ef4cb1ba923384db510f55cfedf4c
016f74abaf6ae3079f2083e53de36aaaee8df24c	18a33bffb0143fa8286331ea88f0e87cb4f4057a
bb605cbce64d2dc5ba6db46a5ed4be86fee6168c	ab7baf166f30233cd6859c01ea88001280963865
a765602affa24063508ca116841d14abf5cd8b95	c7bdc491dc4a4e66b78ead1ebf03b1855065c3a5
9d2c1081e4be1dbf1cf656d895c71add518d0efd	6013ca188e3a8d52a04b05b5cedc409c46cea04d
ff9b200c03b07aad3683d0d727122a10c5de8b44	4bd8acf35bff181d3a71f125ddc6e2817002571a
4bdbbd584f0023aee3fa196b2f10ed92ef37fa2e	1935d00803b26252c056d8ed0de2d7abaede9c3d
871673b1efa8ddd59745e24a144f62546f14cd33	ce211f74844c913649820ee8746b918b1571a526
2353ec9fb26ed3030a552f5c67933539ced90700	afad083f79e31e91f6b852015b9c9ca17370b9ef
b3ef0622c7844b7a9ccd989b2b1c033e040b4caf	753a627f052613595b45cc27220764759470cbed
b45ccc307e061c092a87aa23fe07d71bb7af3071	52a1be73b93b66799a14a538d31e119e7c862571
61df3ad4f7f7b5a0ebf7fa5df317e55db979c451	b1fd262b64c7af4a89a77f9c440f55929159402e
1143fcf301ad844ec8a7856eb6d05f4433b9ca2d	66d59696cf9441ffbed43a470fb33b32ab18c880
dd6ba34eade65f57b77ad3bdc4a250b10a3e8416	1ee3c60a9ee89b3546999c57d641d71ed16c9a3e
8772194f8400ef77d341d90e38b72f5337602a6c	a2e0cef9f70289766405fd2cd818ef7df5ba5147
0fcc8d26b5962b5c20da72f86c2cab845204e9fe	e1931c4e418fa2f77a32f3c97b7c649f5a084139
3289229699f31ea2fd05b6c33545d575fb0157dd	caa95575005e97281271e8799dcdaa0057934d81
84227a75496864b37619e1bc80ef029153adb385	975612b8e84990c62193ee83f8e4c85a662704fa
199b5e42cd2a7642f33dec44a94de5e69953593b	459523ab7fc8d741dfb0d34b4e5ee90937df8f28
dbe1247a2cf9fb546535d26fe5c457f8608dda4a	ff68bb91b20175d6e9b4f095ee12a8b899149b28
9525910e79afed0f039b25fcba5c90f43098e6dd	4bbe25dd48768f7d48f338e33cfb8377762f4b3c
48c5fc385f7237ab2dcf1014bc27900ed1accc3a	a774d8e6f75fc895b7a9dd6b86ff5c1274dde4ac
19d1979cf36b65fce50dfbe03d19808c62f19d22	c16321f57dd2d1b21312aeadf0c5db9ec2f06806
72e55b78e5ef1b9209b8eddaf4c0deac765e74d8	4e0c234cc1c5bdf7e41698dbb3e576b373691840
f754c9c7c09798268e4818d3098271065597b818	d935c4f7ac6133599025af1ed168d17b754995bd
4c1ca736bdf39d816604646b3a64ffa497b21e51	f888f00c2d686589e1d5ff2cd36596a080ec7667
ad032ffb40a6699dfbd9ac2eb6c7d42199540b9a	eca4cd1a09189662e66fd0a152ec07d96034b351
186eac836c32fb7525799fdae2bac1c8ab5eb929	1af72b11899dbffb72a82a93fc31c10a77481989
7b740cc323a71dd95eb4d41a623356a310f5d91e	b5bcae2d3966303e70d8498dd0d3abcec38e87b2
0a7fb443bb62bbf13d7f3433b6fedb2b36294d3b	473b86784d9f811218c0d2a9799868572d5f25fe
230f07ec71ab6bd1da186a7c188a2f5755f6f49a	4799301113aa47f45657893def561d5bd70917e9
b8d92632c29fe7294e29edc9357be02a448114bc	d79e2baf0537ee71885a28b65e90da783be4c9ec
9b60c48b85bda903e807242d5ef242ce7491847a	5a8cebaf2c7f1d500a74dfc0b1a5bbca4e869d03
96b95f32bbf447b1480000a89111f213298cde15	51ce7c41ed4dada508bdb46666532ee3e836ad41
3e64f12c183bf1ab462ee70056a0c7f263ebef1c	3cffe4b2c34437f14104f3d6e879beb090157896
f31470a87a085739bb28638fe94501a29d59e6f2	6b995f52062296007c5e4920bf9dd2db604ce5c5
b1c416299ac73004b0735f362950ca5346e67a02	8b6ebb2106d5c1b05c9179c1f92738f2b04b667e
06a411904a4d7dada85eaa6566c050a5d1f94e16	62ca5222cdfcaa1bd80cd78f0b73e63f53655406
1eb1cc23e7b17479d1393c48ee434fc01b8dc311	ef88071508baed448ff67deaeda8e6f3875d3dea
dd3a5fecf62650201ef4196c6e49d14063672488	c47a58422f13748d71bf78cfc0bcecde0f0e68fc
4678327e24c4a92a40f4d6384e3a78a701fcf928	11a5792c0360302506d69ab63b38e1dad786a25d
285c6a91d500e283859013de23e434c058fb3318	4f2c040b3e64aff15811f857805bf6536235af56
1957b7eb51cce48488a4fc35b9232cfeee1f0147	892ca7ee23fdc78b028b6b181d7c66c047cc06eb
ec3d080add17d2b684f28397ac73e9778e3dff9a	736b7daa8c046944136815f38da5f6bf1f4b40b6
6d8ad13596196f501aad5eeb25d07d00ca5b479b	32b61ead19cc38ddc37d3142d2181207104472ed
5b1160139494c1b83cacf13e24281b81fa687279	9656cf4dcbee8cf4d0105e441af8b28b66596a71
6bb92e8c4e34c9c5bb344d96c12e559e64a5a6f3	93f9d882b3f10111b89505170f9501693574faf7
bfae8a10a75a54102f582bcdc8a02ed5cc0accb3	4d742a7e620acf63ee19cefba9e308868b1df78f
40da2acab2216417ef013d1134b34ad54ac9c9e8	f286500c59b475ea300edb1800388515a06c4444
f31350ab9c2c808480a1810622b3ee24d0297ae5	db1375e4b533fea1512dd59b4c75679e163e7576
ea9d6dd01beb63406f03926c5114ca5e2dcb4260	dc4d05fe121e6e0ec0b921af8bd6650189476194
a4529f5ea56841daf4345947242530f28ea31976	8ed046953e256ea3b55d91e8674a8b859c8ab769
708c2c21a8f78b45dcc518fed5062032f9b25160	b34204fc119fe5a61eef3b6b51830637009a7d59
596804a5f620acc25edd621a7b318b454a491922	747be28a8894ef3766f5faf2c1a7c72658f83315
7fee4f63eae3a42e9f95bdc2c83d137d8b6239aa	f207275baad51359125e799cb84d82b967d67659
df54a554bc119edb5f324d7449acbaa5c639e5a3	7cd64efcd53cea713bc1e1940fdb4623d4a2015a
32c9f6d89b4065ba92f2cdd4a55fd3c58ae638db	9bb69f76486efb6a9a7cf82df450f57d2cd54f32
0c606ba94dc10aac20ca35714c1aad5880f75a09	73ddfa58e4d87c6e2302da732c6c49c7670b0be9
6abb76bc4ec508756050adf7fc4d31caefa8ca84	a31aa21e08a65178a27955e8a16699e452bd05eb
c2f98b097c3fad2cb61c296c61fd7be4930dbb71	01d5bf14ad6b7e07c33049cca55a1a82856053ec
d1d11a328774be5ea7b6a8edadd52f127d727d49	87336aa8d46010edd8734c8f1bf99b55ad4c5bb3
2e425006e03b261c256ac9c23504ded1e4b14dd0	c1a82e395ddc4e08f2692ca75d194e96e13328a6
981d42a74faac332b41c317dbaf3622afa4e68b9	af4119090bc7883412b64bced727094a2186c1ec
fad38ba22167066789554ac51950a62d472ef28c	f34466f8b18b937e65acdd8afc805184aef80af1
9253c363262f0c25e3a1eba81af91f97287287eb	f955927ef4643f2c768fc296cc1f6eb021ad0261
144bec8348e1b4903e38c4e98c05baf4335b1d18	3fc337a638fcdeb9df8e47e3e111ab769204cd5e
1bfab5d64dbfaec681ebe7a9e57115cdf434d33f	74cb28b42038ce46c3c975b958db2f9d3e2eee0a
e8efe38d4d4abff963bf2cd0c7873a0f9431471b	0257b4d4bea7482be6f9f47c9c47c4d45e4ca293
420a82168209e5665f1acf6bbad9c55125b78e17	7d26e3db041862945136d9aa86d53611c771dda7
70045fa13e82f07dc0439e5b35f630272170aa81	d340b9588bf0320c72b8f130ce538968650e38a5
7169f51bfb3afd316d5cc2606a489cc70e834737	1e0591bd3453595aff415f96becdb09976afead6
2c0205ba911ebcd1ff9bc59c8ea0669a83eb7fa8	95562dd769822f0e05ca62b1e54346b19d0f4a43
89725a10fce70036713014407c7ca498e09986c9	4350a04ebc23f59c926edb5cc39aad1d3fca16d0
c504bf81b29c69efd867a00b611eedd342e0856b	d69370e083cb7ef91c7a2964c21117b0c1cff498
8e9c8bc2434e959d1554979f3aebee65d4e5a5f1	6ee9a433ec069c6cfef8522edcd3d590785094f8
c87f52a525fece1210246bbf127a8e15a74d5160	ab2b6c218f82860b539daec4e50b6eba66a3841c
a0255dd0dcbf512a6050a90e8f40a62728822c5b	a74b56a00f6521d979d5dfe59fa8c87f4225f52c
aeb279d39dfb201238b5c8c01c55f077746fd4ad	037ac039ab3ca67f4b10e2251cac7890401a39e8
ea78ce97d221596420c5322af9f47ea1037748e5	965b9a031210240daaa3cefc53f39009bdd4ed64
56166e3c299cca1179b10ff9b0a7bcb035ed3b3d	854d166eae0271480258931b7fc5679fcaff176d
409f9cdd570777e39a673e896efc5abb826f0d32	3836fb0004e0ddda88db439615c590da6ae9b568
e4a24e0821e859bcbe6495961b9dda746bdc4a26	6da12d4141c3c3069501ad105b1c36b4cde93a2b
0105411d33a644f48f66b9a10b76bbcfe4cd283b	360cd61cd1be25f921dfbb7592397ca067304aa5
2788b72ba05cfd91c41a6d55bbd9d72bdea5f284	dab736fbc4bb8b9bebf6d860d3e46cc0c5ba02df
608358c31e0789e4cf2408dfae7c84d196bd2418	00ff06ce91332d789780fd4090bc9120be5d9f0a
d9f74f79e097c44bbbab03111fa89aa424d3554b	a59befaffad503e02d51480c47becd339615b053
0d8886644dd1ea64f26efb82920db51421cb477e	e5c67481f7e5cbff756c6ad6ef767c3d32918225
ea044e5be122f0ecf4bceffec36eed72ed14df2c	fcd63d334d9ac0f0af97440bb7f083024391ab8e
e7e7cc5ca29db8915eef4ff1e87c6188e1419edc	72457ae6d2f19364df49df9cc470ade60859faca
07bf23fc586510c7cdface78bee8e3c7742881f4	6e39f50d95b0c389f6df84d3ce0863e9301dfc3d
f3c5d7e27023aa346f2a9c514903667bb8284b5e	5d37889a6d4973950bdf2fc747c74350f7ce34b4
bf4cad0940a21fe2012c52021a9c33d43877d83c	c9ee294546acae7c8ba1ab33f795dc1d0f0fbd79
fd9a41a50914d7405ed2f132e6a0e5af1f1a420c	d71cb0261ce2f392c62a99abf55756e52beff3ce
806bfa9764ceaef320c998ac953f8b715ced5b32	cd2d518a94dd7480bf429e67bc4bd6da85fd6bf7
9db86af14e122ad3b00e57361c8830fe96a241ad	9a76ff705e1a13fce2ce621c338fbf8f0a6f57ce
eeab1f1359fa7b1301be2d2ca7c1c0473f61d03d	c34a495477242855b167f840984168e9e43fde46
2ebdc0e2ba4f56a80c0ca7b57b55d90ea6b192d6	ed5f57f56f181c4ce6b50bb6d4c7539326484bc9
21117d826e105512baf924f2df886e8363826dc5	4e8b0510c32a7733b97f490fef9a4a63c9d7e8d4
49ff8ce8fd1f826745b6d25f4256280e1506e216	eeedd83454a7abadf8f956131ddd175b5fb0eac2
b862a2709c480aa16af2a2d3715b76a442bd42d4	0007bf2ce282ecc607187d7f09870611a259b4b9
90c0e0153d9c310c5eacea3c25abee9f195190d6	f4521841d7b230967382dc60b4f987b56079651e
babb702ab6d0de40f9e6ddcd11618fcae8bcad81	e7f99bad1047314f9a60faeeed5d7e08d152a062
07fd4bf192935b8fad2ee0c10e2d21ee7872b8b9	452038f93efebca23f658408f7ce92ece52c7871
8737a63d765db9733a76c82289d16edf8ffed596	85b1c2526f7e2fc4489ed621a7c5a685ed7908b2
0df89b1cd7f6a1a8eb32f18f617f07e6da04ed80	21a8cfb0279ef668b7f6ae0afd8410da00c5702f
558d36395bf9e9205b67dbbe55d953af4107ba7e	1f3e36ca2fdb2870d4d5c134317f60046729720f
0083e7e38bf9fb7278972e1e2a821732e258575e	3547e51fa93957114392ea07d447589f83a0a06a
7900f6b9b541c79fe6b501193d4518a85dd9c117	84fb6be8388b20feb25d6276017118eef82f43fd
dbcb8643e3856e438331717cf0c147e9f5d42b75	98ba955a014204f289bacfb1273c4061d6a3e073
af09905baea0131692465750f902087e03870420	786efc141d5d41301ef5ac4fbfee0268dcba7d93
7de632f41a3c588a69c0ec458be4834f8e9b6133	5d9351b6f3331950aff7d1e9037a7da13099675f
be88c4c6f41dff2dfd88c5b1f381a7b8046d046b	c93e3b81a3eed537376dfb7f5f8c9c8435953809
d1e46199e46f8da3894062c93f7a90c8a2789997	2b3c54fd21b45f154e4c5b8178e2e1d2804dae0d
3e987e52d509a90e8a473832c9d46facdb40397b	86b4e72e1071b1f15fd18f9e67d9f4078eab2436
c7950559516756eb18ab7ee139ba607dcb0abda9	285e380f12d6c0d86d9a54854ee7376fa0afc21a
0332adc47a29b9f27445ff546402d40da64221c7	7c572e61147f26f9e598a32f27c754d7c09e0893
81387c813cd64ad5f33f12e89bf33a0e2f6abb60	5f1af00e5033d1583911a5a6893af15c438d06fe
12a888d76a01d2047dee08aaab9b1c920c01a199	3b74fa9033247a07232e574dff8d28cfa186a55c
6a2a7f86565a852cafa9bb88d56e940c3d0186eb	018921f9ef2becefdfe48c0098722f1fec40aaa7
f80b9aa3e9ed201fec1bf8d4d329023deee53e53	43e6607de35bffd6f08739e2f27985c9f5a85270
c4405ec42be6b30e1a362d651b98d046dea9347b	e80d0e4bcb17ba00f49694fd94842206af5187f9
1603f90d6ca4b594703cfb24c2dbcecf7098f033	ca61f0d23c68261cfcd1f7fed703126b0ccc7cff
34fe611bf918440ea1d2fd01e361c58928bf7644	9cec903803b33cea94a5a79add700a03d9eb3e08
09284f377cfd06411ed954f3e466e4e7d90f4308	bd97c04c6e35cfca44120c31b08d35ccd07bc467
85904c3570c4ebb3403bfc9bd14aea273c10353b	7581cfe51c595262b3e57dcbfd5806a99c3c442c
910ece25695bce3983281de9e3d65369b7a0a358	551e2747ef3370718c84ece7e829cc803f092fcd
f36af4d8aa4aeb92317fb3645c621464efb8c522	1ac54b5527d4731b100dfc6d1f1d7c533a6cb305
2ae5e10c1b8882c904412b03dd5ff7a996401264	f5683088b67b7f9526554a32c59ed9314c2e7334
7de7027a4b61f7861e80286f3440ebdb50af29cd	b2e144455a400659160d1fecc2817bc859a63f4c
c58831b8afd278d70fa27308e9191722d2e2709f	8e4900c6fc8dcbd28cc1a4a5938eb30159ead86a
1ce0e3bd0abc54f0e63726ee557e3df13e015772	f2a769e62d11740055699932a6ffb8c427a8b49f
da33e63d8d057149bfe6346b0f780aa7d9693be1	9781ced60c8f43ddf8ad7e80ce36d93f2fd601fe
447b2560f7a2d49316efabc6d6e38057d9b51e12	653955420d333fa512778c551354a35f9b7e2ee4
314590364ce9d921d33b943acd9823599321647a	8c8ada8abf9fb778c9d76c7c0f2999640ba7695d
cd6d3851233cd4fdffb7f437edfd3caf489c4d32	2430532f4161b0071ce35c44847d2206ec5153ae
9f3170d7dab116651a745103b3d0900f02979235	e2a80c9c795fede80a5d0dc535e7066d8f0eb31d
b95ef38e6cc3531fd92773985019f4bbe80a2a87	9d99b9b61b9b1b8d72941f85927a034842a90a69
6f284ab99f2afad126aeb267bb78b3d353347a9c	a8d53a0597815563961f54261c2fe3fafe23d6d7
81051148d4484467e240993c6908e351ae86f68a	f03c3c3ffbf987c6cc5a3a0f2b526c89d70877e1
07260ce29e30ff0162011ac4b26f4f4ef33048f6	ef595bd882b8d15bff62c96f4df70768ffa9ad57
a64e2d18e4e0a2a849a6578f2a475c1aa3c62690	1da90291ca91df4b0a541198c0cb1583870e9777
a3d8f8680e72dfec5bb904f78b5d3a2717e5eba5	3b530c4ed3b80153322ab45b01a541946b41096c
38701d5b6fa2f781e1a7a04f4b1fdecbe2e16d50	3298558b6ac6c19845ab48961cf331886325a7d1
67af3bb9bd81cb8de1afc4fbdc019f852d25de5e	3f5a21392c192a55a989d24e0d8d68357bd4573f
98c29737528fc0355365bed2564a95bfdb3958c2	ca54a26f08413209db00452b64c369fe26561384
23f20f1f4bea0ddf59792f636e8ca506a8fcb91d	421a484e1949c768af6fba31e243ab56eb089579
543956b1c2159012457f0a564903bf71b2b4a1c2	fae527e8a4923baabda7accde12937e607e33c9e
318168e6a5a9e64ab7eb29481a726aec1c5fdc2b	5619a6fb9578f185fd45bb30abb2eab9f656f44d
8d75a73746651d61098d6fcedfb81a9ac38fa93d	789df96a1f1c9bedd0ee2549e000927699ef383b
25812a0337a7465ba2f0c4ed4fc6f7e8e53fe8cd	e017df753d43a36460a20029d7bfd74372f188d1
19ff634d97dfb44b0da7c1eef2f6e24e8cad7419	f39312bdd2e8406a3f61ed2235b2db10d153949a
691e04b6f593a193fb45240f998cc9ed6283bee2	d7742205d1bd8f30e9fa61c79132b027fe4d29b5
54a65f68d383b46973e9dcca1dca13d9e6f5874a	7559cbd1b0f990faff74a94d5b0ed7922f5d14dd
e1c2034ba4f018a0e743844529ed1d313cb3c580	5dfeb1326b0b94087be89f32d84f7e393cfa99b3
94ceb51180e1af045cee28165eb277771c671aa3	9883709f5624454811c6e968adca3c8f4f98d7e1
edac0c212dedf68460580c0a4ab7bfd8083bfcd2	224cc044aeda51bc32d59b17681df825e95bdf90
6b5f39e8a4904b2b1aedda55469b4728ae0dfda8	339632da2cd4a567c15ff955a59f42b8be9c0a39
ced5ac757acbc4055d49a448bd5bf5684cec313c	c91ef1d5cf725b7c2aa716623abf4e633e34661a
94729a38b7657108322ce2b761a026152c7a685e	d5b732337c3dda3f578bfb80e55b7d40e3b650d0
ee389b8405c705f659b809be091faaa50096f3f1	6e0850db9423492814b006019fe5d3202dc961dd
3c42d1ac95bc0c2f4499c46052d4c909a295d2ba	d728ddb0179f80e0570808ae2231396711c86939
d19e4d6f57aa74d8da4015abe10e4d6c947a05f2	03f7d21035f0339ad2fbe843084e0b551d0dc00c
3679176a85abba27c68879cb171abe087210b4f4	5bc7b0fc63a8c454ee4c34e631e78e15c591d7a5
bbdb53deec7316764ce911a8ad2d05b48c3da440	2a734f498c1ef2f166fcca7c74b1d992eed08237
43ed7e4f72e37bf7ca88b5bbf00c20612a99e04d	002b6ff3c2f979c452d18e6ee4ee2f216b8b775e
c945a3b2b925ea052080fece479182447a2b3b11	0bdcbdbdfe0c508ffb2e0c86113401613f1b33ef
f0454ae540eb11d5a0cf2480047e8ee1acb7efaa	71f67b0b426cf7dd0a59393b9bda93813b036d44
5ceee6a711a56c7b6cfb2bf795c1c70aabb4684d	3a2981d26074c000355c290686b5db0160a8301d
fbc10febbda0b9b5849701298fd79b67f35f67fb	c491b86c98a16ca6642ecd0e3d41a34390b93c36
55e9ce4dc422e9f70a4e9e43e1d1c5eaaf0c7cfe	a2063d85d1fb36ace52fa370943233a5a902793d
3fc16f46dedc83304757dfec756a1d01ef9c916f	9944012d83e8580c32b17657884072476bd650f1
ac88597067f33671ec6247fad12a621471a55f47	1a3bbfbd7982756a3e6651f358f726d0854b5167
5b1f4f7acd96f3608bc293477376ac38c30ecc03	6cb477946875fcdced6ab3d65957f3d171d60144
6d3704ee524034858d314dd283b20a237fd5d795	910fff13a51133d8f85cc6006fe3e44a5c6b2eda
652050af8c99db74e6c286b60553a31860056c82	f1491695cba6f2dbbf1733dc55e2a2ac2678377e
0a5b1868b07fa1c508c67af5ca4c783c5346f27e	c12124cf7510e294bac73f8252ff48b38d7f8c51
9562a441ff2a1102316d0d12102a11a5892a460d	40022e90df6a32635e05de1fcb0dfd40ca42bef5
56d6cbf92e7a40e200082e319d7c0755cedc0492	4ee0c1ab9ca352260f775451f3981eb5ec107661
d1a0751fe7cab8f2256fd6531cf31f461a7f08c0	04159ed5bc8c4496886945dcd5aa88a1fd271e7e
a7cc9288cbae4a690a32023f733ab89e652863a5	7a7c9b979a00aebba6676713380a488a893ad1a5
fd9aaafe3c9381c4f6bca98bf637b7c83606287c	2dac3a48c60f4c0c9e5eee3413345154dd4f518c
45741cc2f9910177a875a23c6c29b8d96b468559	cfccb26a161e13da5ee239f45a858c80bf0dd9ca
6e1dc4d9e7221bbee2ee5666873bce1bc7e72ed8	feafdd560010417341df548ff17595b090acd27d
a58b2ddd711e08d2378cc0f4767126ba3962c112	baa4662b8b32b0f66888d9e9be9bdb931c69cb63
41d68d50dbc213dff68f7f98f109b49926c6d0f2	bf6f1740b602667827e9544220e93d2ea6580f1d
48164ee5243086d92b7af162cf9949ff73ec68ce	7ced1dd230ebeb46965c7befb9ae694f2f01028f
2476fcbf5316677dc5be24247584688f886d2434	06ec5c7102395fd39a0a397aa496360c04634a15
f6635185a798d158a8aeb305db069649465b6cc2	64df7599e53571179af92aefc8858cbbd04b4a16
230b28e0841d1347dadfa42053ade0e83da75156	2a1b83eac06c10ff2b62ee1261873ed8014468e6
1626a808b9f96f4ff66705c27ea9e7670986d6fc	46a9e5e369519122ccb2cec78690cf9d263c9b34
cb86dbe66b8771389a55d8acc54392db13bdc87e	8473f0c63902d272d755e9b429fcdf3304f8e1bf
14548abf1ec0e45ebb0410f3e591afb7f4850dce	d31856551d40cda4ef1c453f04bab53f2a79e6d7
894321538b60d35a113d760cd058e9be4aaa9a34	570b53364a286b943b3d3c33d40c53293c4af9a4
36a3bcf67c74f4f8035ca8cae8b8647a7e8f0df5	ac2fd14f4debbac619c9646ccfb9b18fbb11e8eb
e34eaeec4019385028379ae592a6d65a86b15d5f	f82b7b3683001159de9bd229a0ee1a08bca773ad
e2c9ac6fca73b2d67c64fec068a1566f95b7287e	09b497b5c1a161e918295450e7e55a4cd4103450
a838cf32738ef87f65b4f15800598a1fdb869daa	b2c148b6d76b0707d11b4c84750499812532ddaa
ce26716dafcbec1a458773db0d368b639fcc6150	b448430cf4bc5eec98e60a1cbba9b78862a20f35
a4d4b36693804890fcd9f5a8b7c927d412640850	2313fdb0e8a7653d0cb8e07f590d04b217b95865
48fa74d8688489990c08f1344d80c90cb6440366	350df0da5d2358611bffaa9b0a1d3100d68c1527
3e41012a6edc7260a7fd24cb0af7ee4adbce6cfd	d41488bdaf10adaef6e478e85a54e75f32a91cda
a565e697c173960d23d7d19e2b14928a5fcaf384	8787bcc800b0d6853f44a2c06e1ec77dbb173c6f
67e2d353212c047015996091b1d9a49701373810	1c4b037c907dffbdf547c6d87ba7597fde08b2d3
d7a684f48a82842cd632dfc447a3c193f51c53fe	b998d8ba971190b804fc3430b65693106c124983
c8363cb8482479ab1c5d6923e722be68819f2ff5	02d2f24a2b25cfc0a6cb6b465b1b397fdbba6eef
711c94cd6bc86857bb6852816981867be2bf7d64	89ceda87e058df237b92240bb947c270bbc34d75
f0106494c78ce2e44144e2e8bc618ef79be50212	dd2942d2a04cb36bd0e0350f78fee561d142ed89
85e0d0abf5dfdec91b065abd2b1d4d62bbf47bb4	3248c7c3c4965fa7aa99426067f50d19a8f40f2e
170c29eb7982019b345fff036452644993e8bbed	23e7109cddb4f601ce5324540190751034a3ef08
6010a6ddf91f2156ba6c9714cd7c3025c610bdee	d34aa4fbdfbdfd352144066f2c4c08462af3204f
79379d525794e7f8106362dfcdd0abe3897dd3b1	57a2b3af3aeaa7a887fd3678d542a1be637e0f5c
eb327015da8feb6741bcd2a1ea44f504ba3695fe	c7dbaa1f58652761516d2dbbb373b257105c97fe
e0acc98b8a8ab8fed06d7b5bde333c4318fbc618	f28149e15e08a6bec8706fc3241ddb90c06221e5
d661c78fd642ea6c6be8c9cba1e8692a38820f98	40bd4686298fd1b9c3b5b93d937eae4f277d0619
eff114a4b3e3c310c097550d16256ac941d835b2	22af1e5888172ce0ba863cf9a59c4e3451ee4ffe
3f22495ade7d7d633fdbeed38d754143b912fcc9	293583bc0e50cc9b6571f295d32d430ed26784cd
79387221ff4280f66ad5b5d2a67ee761921c162c	39334a354bbb84d9781530a4077119ff014bc552
c12a4d228421cff3c411dea03a8c2f64c582c150	19f998c34e96960a8401be9a109bb677185a2782
afd2564d12af0ac170bba2714ae8c037cb030d9d	36a4759d48326c188b170d037d18d12d098ddb77
6cd669ff0b01c42df463630ecea0e657a22737c1	319083b88ddedbb49ab9cf2d77229e6101d9ba4b
7d10b7da0a2d86eed59f9411d0ae89b24085288e	dcf4dd3923c85cd1a1bbcc69c3afd5227e44eb74
e98ab480f18372074bbcd7139295b4bb63210a6c	3168344b779698f3dcb0950a6a75084056fe51a3
46c197cef0627a331f3efc71cea83d9ecd7fe3a2	90e37d72d22cda43df7e5ceca2becabdad3428f1
58cc3b0d0ef2f7d0b16e66de67db2409242c4793	c8bb687c560258af28394d255796890587b1da92
a907318ed2f2c75d87775e7dfa42223d6dc61b89	0096630fa91376d02b3c8ef5bf3e01b55d136409
ca6860e01fd50d54c7ab26b581172a4f57457e61	2d7b930bb9add38b3badd28a39c372f894585ee4
b0836c5404dec9c5b87cba7871d111b09502553b	e03de6dbcb8e839185892efcde74bfde3fa18bd9
fedf6567824fc81e69cfcc4b70ae6a58968ce832	b90e97a6760b5ea4a3ed17a82a4d9fe6b54f40d7
0a3f7a07eb390bcbbe31d6523cee97a4dfd23f1e	56ef14f978402262b3525babf01f2d2ee056f5ff
7396e7d54b894b48f7ee4b5e83885bbdb550d806	3ddfd48e857acc840065719fd82b54491b505360
a51f97a1ddbf56605d282d81fbda10a628d4e73b	3599e9148716fab0e1e46bbb80cd598910c0f31e
8891fcde1ebbf4929a23f9cbef5210f757644ef7	5edfaa86b70e2b631b666007ebba7149ac648399
78aed36683a9ca350df5cf99e6dddd7a56d58a96	02cfce99d8a6b06d669a666c69be1f826197efa1
eeeda2ba7558dccae86cd9ed50eed1bbc385efdd	2b71b38b95bc257757c1351a4cef6b052987bbab
ebbe9357d86bf516fd12d4441d920a14481674aa	2809515471a771d0873ea03c27ad03f314402963
1d8fddfa0b285a6e7ee2e2611baab317d1135669	ae4df2acec5278b12f97806ba170b9c475bd7931
f2e670a4cd9cdf619467e6872758a6426b0088bf	31778c9747fc9cb634c437ef341b3d7cc147ef37
0f2d6ff3c1582bd9d8e7a3ec9a8c0bbedd0931cb	08842784d54255bbb90eb5d77ac51ea27a594bd6
33b1bb0a15df6040a614474bbc83bfb5977b8be9	935ba3109cb0e7417120328e88e211a438d9d563
80084eecf491c31bb8c07ba2a1a01a38dca9c70e	c63b13a86842b117f2017b14d9d5de4ec637b1a2
43d8809d43a6e9cd82027ee36966b6b55ee143bd	2de1b9d259d2ac6d88991f9198078b4a3f8d2c81
6cafe4ccfdbd395f56281a8b46e9abe530e6dbfc	141149927c2c6e060e0592bea5f2d35a79d49b9d
534d1b8d5a4d846a1f7e187337c0663d3bde281c	2f295abd88937cd65212c2df357b953dc2838842
42872afb446a06b55b69a203a258a4cf0d7d6031	360e93da8964660285f3836e77d43ed8fcd8d07d
38dd3223cfd40d38e5c35c4a1c3a7fe39e099fa5	1535c60e948be4b37dad6b215048aa9e1542278a
3830861db9c3c1b298ef0d1acfd16a8019f5b973	00fafc1ee366f08285824d2091acd49cd8d65453
ec7918286c24a7776637fb9a10203e53a43862e2	ced650b3d10810770105e08ebf78264faeac5b14
62a7f62851ff3f4f738bd74f4275679b4fc40a08	02f940de11836308c827de504e1b6aa082ef25ae
6a9b6da0b9e64a5d91bdde67cda2c0e4c2b975ab	6c6bacc08b8f61631af6f1445d32dfa39d41174e
7fa360803813c6b9cadb4142112b14697a151df6	c3ae156ac9133efce8b0b3a551d087b90bbfa15e
2e871eaf9516f1e3295b8f518f532be5fa95a917	b2d46c6eab3ae2af70d786c02f6e090aac1451ea
c89194a639777c4cf10a268b91ef6e0fa71afece	4fcb1fd2c82fc2fc77fc89730b0ca36e3aa92a77
7084f6c0bddfff351d1ec8358770c39f58d26043	025ac9b681144cabbb8a53f3068218e9e33cf9c1
7287fd457fade585796bd846771b90853f6b18f4	844bd2f775f9871fb0fb125939a86835794b0d14
6c832592c4ba9540b583ffe1d2febd08e3ed9295	b14f228678f56e174a242ffd12be14feec138492
b22eb09bdf40aff8aa8a9598bbe512496f20e69f	11fcbc57595023b9d39ee54b3b5773db7991b8c6
93a250303e6840e07f1e4b5824e232823b98bf9f	b3ec2908d2979b0b5d960eb98b1a13d9d70fa014
af2c3e92d7e4979f97faca535c05af68e2e3f66a	4e11a4ff5bb6e63cb6de8b42183e3b829755acd4
328dc2513310a3e69448dc2cd773d35db9714f38	9293473e026f80e9838726822338c2d311f4de48
8f67525082666b5ab8caa852f4252f659d92ced3	9a01088b0295c6da4133df087d1731ce38df83ed
2c6a30f42fa6dd711acfaf3a54739f5753e74aa9	cce94aae2d048b0c7645f3e8a614c3fe43e93ce3
7bb552cc766a4a993edf042636102c121687ea3e	8fdacc5b10c44c6b1aceafd7a6edac6843847b91
b918408693639d3e13da6fb5a5ab28da36f25dd9	a2ff11ada41c15918ba889248f2bbbbe2ece4936
543947769238224469ca4ceed41933391a5640e4	1f14926edab214d8a9b515a05db882cb3f15c958
1905bd233f2bd318c6d7595b489da8daf4001e65	025c3862c63ce689224a2bded647dea8970d494e
16ea820101463354b3bc1eebc63df1875adcbbc4	fcfc7da67e73b2fdfe52af9e8792a0b25c01d72a
784b753e737da7ab11c4a9a1d86644b8d231c648	75b8f3b2f699d581fa98d3dc2b205c7c9779a4fe
44a5b3a25842189180a80800a262424b39fabc75	23e6063988ba1c4ceaab97c61ee0ba4211049ca1
0a9620d5d07171d0c0b42eb6e531fba702c4cd76	d0d9d650bdbf069296861e999eb317dfbdac7521
27e444189b824fe537e97782126eb9ae51953ca6	cf392386989d5fa4cb6de6430001fb0f8ab881bf
1981f2a0246b5fd17bb41e8044d4bccb2ae69c88	95579df514849720844ead9e305880e6dfdb204b
91e0c7c9913de21d872e743ee9151f9b42d9c126	9e27b1e6994d9ffff5b8e0ec3427b32784491f2e
82851416119e0af8e2385a24a873477684093d7c	73eb6c0a0a8a7887d3a9e8769010cedf10ae8a83
aa397791134b94f16683de41ec0f237fe0a859d9	7b75579e56a32887dfe18cbb34e49b89e6048ae3
3d110d9585e507b39a33aa6e3bdc144270d56de9	a8cb0134edfecb50cfa7195a95b88f53b8851ea5
7ee190b6924e56a411cb01ae3a488170c8543c62	95ec9c60c22bcb7c0688f7f619966d2b302f086d
3c9e32349f73d0a73b337f5c7d7fe77a9180eae1	9b67adbc0830b8e490aa60610c46a79257ecbd83
45ba572c86e23348ead8a56df0a279cd4002c87c	4920af7513cb06c566e6d6d13f352c9e64f0659f
5401452b36cf89566e7ec92cd761893e05a48e2b	aeac5a200d5d1e86d123cf5bcf433974521f3c5a
9098c85c8c9506b7aba9d8abe2847f13f82fb763	51b60db905e215c1bf1bc5b9f95eb91da981f038
064d6f10f696735febc1964ad863e86e1feb5509	b578b0233698e71f6476a95cb68a0d4d8f1f19ff
3245fbe49a2e6e8af80cd0b30a6d7fd355d8109a	0fd68ba022f29ce76fcf1ffd3f83ed7ac5687d52
15416590f508d69fab1d22952bd7de536b6df976	af8cfab5fb56c28f60198600f7c835e9db501f76
f17365474f656cca8384579f0dce7fe0c6160ecb	80b770c498876f9252d220fca82f50ba4f3c8c78
45a671df75db9a61a58f191f8243a4a39a959098	ae9ded6c782f029eda20d413f6df4c8f6adafffb
8c9645c6df4db1088c5d3125f81f67e6ebb9cecb	409cc3c6ed8a9a6dc0e073f3a94078df7b1d8c87
fc2491b06f4e0847aa7d8be3933acebcc9894a36	692fef911e96e0077eff6799598c22806220e965
32af34de4e96b471cc1279be3cf87e7ec217a7de	1ce078dc6259642c7720a1498299519ae2c42a6c
c235d8427a62be35d64588c8689b92426b6ceb89	0d638b46783bec06bfacdc28b89855a8b9f124c2
39dfae502ea3ad7eb036c382d1816badce56ec71	c5346cd03b47eef99f8c24a3a681093611a425b2
1cb49eb0214b48a7150ccfab84147754408a19a3	9c817c0db66cf047b298e62f09cf91f0321a22b9
64011d5038c897167975c09748966ad44a4a6cf4	64bb24dd1e68a7f68b482233545aa02e75c68c2f
be4e20aeb090f06f37ec8426e4067144f5389bc2	7c955db69e27a3505eeaf56e04477146f43d4276
b504048072f221415d49054e6c69afc37ac7f0c5	5233e421b287963623b02d95d34a5b3654870d22
ff77ff12c28084495410ef8eb35b355fac211e0a	493307b8efe9d28d3db443d5645741d189ab0d6a
8d640899f0650438ac108cdd5751336a13ed34f2	f746ee7dc5c74267d15db149ab138c671d3e9e8f
8ca868e3a1968bea4b8d5d4458b27b13f36ba848	5cd6e87f14236c461f32167fb477aad5996d525c
fd92ae67054dc0a1104b7016a775a2c7e9e19725	08a1d5a6a38347d122351d8162ce8f22aa6db297
82cfc94e5d59120c6f7c9678d66972d5ab1e4405	fabe0038526f71d81938eaacbfeedc0e937f959a
7b2a975bd16805434fe41b4f542e2d0c81d9bd4f	54202e82de33ad757c6d0f5b49d4aa95b6195372
37ceeb9969f09eb0005cad02d2c002e79df78c74	a5dcf93c38279a4ef3cd4a46f51420f87bca4804
a78551fafee9ef28711c9c01518630ad2233db0b	20056a9ac05cfa149b48d94ee19b5b9b65cab26d
36898c24fa4026e7b953af03d9c8c21948441889	2678bc8138c2e718eb0cf270f95dd6b162658563
9db26b46bf09726b4f31db4d47d07fbee50a1119	49dd10deed471865f1dc7bf9d0b41ae6d3c06b8d
5aa66d2daaa119797c155a3de2d500055ccdc45d	22352267cecf2af13f6548e407eadc4a3cf3d02e
7bafeed60cc97834ae53fc127e89a2acc51525aa	31c4bcc557d0e9368835edde54d833a215958a48
2133b38ef602a9f87dae1040087b2cb54af75120	2e2cd36aa0e66f3cc22dbe91d14dff5a940c021f
f151eabc12bac555752a165623bdc35dbbbf336d	1d630e778ec1be0114ec9968d1131ec285ae888f
03739c0af0c10c9d68f0f07491118b27da4a11cd	b8658080b114ecb2ec40f98e4e5109c324bebf77
905755da9eb549cb3332c96b3a753a74c65c9d9e	fba2953a83e9b223ca212d01994ef8a0ce2a7d7f
888e9fe6dc3603d2a0cbaabd22959891d1fb3e79	2e60f53bdf79d9e4f1611b7b9d81422b5cbee7d6
4113176b1a2f6bb21f8cba34c7267cab0cbbfeb5	fb5179d7fe68450e607ee8baf2c099010525cc8b
76fd2b92d2208be3d0632291ccd8f877e7ca3c44	901da743d0d8757729a846ec33bc06ab0e0b4787
5422a18a293c520a21c7e5c2f86f4474cbc809a3	02f24bd88cfc388d21ec762cb37952d47de3da5e
53f28203574836c0262fd86974d1ab25d9a00530	5cca8726e062eba637114ac927cb50667d64e4a6
d8a432a9a5b0f379f6d95e31a329ec385bcd49e8	c8d9bac3d695df8ba28aa1b2f24664cb01d916a2
2c50446208eecd6428d593d93844e43ef7f7c5a9	faca9c9518777fbca41d9c392ae0651f0dcc42df
5516c375923a8c7d1fd71cb7a0e7d25d6ed89cbd	78e39c30ade1bde17d274c45784b1a4690e3a4f1
7eb437bb4da2f7cd956300e3ed153aa736562890	645c6219dd417b6d831214e3d7cb7b05b779bde6
9732905225afa78ea2fec3f96612ed648191322d	cde9937fa2093c1b7b0080f6467f24dbd6f35394
c4b14dcbda0a71a8427858802f9634f9f3b2c664	98c0228a380a837a286c22879366e77a8fa78c07
9cab762eeb450f3d66e2607b7030c9fb8b12b32b	6c13071e6961d9d0e95d514e043728651b9b2d92
01c0aab1a23c820385501ace20ac05cee22220a6	621c6f135969043467488b9b00d5c03eb177a27a
e9c01495bfd2dd57453c76722e408140d1c319cc	dbe5292bc7f588b32be54324312f7e07d5c44d3a
d90a554648aaad2ca479af58bae649bc2bd9bba8	f0d8047b9fe4ddbd75900530921f58293d1aebde
e0ba664af8ad372751aba4cce1ac3e3b538adbfd	732cbcd69c0c0030ac2a49c336e11bf668679e5d
23d69952a3308f29162451bcf15766659453b778	eda350bcf7473588156568ef1037bd47c9a53362
e1f1c69569b06ffe15d1d34933c4b3a8876e5465	76a1b7509daf62fb8f5ffa2be367ecf1d411780f
b8fc327ab48f87cc1c1f9e7dcc842878ddb060f2	7733e24daa4ed9e6dbe0b1b772729551c57a7961
082dac7ab06aefc180eab7d0ba88c35718a0d64a	c354f83ed9ba57c06aef2251eb7a367ae7e585c1
63e2b3ea7d13a6cbc9f11a1da4a10aaba98d31f4	6a00d5ef2705dd5da2c55a29c2a0919f8bd4f817
1f89d46e56e7022c5da619dab2c9b90cd83acc66	e804eca6c3a30e0697c725215bd54647932e1b11
71fe5339fc0b93232977d01784da84e67540d35f	40ef011e72704dc3af48b2dacf6cd52542d54393
c203a1e326fddb162ce6b35ce2e12fb333dd2360	30ac6fc18f412e43c2389c30501a1c81878e9e43
6ae080a511a98a3bb51f788115dbac76a3d51b5a	1cf737688dfb7ec2d428347bbb12beff6ec09813
945899dca0c5949797df140bfc47822853c58f06	24a22984bf952be8801c5f22693b145c9e34fcdc
46577b0b0bc6a9b3c0d5c70d4ca1b3f499e643fb	9055f56fc6cfb85b6c0072f3f10770b86de23664
c841af56fb631dce7ff8a7e023323bc5f300b215	c5058901ada0af71373db83d536b135186814747
a1e90953e21f44228ae6ee35ae0e2007185ddc05	e277506c00027af42320984006ccb7dcec6e0a4d
cb2c84f4ba218ab2336e20f6449194938da7286b	608ee03d6904ade65cb08b5e8f376738c85db179
ec5e9f1176fc9c62cc50c5cda19a714577fcefca	91792544c5bd1ed7d41aca665a5e8c9c2175f00e
b5e8cd7e15a37fe6f85010eebabac68fdbbfb94c	d7cebee571cf28e6d3ca675da1d3b36062b2ad5f
484ce862634980d945d333b2609b8320e10dac22	25ea9a252da566df32ecd3d757f4966d69a547de
89d8adf37680f2433cbcdedc0c2cbcee719f8035	e2ecab7ea4163192e967a150f3ca14f126f1b034
ab93c856ebd13b977ac0e20af1f349b6dd23fcf4	0c1dbe6f25d586ade3e903c31781fd386cada51b
15e55bda7780824d794cc90724f4c5157db074e1	ad03b0276f46ca0f6d5ddb53ff3953683f61ac2e
d5328887f0390b91ea34af995bcbe5b32e73500f	b124615f3e79864e4a88b9dc91e4f4bb6b50bbcc
0b3baf7f639678b1a142c52b8a3987185d03adab	9625917fbb367c09da41a8726fd67d38ce19b284
d9c255e57463f544afd7bbca944aac24ed951442	b524cffa0894f1182dd5a9ed9775ce3b3e396265
8887c7f0a57d3829cf288db9bf3ce46e4e4ae139	c254c04259553208ed8e263872c9d65cda896a0c
4efd5ae33c28f433ceff552e9d3da0846df9348f	0d24d214fa1601228e5724db9da140d11d05bbf5
9170ea0905f64bdc093bd53f3cbd3ff24d7ecde2	023cef9e178b157605410f09daa68b95cdf3edc9
6124b36482710560273d5b45519a09ab49636a6d	3565680676be975afc1e17bcdc2a4e2ad44200ff
a54b98768eefb9c24340c9fb7f2e57ec38c7cb05	d9dbe3c3cae3f5b66c278dbce7d57131d2f8b3ca
f6ca399dedd9804f1965f36d97c1b5641ab61c1d	8eb7936ef7f53bb3d9e1dff165b15d6b2773a450
59961d752fd41fec4c69e531053a45def94b153f	9c272892670b148a7a0a1d0cc81cdcec542ffd85
660a161b6efc7432f4f90307a15cbffe1fa7dda0	68d77e727844ba6671ae40a0146167f639001c68
fb628a24e49291a3acaa0338085e18652db74314	f9704ee45d6932b890883abd2ae46de1dc49f1cc
9f3dd49bc993bf3b77edbc27d36e57df70f3a52a	a976ec711eb125e80fc87c70ab85a5e45e1765e2
97503220775ad926fe5009a5b10190f1d49fb37b	955c07a35a4f882efd5faf994fb5fa52e318a4a6
e29dd29c8966d4cf1d1c03a2b7c55ad641fce301	788b2b48d3ad895e33ef270edcd0abd3c28cf21d
9a5ad5b9294ac2b2096d3a24d8e6e1ad16970bf6	a5b98ed994c7efe7f0a04509cb88720a24f00e30
ee60d571e1515dc037c4308dfb72d9b8e727678c	0945d9eeb24d252474c1b496b4c8db0246c63c26
e1c5703221fc55eea21b9c919cabffc30364818a	63eb240423a4cbbe796618ee4e9e61dfcce24cc5
39aed28c2c1ffb1cee225f344ecfdbd140979a8c	8f40e90a0190fec93bfbe15f76e95ed5073a9b97
cee79219b4dca89e082638bfd71e4c9b610fa464	2f29ed7e5a7c39d869efdc74288da9d3b16eb9db
0975f433951ec567c765b1eef35bf17f5341ad26	55a37d59dc1a293a6416771b66e8d167fb72b982
04d144d250363f4592690df4f9760b15223d9cac	a8a68c9c768e9e97d6bddfb341f68f576210827b
21c1c082124f21671df804725723d5dcc23b2f1c	754dca4a4c25d74cf285624abeaba8a47764f39d
918b88a324c90cdbc9b43b52a9a6787f34e0eade	0c7ad00671b51e2a21dcb9fa672896d6c74a939f
06461099974d38db24e9bd92ba1eb164063871ad	8bee22525af3df28ed0596b2d061033142480ca1
1595d8feffb53c8370be2fe793568bda2729f8b8	9fa75c657d172e33b07ac398e9225e8c7c0b9321
dfe1f1cd16fc9126676ec455ce277341d071a9dd	830b2771f56354ab571379a2f0980696309b3905
7493f1aa1cb17f6c2e412e816ee2bf1dce1226b6	ad23711af098dd34ef42130912f01b0ea5ae004f
1202a186eb1b9f86f7c518386dd84b05f2090831	0156c6a68954d5fd719b6102b5298820db66ebdc
10a7f8a63319f95664bf4e8fbd284dfb94b78ca9	f28650b7f34652f02b2f4919c3724dd12d448a36
41971dcc693781334cc086a8d84670295af96ed3	54104641a9f6d27ffd8514119e463b47fb8db9c6
e833f8614922f4029a457664d858d372e4d496a9	1b2ab5961962d3b8737371cb999d050ac45b83d7
13fe762e3f31cb5de9005ed20e52d6e5acd45d55	53b29c70164e548148b0a6a7b05835a1d6846f9e
6ae1807d2c65f7949da1c8ca92a7d8192c125db4	ee2087903101d8183f09052ebb05a61a408772c0
9409111a9d6c4b6c9fd077b38fc67e1b587b66f1	90cc0a7481aa292c03306979a8eff1989b546ed9
6e26ce041f97ef074a0ff94776daedc3d5390a2f	ce7053c2cd9f618d68475e031f9045e7eb59352c
b13355b9175aa430e61518dc02d523856fcb1c61	94b110da3e0276501adb83379dd2393d99c4cb87
eba50a463fe495d72dde4cdebfa0831197e1234d	991b08386e2a98384b7d7aea1432140bdc219c4b
7c4027768dc9127e0d0928d5568e102b455259fe	d3376a7a7b1e0a03a00e679ee3920dd9d54896e0
49fb93afbbf5c92c84a1e9f4d981e1e72f9aaeed	d6b58b33809e67542484abbf5a06c7fa1c561f15
789559f5f7be8d1bf96d9aa588153673b0e05413	e4a4d8557c5732fd1881f83b9309b65b5858e8db
d980076c8dc09afa9e0b73bd6586ff446d92493c	c6cbdba002ad9387e64360814671294522daac3f
aaa45b40dc425ea8c09be5fdc24d408cca31923c	6a07ca628a037b71177c6eb1ab3a1b556492df1e
2f94fd028572377342a4ec509d1ee95927047a14	4aba95b54b7eb76d6f86f3bd7bc1094ade155498
275c8d9e30ed74ab83f34580819abe2241f4e61a	cb5fefa840763c0c3ce9b8d6e8ae24fec931ef54
9666daa9217d4264836cdb96068c349accf914c3	3b4b22a23cb2e30f59af574ba6f682e7ebf76c01
04a065cb438e21d040b66ca936042e273dbdc5be	0878ad8fc2e8e3c3d2e9d6ac90ac1a0a7d268a44
c80ebf1725fc8aa1fad3d291dd74bf925c5e24c3	b2983e538f44bf31d61eb5a29785b9a9530a7d79
41bf7cf85ffd1584a3f6b2ed3c4d60bd952dd9ee	fe58ea4636f55c652c732bc1b19af1886187b013
c21f41b2594ab2a7c462b5c06c9459b0719f23eb	806207bfd74659143b4135f06b232e643d645a34
58d009c95322b938316dd842986e6fdde28055b1	7876ae0bc7dd546bc23408b3e27356f2734e7023
b38dd5734f3adabe70f4f85a913fa310c498d0da	cacdefc2339e5b890618d5392de21f935a64151b
ff947a9bdd3c1f85a3b385d26459b81f2241fdef	89e27a2dd54073f9467a89cd63f2b3cb646b99e6
13d4adeeb3f6aae125a6af5a083d8fd3e01b25b8	52214d7ba922576e054beee771f43e8e61dd67a3
2af1ebe3d82564f5c30c5b66df35bcd88879ab32	23e91b36e16c0c69a818e6602098abcc19ce784c
b95907bcc4d5ba18bb390e9ca8a4005dc63f2bf0	b124fa95355d3d577edadfccd9d584982112f9cc
ba2096606eeebb9d2de1434598e1397102a9ee8e	5afd25342dd98eabbe062b3ab584e79ae28506c6
42896dc91fc0e3f661bc241311c308d65d01ecda	6fc197f23399e15b4777e22039ed1c05389997ec
834c676f4b4900c23e1379186ad9b2b8af4a4415	700e875f962388aff8b06a76149d1a1fb9841192
d308839ddb0e1d28c468235a9117ad31f3cf73c4	7b1cfa7454dff0fe187702acb2040dd065c873f2
42bffe1abff1a7dd4b7f661fc2abe7549f9ad8a4	8ad5b205f76bda3d9f542c3763e848653b88b776
e0712255f6559e4eb45ed19044b173844dc12ab6	8e51cb2be0db94fb5e7a81c6b46a63b5abe26a0f
89fe62152212febc100659e3ad70c728dd9b5d30	56a92857a6ce5ea23f816a806f7427f6b16d3b21
84998dd53fc075636ae82dc95d0ee3742d507ef6	b85b009c7f18150dc8ec27783ea2cb95e9b40ef9
aaf8ee790c2bd6c2e5188006116d66b79edfa5b6	230a23da5c7f33df6eac01f92925fa15c0721509
cbbb664d78682c7da5ba9d08bcbcd1b12704ef62	a04a04fcfcc10876dbe6f20290a1e30573e63130
3d1798e0cd9b941b5d6c3983d50b1d5c7b1555b6	80bafd4d6f7f4c03d7cf905dd0f26f91c1e8c109
1dd86901fdc6d67081a36a9e65092504d41e17f1	7488c45653982b3e17d9dfc0a94ee40cc8de9f98
60d1e6f4887b694e7b96d69b41e3c394b845d80b	27fbc1bb5a0191cabf566a2294d7e4cb33a53582
e626e69410f530e1a83d3944c60a4b423aee801d	14153a1db1fd0c250456c3f97837955ecc036928
ee984422bd51147d088cddb129c3c47787ff9ceb	040af8e34a7d8104bc051c9a17ec33b6f5c61176
fc48b8b5315faec1f4e390021669c0da84185fc0	87049aff040db1350c4960286511539a51f75528
9f19ba213fcda0d267a19a0cc3fb7951bf0bc638	5bb01d411b62a400efbf4b50e63da71d24458aae
4520305f1768d1e10502458e42652b588ba52e80	ddac1eb40b4f8ab58f8170463509c152ca83cba1
8a6a0394e274f5d9d7cba112d129fa84a1509925	6a35224c874d07758f10ad591a184e6c8c0dc5d6
9fba9c13b94755b0992926c66c5e4f2c14707d0b	53974b03b541bcfba0cc3eb60a233f7e9a8beabe
127eb641de144080d74cf61f8988d1bd7e82e6ac	a80294d6500428b124f5172278010f5caea2805c
c1f0b91e6f6715867bb0ca55dbbda4a4411900ba	3b456a3fd77e8ee469f73ca926780dc8e678c6b1
cfef5c70013b2e29ef734d2721216b51c7a21243	c91fd51b836f94b355933bd6f84ec53f4edce03a
00dbd767c6f95fdb822fc3d829aba1c26e7488f3	99018f45768b06cf41fe54f991c252d4a006f8b8
82c0cc7c953d670e8d8a772857af640897ff6259	a01d93d22834d9dbe0a34f7ae0326d52b0fc601d
173b1b084ca7b12db89e18f49e9eeb294cafbcd5	0881028ba96884e6c098bd2804fa63cc843dc969
297e66ef2d11886b1ba68893bb70074d23c7e666	a558a56c218bc00e2007f96a68d58159e94be76d
58d967c75ce4c04acb4c2c394f61f0be78777763	aeb159d92a5154c4d01d728faa53d2ab27c2b4fd
36990d4b1a5284ff7770c9630e28a44ed5fb1cd5	d3008e8c450d6ef9020662baf07b9f36dc1ce48e
72e926e175c71822862916f069c030ded4d8504e	77359c7ddfc743733f9b4f92f85f08b28e85ddc3
d7827e2f1839e4728b2f39a370faf693933fddb0	32b2b9b918f39c1fd1b957d79416afe008ce973a
a7a7fbad69795c3fe56082fd7379c9dc173367ef	3687c23c3f2dc8769f21104fd234abce78d49d28
bab1141fe836c6ae3d3cf22b21db1e3fd5d739c3	d503ae9557f07672370408a32d49769f631d6ed6
b37adaf4d6836af635363af64c71cc92e6a6cf29	869fd8aef946e49d0f8208a114fb807a24d7b6b3
52f6f9bcfef25c3fbef9931da18916ea41d75ce5	19b5ddf94924b2708d381f384d3ab8651a54fa05
cb17289afa76e00278196a4c621202634e7301bb	2745c99ef9335582588e7e459dab595f2bd8bbbc
b10416f645f008d0015c8bf9e6091970c5dbd2f6	1ef6c893b30e59f133901f55e7c8701a4e9a13f5
11ab3389da88671846386308a9c95ba5e96db801	cfd9de2a593474b38ef380c34474ddbb113eca8b
22d2e1f04b79868330f4077c07585c5bf6d3200b	b017c98a077fd458990e9f7e9080968a25282fc1
100c3ab030196b8a7d2b62a78182a9eb54e93031	3c5d35a885d22eba486a8e6bcfad3a2220be4f70
7075d50b75915db660d5e85b33b4c421360b1e7a	95f890eb7deb975e2d4e2ecd363b4d57f999e6dd
8de55eb1cdaec8611510ab981bd559acd52b8771	b6ae1c81e43793dc992c2c1a8fa1a4d125179ab1
bdaeffbca419e7097765a04ee930a78012c7400b	e1f62144bc648031cbc3254014856d699a091fb2
a85e4311f7d51c6dd3cfa8dabef4d347103883c4	60ce3efdf50022c3cab2b8661920bcc1dd6dcd6a
2d4be2ac3562190e9f7b0b262580f42df5e192e7	9e46f49aaba2c74b1c9ca6c520e7ea7cc3f355ac
f3f59e22c267d6731af52a0824ce590d5bc41c89	4ee59c8229cf9991c514ab5af088398f640b4af0
0b91da017ffec3ecaca66148876dc6d8ff428ece	373b608bf6e7a56f2a044e1509459bdbeb029967
7be5032efab2ef3eac1944137290179b47678fc1	32c4bac69d183b795b79f61bf416e49712a2b0e7
a5a0aba269505890f88282b51096e5905effaa8b	f6f9996595d3c8237df0359f976f7eee4caf4a75
a8a145f27afc20d137bc460ad50040721fff70de	e91c1cf62650ef665632aec468de582f29c05d8f
7f967478f99bb4632a2c51e0fb65df2bbbfa388d	b9a69f9e6020248ff8935650a6c58b4347ec2182
4f392a4ac4c0eca067613100fad8d740d8d21144	abcbeafb8b0dbda0a50211c70aa70e5d5ced89a2
e2dbdecaccf178b4cc8fe84fc5eaf70d7ca91b28	1875f7064c13ad57a0343a4be1d7866a4a7aa566
d274a336a0bcd8701aa67696ce5da1ac0a9bf3e2	97a24d70336a290ef83d7edb8b0a9de30263edb3
1ce35fc819754105b22b9cb61345772725c83223	cebf0f97cb2f1517a68e7eb9df99fd48e8425cb4
3b74b6f0bcd3e6b801855a285ddb21f31bd7f2af	52363d9b758296d8674feff5d0aee1ec9f307e6d
eb34ef8ba19b620c9d438fe81de8e7708c107480	a1895bf7664af0184952de1fc6eb960f018ae8a0
8bd9616ee8f2166db334eaab1a7261a34eae199b	7bac2b2883e7606f963733d70be0a6ee059f5f4b
21cf23c0b273fa71d73b26d7951dee5bf3911a32	34df80905445c1125c8a52574afef51c4b869c8c
3aad177a3abf11cd7470249056c1cbb35b0b958c	d8cd9d0846aa9f6f03d079789fdf164cbe2344d5
0b0aa8582136d06545a30edb0953fb733551fb96	bbef0f9073dcb30df006f5a2a9033f9c0034b565
19530ee067bca51cc7c5daae6c8a753aa99058c9	5332c048df4d20d7b4e3552a3ea44dc9d12f3127
a30a4116cbf5981c021ff823c3c56aae57ece6ab	57d791b8850a9e9befb4abb33b6e6ac27b6bb5af
3c2c1ddb6c8756fa64e83501eaa85fbd8bc8e004	5cb7c42dbfd50d0ae1be4b44a633ede6f03b6659
7a4f8433ce010ac83334546fef91deeaf026c642	09c74e4d0be0e834d76376d1b9711cd74dae23b2
39e65151b6c28adad1b8489f0f5f0316cf03073f	fb299b6729e8e8a5fc3cd9a273fb90e4a4905bc0
1a6d50911b7b4a2b0a1a33c3b00d6b8d58cfc016	228e0257e28ddf55b5505262fe44f66de28c1e11
ffabdafb6bb2fca2b7ebfa2be669a36d165ba689	91d87d462439a85827710cd817adccae275d1282
a4d38b3d35ff8ce818383ab0679e8138bb83f6ec	10e29fc0badd6755a36c911718e67c99f9e66d8c
e51913c15a1fd20e8ae028dfba44f9822fff00a3	ef1f8e5c4030cbdea062a45b38c2d4ede7985882
62a8bcd26ffd9454500b493ae5873562f12c8185	4106ec62fee8e2bf733036fb7c1f7fe0ae6d1e91
4cb2404bf0ccf4b3bb97ec692040aac807078254	1642d1e65673c98cf0727a586e495bace6c07f81
88e6ab52ee4151311b354d9bf5869825cfcef9dd	38f8ea312a63eae194c2ff2785e115b7705ecf5c
83b882cad555694413f139b00e84b55aca4eb850	67c5d864bbc6919663dbd19349e87eebb0630a8e
26fb78a1b90fefee7af08cc1f541878d5c55550a	4ab0c73a1acae451430dbd7c76614695011c4381
29949401cbe32b5107becbbb0ef78a382dc6c63a	dc54c0f0c5d44318f9a3df347233766a96f934c6
5cdfeebb717a3ab6f36accced556dcfd4d216934	18edc46ce639b025f27160b6c1c0be5a07853f1f
0b071446d66169e872e0f9f9aad84fff86fc71e9	9e8614b4760a757754d9ad752b5de7248ad5ac89
bc1cacfdedd1768e39d0e2ddc4d4c4505a118238	c170b7400be11e7477b7a41ea9ae97e7f08ece68
3903e1abe44fc267ce2178350ad1fe7aeaaa1c12	2a45d27c73dcfc1a8e927b02c62fa11737177442
fb3e20abfb9ff2c2ed83377a785d91545882eda9	c6cf06d439aeb471fffe8feeeb7d5e37f5028d39
bd6444a65d117d84b7dccff817d39942decedf97	af29627a6c4d8a3c14a3633f7dfca445a4ea5f25
ebbd586ab9ba52f5c6ac8d72e9b1261fb4b241f5	932a878e9109b8841ea0807ecb10dacfa35d4e70
5df831e03aefb1652450dac62c96d25a04fb4e54	3f388463f1ebad18ccc767a913248ae3a8c07eb5
dff0156d73387eaf3ee95dcc0ad7e5d346280163	fff67d22b407e49af0080ee0cc66afbfb1f86917
af1400926ff16fa9d5374187bf65e34d308d423f	c6ee89791ea61045716c223daabc3450a395eb4d
e0eb3f411559e50e15a5fc744b7e7a44e41ae47f	50d348eecd9394722903b4097f766c7b379a6345
b5b80eb071ca2fd90d45a1ee4c54b12ba4281317	3bf2de1179de03b446ba5e9a437cdc8a11a5bcdd
09d18218cd34d12c70c049a99588b1f5f8997110	cf838b6611c81b5c6fd88280e12e25c59d991e21
08ee7a6c93a532df94b61485c08040803896f82c	1d0ad962e9c7458b75bc0221c0db7c135a8f1b48
da6310ed5adedeae2622b839100c4d9727442bdd	94fb349870e37d115a3eba7a741754f4c6c61e54
f5fda29ceeb12f450c028825c5eff25ca5577b2c	4363d98629816c0312d604cf126cac39550ad8c3
2fa865ed214e113ff6f0cf31cb43035f0cd48162	becac7adaefd8e8ce1b163fe167b1594cc004148
c876d92d6c26ae9d7dacee3f491b64e733a567a5	47d9387f14dd02c1922c7d129336086259fe73c9
d4d8e86cf09d5bc651790a36fdb3aa97becadab2	aba0bd8b1fc0d1b57e1a231fd1399779bbf85629
65516f87f731429e57e23ce13e9d6eb41fa87498	fe009817d22687eb6f3fe68271a7f3193fe30b41
34392632a8c243c731d7550372a2c66c8e6d71c3	94c4f613c68f7fb2463bbec5f77730787f03c5ac
6e57300eb4a759bea4baaa37efc4108c16ca9bc8	6c14ac45488a54514310f1f541093adfb5138465
ad537772b2c80b089968713ca543cf7e5b738b17	d61c1369e15f2662413f4f2d6eb9cab957d90cc5
bd5c9b54e9bc0cbe9331989f2e38f8fbc5471411	39ea793a780ffebd7652b2905c9b23293a8ca181
3632eb4d08bee1ae040f730e42902ebf469ae2a4	8ff9ff8683788ba752df0bb18267ef78d3f32ef1
881ff77c553448435ab5de1a71b9db3a8f779e51	9d79468157e8dc250952d4f9419359596e8e8f71
540562e8debd5cf4a22531dd64af9cc0eae2b135	4c7c87901f39dc92fe524ca4836df81795c664ff
89ce34b5ffd85b4147d0d25bbb0d4542b774def1	cd17a177ff76a3d449df3cf195e6908b97ef99e8
0707077bf096f26ab632f225e11e5333f5e440a6	b3435309e7bdbcfed659bc218e62942d41d6d1bd
6b858bb1b668bdb66755fa4c71a774ec22910981	56533a7c81598de4713330549b714f6ac16d10d2
628e97690861a3d734b2e309b7e442f95565215a	f974fab98921cb8203ef9dde0bbe7b845364bb89
26267b02403a1b9bae88ca1f839a1d85561e141a	c5b40ab4bb7061b1a74552ab39536a728d82ebcb
c2ef8c12950a01caaea274f2a6ec02b1095e6901	20422e75cb44621ce13860779a29077d733eeb13
5edbde891fad6ae27649e3ec200770a2b25c5e51	b9cc307463987f6cccd11d10c9f880a477d372ab
b625068b2e24b14278b924366f80be85a43f5249	7e31dec57219f3798563d2d6e9b7f4b02bb0e333
d5ef5771fc5916ef23c4662ed625350d9e313cd9	dadb0269912f8d65fd55e5eaa63a29ca536d1d93
26aad5745c02c20f427c0bed314386fee9b74310	39c043c38881556ab15376e982e49bd790c74568
a30d393243deec59184c01a76745f332d88fe551	d790bca33b1b5609989e3788c6ca7a5d7f914fbb
b906ac9211372fcd95106dc23c1650b9d6acee3b	c4ac473f335c012b4bc9aabe833301a644b35f4f
aec3cfb2e8d4d492343be29eed40e14310e043eb	e1f195903e15b0d31947167e4d30086b3bc3f9b6
38c0e8a9401da0b9c46463275bc7dc5321a1558c	1cb2cde3499f77da8e207c42f403ef0899ea1c89
8fb7a17d4c66c8fbda36086420e1ef6d82b690c1	8c1da0eb35577ef1f2ff01bf65691c00b5779515
d82d35fc1d2e9fb770366ae2206201ad4a37c7ef	7ca8c7c47d2f9e77ca57faf7d2b511e8bd7fef93
9985515a081b7b5c3d3c6b53eded4936742ab2c8	76d767005b64627e6058bd956ce5309026a9be99
06b6a6431dca426b4f19f0cf0eb8aff22cf6ae46	58f1817699b384569ebe95fb2a7aad456b6b49f0
a6c550feb2aebb08f53654b4efbb1914f97e3657	c0e7367908a1998abf0a786c82e3424507d9b303
552ac2f5f637d68e1ae5dbc8ece39279bf596ef5	adc6e177824b1d1681b0782bcc6224b7978a9735
db5380d46ddd184f685d52cf2eb8ea3323ded887	7436b51eca6d955439acf14efc9de070098f8942
1b0db69367a94f6177dc6f6c59fa3a174a81be75	3193d66e1c19d6f9af272a7701514615dfebd4cb
2e516f2eb0f10b7cbd8adcd30e8ee8d1352805c0	cf55db1b8d19dd68cb6ed835696572831c4fc814
04b839d2b6002a4efd10e5a45a542eb167faa388	f993ad67d86f0227fa345d8ca47e5a9e895256fb
ee234cc8682b3394acc5c57bf7a1f52ab0348ddd	8347ade746001f0c2e7a9aef5fb6d1709a925939
567df06ec1d84e1d20d4acad7ca52551c01bcdc0	f6172ced48da38bfdeb03a6b1d11b0b3178498e9
f601b205037da156c5fb69ffac95145bb6f9f35a	2b00580073b4bdd753a85dd3557b12a88d52e6cb
aa5fa4b0625ed3164bd5ded1261c36c26e58d297	ebec9427119f2fab8905fd632677d3c79be73843
e2e51b2f682985e36a141bf6b47034efe7307a2b	edfd6c5fdddb0e8dbdecd66cd8da7dea6df51b1f
fdd4f602f5b7a0efd7bff90e8ddfb265214af3a0	67f5bf335351597c85653d960a40bb2fd3ca0e2e
1fcc8d3d8f7d1bede0ea894aec88bafaada4793e	02091d35f84c8d8be5a07dd2d0abd1d0afacf9f7
a646314f96e8bb6d8504be595994bce413b08660	5fac51cbded3edfce2f29a72161d29c5fc15be8a
7b5e240f4755532f4b7e3713c33a0575dd6bac41	d0d0ca22b2a65333941536079f66f01c7e39f7dd
5601d709c74ee5b6e526990d55d86102a12d9b9d	66e29995cb281f5908a900ad210d036f36998afa
f9425f8278a1b0b53b304d061acbd1c58f73ef7a	7c5d4efdd18252c36392eade94c77857549ba532
d6e757fc071020a11ed754fe94eb77bd23776ab2	e02005f460188bdba5e2340fe112e83385b3e983
bae13cdcd9f82e329f33b3a4d034f4f381b665b1	36ca8adb18324d6d224c2ad3ea0240a1cbfd5e68
85bfe9bcf8547e035365931d6d839bb2582e90e2	0802df72f1797dcc4ceb34908ef2be365c79e78f
c11643494a872e8f1ad578b404de614b9bf9b2f7	928c49ee71e9217306720fee36373207f44d47c7
0f54a7403f944c06e35f112ac8dde004f05aed52	3da2a2f1f55761dda4a41b42bebebeaf07da8d78
663eb5cad12afc65d04ceb67079e90ab71a5e11a	9e59b37e0433b7c598eb59cd8f15533c5c91b8b0
3c5fa0d26437e08e2e1214b6f8951ccf49f1cd93	56d8e5390a85442a16a82ddf3dc58a549efb727c
9f1ab5a81d3c12f8399bcad2f7db5ed8885cb6c9	343408164462a9eaa2d62467f5a77bf5da357d90
a3caa18202510030b113c662a66d7166885d17e4	7b10a201d73a8bfe47387184ea2a1126ada8c690
40c270db11e17b4c7c53b1dcae510b564078aa56	af0dad73a0da20d862983f290d78d4d7e032074a
811ebe017f1b5b55a34401fe2f4c8a16c6f25e9b	ee04eabe0056a59bf1cbd74ed2e83b54eeedbda2
c462c417a14c74aa20eabaed792000c85c7196ac	b91342adce401b1d99cce17813c4f13c605ec1cd
4566a761dbc8a03277c918f144f306ea15335cac	f30cdb0aa965205dd51709c32199a4aa0c965e23
c20522014dadeadba19030de2cc40799de46a528	0b3a7f6fe8450e2bf1a0789aebff57c9bfb4c8da
ee0fff092187e18174d9ffabab67ac36d197b0f1	8073b0704d2dfe89b713f2163022a3dce16e600d
d30e5b38c23b0964fe5a504152e4b573afcef7cf	bd51523862b8d5321d117946bcb7f1e0594cc0e0
5b191fda8a8241af306af8f3ade473f7738f1429	5073f006a7a5514d2cfa3d9d1230bd4be5fc2c35
8c70e4bfc47cec09746e637b8db9c1fd5c7d1219	e8a0c3d9887e28eb67f8b1d2cf2fb96edb682264
ad8111387276eb5707fe183bff162cc919e7aaf8	7b29c354f3998fb42f64dcf22a68afb77e3d3807
dc119aaedfe01ca5fb2c9aa536d43b7b7c5995f4	63319e9741b1d185a50063e0e97b37482af5cd4a
4042f34f3f594263077d2a25da32c87ba7329628	f987b625a607a45d95b268b761d3d100b24a20fe
0e2e73d4d67ab3e224f41c5e82f29be5ca6cfa86	be7a7e7e3298d13b99776a41751fdeebc5178b7a
e901100c879883f1377a919af8dddcc902c6647b	e825ea6cf5374d338e2a2ed4e05b67463f1886ca
5d3ad32771c77b22d946a5f46e58d2044d5dbe75	46ea7316b28093dbd74b38a61afc6da6a4ba6723
21dd33d294da7371a85bca8931d288a92c2e02ba	1fef247f3e9fce77cde4ac8bea50ff3a009bc94d
24dd49b5feeb9c9ef80610ae9cca561ef5b881fe	ba4a67075cc2ad633b61482c3be1ea0c59b1e098
5a9be38764d42a86209c2cfe0e6094f189ffbe92	75f6660b38f9c38a1398d7e74ce1248623f3064e
17d35c2a4fc75e53e5babd216373a078d669c99e	d14933640eeed3eef5386e1b4a7feb3b70607544
b9ba9083c92b5d5d5ec8a4f015f4e8cbe0e39fa6	6f678de6ef9ea2736fed0a06874bd082f0a29570
6be99ca9095b99f3a5a3bf1de2f8acae38ab9a57	97b805285d19a455d88e6e2ab2a7dd1237886707
cdb0a43185cf6683d87f623c9dbcdafac10f0e51	412f6d3faf4629d9366a5ac694aa05645490a204
63c86a2eca391c34a42eae2b5789c1d58e2c13f5	1e7f11d4ded45a5e6b3b3e9b6ed3ed8f292da4a4
16d0cfc78613346f278f2a8228a7bf39e9b1b384	55ad1809cdbb88f620953639dd2d8fa300f96215
675d0f237faac4adb0114fdd8738e3b13ca8ca7f	73afa376664eb30f2ca5d8b1ff05ffc437f8a154
04a4e910122cab865a02e95a0bb93e21bf38fd54	367fd150ab4326697f5e8b7d3b4423bc3d89398e
2106475d702bca91254d9a547675c60a560eed56	6539783cc57321c86f2919150a7eb28b26d505c6
71fc043568e08cc14e73420781d62ff8e7af5386	3a09dbfe3c817ea7cc11f6948a3fd1aab54e9626
50f870413b94c0101d75531db06b7e3c886e931f	696032a56e281ae158cd92906621fcd3b767f1b7
960fd41af4e1fcdcc574f006036bc716b3e4f818	33dff7aff60b8bb9e860123b394de8d878299700
b565fb74937e0cdfa7705bf5164d43793abbafe4	cd40100cb48513703f6b8e3f4a5480756ded973c
7ba2797d7c180db4d80baf9c71bb99c4309a0175	453e371490aab4ad37bad0816bf5c797e0b21e9f
e2c13f1dd0e23de49477c3f3ec49a90be9ee3308	3c27e2aad48b8f238dad0c581dd4a85e5d7ffc23
34e497796313ca924c49ec0c3897da7451a2d69f	c12090e6d7c0a0bf9c5c38ed0b0e3d3596b4f0b5
2abd9dd212471b86f023927e7837b9b73c4ebffe	1099ac2f45d2916cf8eb5e439cbded283c536803
0c627134a442f02d4982b1380182015777dba443	9aa26c01d73e4d44fa74e1724b32e270d899cb7b
23a915daea3b0dfba80f2741c6a5f96a7fc99a73	663f42a6492c07b4861d826cc7495ef9f4c7799d
bf05ec05632302131ddb4a522869701179cc7c37	dc06d3cac1461402317bed79bf001d7a40c9528d
7dc4f46f549f86003ca8f4dc1d3fca7b864640e8	b27f2a359fc641f006ffcb31d3e7477316d896c5
7d3c4e3c710a94584f76ac7dac24f2579c2aec65	98f2d1f515be5dd7ea2aeb299e7830696248b0e9
445a5efb27c47a16e517b84235cde7f6fa8dd55c	22684360cfb8055f4ad20fd9675820ff7324a72d
e9f808eda077cf894b16c26f09499fe24f79eb6e	3768a3bd979957d2b1eb171d6411bf8fff6a5ee4
781dcb0bef5d8c8a2857ca0ad5ec23d366935fea	368154f90939056a8b0823076b9178b4c51c2107
054a57a05666840d74e5790366c11e1672e25885	cf1b994517580ed44e2800b421560eb8f47fee4e
c8b3f4484c72430c56ccae97a57b7b9b34682ec8	67d481de37759cdbeb3bd1c4836a6096fcb50aaa
2dc1ad243766737c6ce87f835cf2d657f4dd888b	7f5305c56301ea6f9377cc0606404328bb793a68
3fc98dd7aaab904d51097625e527b3a06fea5a1e	fbc87eae227b19f6aebb1125ac6709021c7e814d
fa7af7a8c437a511347c85e03cc60f1d063da291	f20f36abf27076540852814d57679add9e0faab6
a410ab81432eb4c7583f8325112786e6631f2698	9cf505b0c042a55d771b6bf4d9dd01e1f47084c5
55820f996fca873997023617b4d978488577e167	8d4e1005c233737f0bbd708bb9fce5dd3711735e
445d5421ffc03b5dbb5746514dfcda16f7d4650c	f0667d181270b103fa7650184cfc91b7b30188f9
a3fdfb13b3f768dfd237869c194574bf36df74a3	f52463494f733237522a2878c882e68f2b575ace
ad4bb19ae31c07aac891f57b06534e5548fa14da	011212dea4279348e788cf85732e05f3207ffe84
e1dbef72cd81b6d5cc01f0f545aec55e2f1f07c2	58e3a3716529b73bc40fe33523e301898a6806dc
300a50123ef8e9dd193eeab8fc30c8dd53b5cc94	107d4585e48cc0e0f2891c0e69e0b0263ffc34cd
e1c7d8891ad6253bf26c8274a39cc9027275a4f5	1d5eb3ee0a95cf2db7c487398b34a66bf2c616b7
6b4f79dc5c3e4100dd3aee7d883242aac6779ce4	17a722e0c87621ab43eaa96e68d750c1c85f333c
617084972fde20997cef974ef1fd5b3e01882673	c633880571ed5545d9bd2d7840c6ea95a3c2e416
b7599962e49d5d3174aeb90caea7af2d598f6870	739ced8f31f31e25412feb4fbf036d8d827bd3b7
96060e1d3e90e5ab45731859a9c20fc778f7c39d	3c3332074d7d8c50c418f037a2f6fcddeebccd8e
d975e400bbaaab40e2c4cfb5a82800f09a62fedd	f70b28aa094e2ea7b26a0c3e08b44bd53486fd57
ca34f1b8e6b4eec3b15a515dc0639527b6df561d	4908bd2f8b67fd97f74f87cc5f590506d6bf41b1
8b9cd1e0f60d37bde0db684dd2a4ac93e7e922ea	6b30a7ba94a178b12ec9404f6955277e90001403
bfa3f5a7b7809b8254574959813a78f5dc1c97f1	53e0ce9cc13b7308da576e5f52ee239bb2f38c69
6c79fa2695da4fe67d521850cfde92c5f4ea0560	6f4fd8cd3d06e1568cf1a4201dd8810b2fc4c2db
ac7c4d4f2c9e6ffdccefc22a48094034139153ba	4850fbcd3a576aea1391697eb91445f780f32999
14f16c82f14965011f9008e54c4a8bf79c88eab7	fd0f26148db030ab81f02b26bbb2892e472360fb
74d8e1ca70e5bd7ef919109cb7b188b0fc072afd	34e50bfbc460a27f67cc600308b5c4cf5ca807c8
49f11f5860cd8dae5800cb2c3006f22ce7b88a64	6196f28d4944591eaa8f2c2de778e33a0cc7e4f2
4c66ad25da03630142826321c537672f87b8649a	27a43536916342a9bb2fcfdd725769ea1e9e3d4e
b937bc2fc7dd6edb1dd44335ebdf0f40c4e85720	668d3aa21a59433aa461d692faf9230d8767f13c
44dcec830868d55b8c6c61791342db8b710aeb30	51ed4931ac5f85960bd285c1eb171211e77c5d69
e372dbaea52bf8153d4b30798ac0647aa30f3edb	98365bd4ae659323e0fa9bea5b5dabce92b9eda9
b4a2529f90b9ca333749a6b641adc75796874ba8	dbd88163ebce014ac524b1326541acbd54be9574
a46efe460fcc61b09df177e1f0c69af6797ee203	6895dd551fce474b639ae213e89cb5aeb0dcb857
7a2e7c84a667a505430765bf8788455728a500cd	d3ffac66942eb881e5dd82a7d4e933ee2759a812
1f32cf5e1dbf32ec8bb952c42fba4948dca20d18	a2101ea4b7f7333af431a68a2a8019119bc926d9
9133a7e78ce29d4c8fb54f2804cc2c550cc1046a	db0a567e32205afebc86a4c9eb80c6148d4746f8
b9281f306b4754d5f153ca7a3030171976f1d119	ea008f5132ddf57e6b4b56531893f59869a91a5f
397d6f829cca22b341feb6c23c2f48dfd8e7e6c3	98cff7d5c245cdc5ad8ea314f1dd26efb9d1c589
3fe8b9a33d8e54ada6809ca695f70b8287d35e32	44ba523905de1fb3e11b513e11dd7bd5ac3e991a
23255d6b5c8a802e7f8136c75959c7d7fd50ab3e	7f4a46a1ff38fde029104742bbba98e40ee81081
ba8c908ee3d52edafd52a66d393c10ad55f83238	9df06122f5ec7af9bcf4bbe31e9f2422ff620f29
b9e775bc4af8bc25b811ebe9a361740a3cad02ab	cf3f7a312782a7a8470fa711fe0a7aebcb091b18
0e81e6ab1fe6369f310791d21c3199bd34946587	63e29c15a2b8e8e3ffd2ea23005a8f01c8183940
74b28bd8605f6401aa99435bba050a0fff04253c	994082a5e50f34d697c7c41fefa9fb1fdb8ec6d3
fadffbcd271ce3953b758929d3880b2e2633397f	7c1fe99cf2db926df3965666cb82d23ce3ec3e49
a736cb6ad48cd13cb4ee6aa057c539d273c4ddde	5b6b7177fc67fb7b0dcef9161c15d3737e2bde5d
f223d8986e2c5477f7c07c8a661c6cccfb403934	4066ba9d1da3600467c8d2ad20149ab6b6f22602
3c713f1200e5d82f5ca8526b6184abea87631a8e	d8b1c993267d25da8918d1ffa3eec2a0e57340ae
49a69c57e9445ff774a27638e8c273ab5916c2be	8bced971184a6d4e0dbd44905ec5f79e8a6fb6fb
3ec9bc7a87ed382248dc22c972758f0ab1f9c8ed	2aaa8fb13d1085f1ad82b0ec4742f9aa3be1ea78
b65b9ee6baac59a95abc50e51e60012e4ad7ba38	32d56f31599519a09bb1e525ee2ae8ebc6094ce1
668258ca2885c284504d4f7e3657e71f4ea39832	bb82f9c7bb6eff74ba9bfc61ff52b852dbd9efce
a4bc8b955456db95bddb8085bbc0b9d7c3fe8eb1	7beba919393898f9af67c488687448801f1e3b85
42c117a3a7beaa12d44a53212c83c3aaf03abe0a	683ad58820aa3d2ed5f60fd1d4a9a93cde984ba5
98ca6fe151cc5ad735682547e06c1ffce24782d5	619e9837853595e881b72e66768bd13a62ea6fd3
1b403f25be0e8cf5e2374c738fc5ecea63e70364	fb115e2b7eb372b19b83f09645e805652dcfb3e1
4c297a37893da1d11abe17444e93de720258d769	3a48feda6042315d67583fcb47f2712c98730679
67d88c5a5e49a951825c9612b4a7fa8d1c6c2e8d	26a81595d3d4c2249094c9b7b60c570deb4ca2cd
9a1c81477351c5778f1ae2e1031c474848a1b0b4	1d537f3c3b3f0a1fc7c29912314ae4bc628dec56
26fd6ce2716a9487bb3156ec457edd6c78630de4	cdc3ea645a662c8b4e68cf7d77211ea7d03fd4b0
18ca41be5ce7190bea0490bf77444d5e4b3e2e05	d3fff365a82c6ac5d9bf80a7fcf23b0950214644
1f47f0c4957aeacfe920bd192db5f523d376576c	54a19eaf50ae15655719ebaa3aeba6294c9fa792
f64fe41767ccffe13b397263c968834859d6c654	5362c0c26ca76aecb6d1a92146cd502462b587f6
799b536b14530956f3164c5726e6cb9d383cae73	28206c87fa71292156628cfd9c07a577e4012bdb
b5c85eeab492f7a7f0941fd8a6aab42606dc61cc	cde686021586c3614a105e7646bef0c459528b8c
92092ff026825c6595bb4199c43e60eaa0fdc1c3	c4ce7803b1083ca942a3fb4acf7af17c9efa8a77
6bbcf0c87a2b5f73ca86dff41f0344d28c73ebb0	886cbe56a5b1c55a759a5ab6949837fa4d95e95d
4bfc0a5e57fa0c5327f51a004fd605bdee71572a	9e29e0ffa11ecb8692e53cf66ed0c41889e1d1bd
53e75b435be8c2a49f41065daa70c00dc21730dc	0ce321b2025eaa1382e024304c983622c4f39445
278b78cd86646cf2f0b952437a9c7f37b5c3581a	078d6d852349081b2d2331c53e28a7d29ce62f52
2895991468419499ef08294216128adf2c06fddc	8acb102f674be037194d66de9bd337d5cacbe8fb
9762c3935d7694828d7983976c9e3c7e90f6aa6e	0a81b62b3e85a33bd6d49a3545f2a9787ea45f2a
b8193a71c02dd696d9b759995371476a464a3b41	2e98bca0b43f80683e21656a91aacaa23c3a26f3
9d0fd03ef2f75233ea196c398ae0bc7d8fa72698	3d15c8a674d776388a09e00204ae28bc0a3210e5
5f2c75cb44bb882f005ca0414401d2dc91957473	b9925b2d116ce8991aa84f29d016b2a0ec62a88d
3cb2b4e76ee026ccc17dd6486141557771587a22	f1878d2c4398c4afd68725a926b797f3e18004ce
dd2c8d94ef184aaa656847e4341b4012a1ac90bc	487fed89fa8c00d667591f27c8381eda1faf6d09
0a6125ffb44570cea700d50a02cec58ec375b884	5b1c2443f437125afc1b72c08a8c58a1d1085a03
8a62f6b474b9f80308b4d7b9a60b169480f6b8e3	53a97374ce6bb5ccc488caae2729e16f187f5f01
e7d08e6a8b87e4570da9c4a9593a8c8726ee479a	54e86de855cc244c6b13a8dada19df17fced3555
e3e110f78ef64d34351f503abaead3394c089d9c	8caf0a499cfcdc87179b9ab9d6e1f63a3de5cc99
6b00b6be0adeee0d452d4d7532db037ca7e7eea4	486a6055423ac6c60b4f7cc22bf1cb992a932945
47b892d75091b3bd1138d7f1cd870bab28b30dd3	de6b3f353b31ab37c80515410cb871e493f31d30
4ff9d998b936142742e402e36ed9679ef241ee20	3fdfe535f2b3e9910be2ab3d59565db1673e18ce
8301600b4cc360150ebaaff8faf9a4de3fe58775	aa7361d68fe040e091f580432440179552995b4b
3b0813f82ac6da6928540e9136d429350731f1e7	a34a77b22596dbf97daa2d553fb6496dbc277c12
2117a7e4602facc02074aeb56880a3cd6f5fdeb7	aff56d6d9d3235729c37e2ae5c4b1e3611837a02
0edde9501c5151081735463ee926105e5034f0a4	4a39cbb88d6ed466f9c0a2fc122ecfd2b30b7006
e824544473091af1d8d6cf9c9631691601815d35	30d6ed54467db6f9a02ef1f0528b2c7ef86178dc
e93e56c9db667e207a2202507fa0502f86293c7d	d2bde67072feb786d2d309909e6c2e325aa5445c
9697d1eaff08fb94f05038cc7eabde2210b0f3c2	6d67d724de8ae2d8c77ee46bd8052aebaac62452
55a05c0b4e8601cff6b8979af52840feefc98b56	f382ad5437aa90477cf5bc3e08e884da5fa0a9f7
47ce93816c985398db44162f04adea3a3811b220	4dafbb54d40b0c389eeecf57669e7bcd32bc8c99
5ffbb606f1ac4d792bf5b24ecc311e539466fbc9	c69bb128771eb4a5e4107ab67142f4539679d3eb
f7164328f6f79ce8a0817dff9131a7073c8bda25	2d937ff0b4a6342a4c3a19372236699156e74eab
20ab184f62cf8ec5d7ff7f78c9a0ab7cc9d70397	8e74d437ec335b37f52af8c48b4beead802eb99b
44230eccdfca3ec1937494d5ecd85f4d99516fd3	b9bea6bffbec9524369779b92e37def4d610c97a
6c6a789e3ecc6eda34380a56fdba7a104f1c5fe9	e85a67fb65f9a2460966a7dcee819b4c94774179
c756cdd1dd3cf77423e4efe71f6613a3ce36b12f	ff986c6e17700256584f24d6ccd50c09b5d2edb7
e4c57e14775150b07a9d678368a79df41cc55dd5	4414baedf877075b906b36b53a372479f9b5e7c3
2dc73e0cf1b56b484888d3f91878113f530ec0f4	f7e7585a4409e734898885de20289983d193bdab
903893bcbb298a733452bc0ae4d0b5dde2227df8	04a3a5ae60b717cfb8db82e5a3b407fada466b00
0f1e1719b2db09a783390d2023b73039b0965c3e	89bfface5b3e54b0624720c9cf613f88a8d24af8
a8283013fdfcd7df4b25f9f76ed69f2877de5165	5aacc04c1df9c03e5939605ddcd5b3e49965fee8
ace65b2b90a5812e9b0da48923fb076942c9b232	ca0330ec87f66e92fe3902d3cfcda12ced3b610a
bbcb9c1167eefb28e19f64130f0dad0207b90235	efc582a162578d14cc046edeb3003d0c4d813470
9ea45c17ddd7bfa3ee180977c6c4e58e8f0f2ac1	67b860102fd0b1aa5d8478415c5e69d1ba8a1249
320978ee4e274e137a276ab6573083f8a4f8d410	061c3a20b4bcc96def6d4e82a432d05981be7cc9
238525c45b921636660a47b02ca3172f551c5cf3	e32c1400a09efd983ab8875fd8dbab0316b8a208
03d2d5ee68d507396f073c8b95740cf52094f69d	eb496472d43a6210bd6d8e074499627c81a1dc16
4041ac954d128d1a7be9bba9d24c4534b96f639f	695d3fdf61761743385f78e071fffd38c7baa306
ebd8f0202f6282d2ad878344bcea9f908cdf89c9	2711fcd2d8f0dac0ed2683915bfbabb5f1fd9ed1
d9b5658eb2a759abf7e736ac8b3fbd586e0d9c21	9b1252cf8aa6f64ca653bc1264760efe3e992aa2
9cbe2e25d7684ebf3704f8674f652013963ef89f	9d86664331695971da6f53a4b2f655e785052f29
86f2f351e0827c7b4123646dea47f1dad9e0d969	2c70fcec4c9d38cd4ddd928fc23f968e9062dbce
232a49435b76e4ab04f593096c94a8396d52979f	acc86834e7a01da0559bc257bf4dcbde50ff9a55
567cdc6a4a03cbd8330a0abcd5fc06ed3e346054	c46792b6330c90b9111979c5c7b492ee51b7124f
d75f3d991f7b43e1347843beef9de4eec3bb0fba	ecd0f3902a18a68f1c474b02250d163b5fac3751
f6155fd36de35c4ab9629d9b29537174c7e3a2c5	fb185c45e97898ec8d2811edcb759542b2b72139
7ad92f35c7363f65a1cf759232eb2e47168945a7	a8f2b7f16d9cd4c97fa538a47cbb61375b965c79
51faef4514fbe08f8ccea184d89d036867565218	63ff9aaed33c3698f12df4d2b5a292d49358cc8c
224f96423d1d3cfd2b9eb711b59b36489d69ca0e	1722aa490690a1eccf7219672a0ce102d8494887
21d75960eaf80d9fcb7089a1503306188fd28e8e	6cc50d365575d7ec5d034bc8126b088a9a87d3a2
83780397a02e721642c61a2ad2dfff78687bf038	f17448309f2c3da62e15ae08b36c4377934d7639
0a1848f5caf0da183a57cdec6b1399fcab616ac8	6e01390f6e8f5b294aaa11481ea36b64f71fbf25
feca54987ce6f04e23b00f7914c1e5a37e195122	692a6d5e2f5416c333ad7a8e1e2e1dd5eaebace0
9d3a68bbb5fa85c9fed8cd319e025863f247bd26	6d14799e95e64afa58cc74a3160121a818d02ac1
db609e1ec136ba655d2b2f5b7d9ee36278de4bba	5dfe4174203013109e146bf0824ef1973ad9ae98
443e354411cb4488d148c4fd813a3902c656a04e	011c0d8b646cadab67f3b35929d0100e49e3ad94
44a52776fd1d0c7766aad7323844908adbd241ae	87af3f47d9e177b1f23197ec11b39596b74e9a5c
8af04764ddfef0fc9b05136cef49123be89f857d	4110947a420538c8f84c9e86a87f50c8e6f902c6
eae525f737cec305a38290f7cfd5c4db8effbd51	4185dfca9052359e0453b6bafad8a3df0130de04
1322b039bc28206d60bfb45c99095f43ef4f33f9	917de73ee09f7170db6f5e3b9a150593a736c1a6
9ef26077add5f8b5a6b0b6b897102840f3990ebc	d235cca151400bffd0851a9a8575b3ea6fd4a998
113d25ec9c107ab4dcedb15a05c948dcf223d390	c35ad8cc5866eea5381cde47559fe17f7540cda3
813f60bf942045316707244853f249b52e3ecdd4	3c83f026fcafc5dfc80607673a0dc15da9a63983
e3bbe4ad9fe66625a6564434860848d3261ee27f	e0f8ffb2861da11022ce4d6ada19ac520fef5d86
285f6a009095a1cd036ec052f10f60b21a333bd8	64e5992810bd07061be76f8de23614ab628bdad7
fac5d0536eb8fc25aff079b2c65e5171bcf3c457	aa2beff699d0a1908e321f63f21a8e8a138ea6e2
e018da756d0bde40777b90449484df059bf1020c	29ee5fc01d655eaf595bf86171ed4d7f45a40cc5
e81ac69ba818b10a75bafbdbb5457d7471ccaebb	ecc857723791cc7759947fecc5b4d14ae358f9c2
d2059a5e278c1c1cf327ec15d2f04a4c44a9f4f0	322f3309ac41a377364e22c9caee7e297aec4a7e
bc34fea212f9a5802cb6e6dda00ba2db572a4421	1e1b2f378dd0b6f2a722060b3a2d855685eff994
5399bf8c51aad3a872d0d533f9bbcf6540b102e5	90a20f36052b42092f7f896189b333787e16aa16
24d7aa3b6a68ab77d98c839d9a63c39f3c5a9049	bb100d106d113bd052d8a3efcc5b9330a6ada78f
c417cb75e99c584dea53801ba1c978cd01b06b93	aa77e48c663e5ff598891f1c06fb3526330b9784
f489d6c5c84150cb10e1e6ed67a708089415ed8a	56114447bbbb4bf44cccaf770a38db97cd63a13d
e51377261851a36a7e6beb5ea29aec83dfd4f615	747046c6f9635e55c811d2c7f01afc081d2253ae
3e65a9e7cdc4c8a529f17e89c684733877bf3687	2b533dcb594af050071db27c4ea79026ab678277
eb729136452f08f999bc1c0d6ce472b6b2cf6ac6	4f83fd2d6240e4eaf9bb494d4877df42b64ba68e
a4960f84272999f1115762f785aebc6055cd2b99	92e453ada88b8788871e0ff04d7d7c361243aa6c
c9d579e0a6c07aa2fb6b5d7c7275687356a0088e	ddd7e02a6a9011244c00a34d5fcbdf76de5c2983
2fb64c30b919a3be13a7e833eccdb9124dff80a1	fce883c06d240447ba607ab043c0ad4d1aaec683
fd12907d2006fc6fd44413a7fef9bb3da052ba4e	78d58198b87b5036b58b726da85e2c3d0ef548c1
3631ce0aa2dcf2278fc87465b2102ee1b50b56b4	8f8816c7a75b5f46680319a9d09a7153b2713948
3b7c2ca4e06914d54eb7b376a5bb659bd8e11bc9	63af673cf146393ee090708967d8c26eba2839bf
57c52da4fe31a2e0e732ae6c701ea0b51cf38a41	92401663ff0ea6eb250e279022e10071f425b11f
a92e56371881ca6863143001ed908d177e2eb29a	a0123633a9941459f532a7c1e16310cf0cc6d640
9cf35b3da2580ebe54073c8eda04dde10a3038ef	4ee367661b2d3a4655d5a65bf5ae798362b2716d
1581768e21607f0df08ecb39fc643d71a8c3ee9a	cdb2ba77efb877dfc9c2d4d2155b73d31e71f3f1
34817f9eacf0fdbac44181f0c701e7c6bbe99a04	9378c357bdb6d71f4066e2bc00eb8f59cf226ce1
f0d826741185c5de0c251082f98d8bbb083e2b68	f70bccb4e430e9bfdb330472203a991c215e80f0
77b34b3202f51d7eeae5fe6a3d66d8ac8647e00d	544c698526b76c7891fcad5c3679e82e7fcf709d
468f4044683f128e9e232220cf0242143fc25d93	eaa8adbf670a8e81f5bbd596df9f4ddbccd63e07
29cdb2cde5961fd0b3c75ce925f7d6208d46b48c	30adf58e788508ccf95529ba910dd9f076f67802
27922e2fc352b16b950433d7371b4cb13a3dfe4f	c06322b1e3f802ee539ccc0ff8d440e175368c30
c56b4d223892198fef1a40e8ac1edb7ce034552a	c05768785b8c35871676242a1b7eaa8d41a9c9d9
64d87f3043738aca5a3b4b978715d8c00b100087	6a7f553b764d2bc1433277702ab2b49a0eb587e9
dd880061a03bda0e9cd40a2f54e14c7f1753e696	f7f23c4858b96a2273295c910b4fbab76942dc6d
5a332fc34867f61e0e6701a458f21ba7abdb5c70	27b233afe01e271b6333aa14b2936e4e69ae2aba
f94c4ddac901b3d604be28e26955d23adec2d88c	076a5c73778e014a04b93bcc22bb9f278426176f
0a791a7f4523738531b3954bda3ab3e1f2d7892e	164bbbe0dda2c42cb411c5624215cfd420025356
a2af96fe05b05153de979080afa8a37ec12e60e1	3b2e3b6d87e79e649afdb2e85716b62dfd1daac0
2cc7cee8147882131c94441f6957f6ccba47b44f	62dca89e43678322d7e41376ceb4ecb2e393d010
ba97d99919744532edca38d47582be8b4fe127de	576a36d941069616983e34032b6f50d184b54c9d
75aab61e7dbc7c96274f2ca81ddf333af145ea5c	89e91db33cb0d0d28a4fffdf8dd13e7f3e0a30b4
d52fada5ce8ae4af3ca9e98a79eeac846c1be6c7	b23c0c69151552f992b6c0f67bb88ca46781fc72
605442afb7da97dc65661b0275c6db166d33f5be	53550baf0eb6df76775cf22b5a23d1353771c81f
84cf97a4d29211312aea9af4aae56cf1062ab632	baee421d57a78d652634c79756b6a860414ec52d
c62a3bb9c9a0553911ce798d1f4b4fa62fe5fb9f	3dfc4044908c5ff6c0254a2fe0d3a96bdb414b0b
b299e375a2de25954af64232852d3c7fe1cee0d2	eb1741c6214d8529b146754029943671cd3bc434
bd44b79046e9de6375b07fb14ef7921d73f172d5	9a4d5122ccf2cf6141534e4518b62e8c3b5eeef4
83bdfca9a02204ccc3ffd639c403321b7c72b5bb	539895ef52c37768ae9e32e946fc1793245c03d4
6d37635b6329674d0c21e74540a5a86c659ef909	bedf341d45350919df566ebb2daa657383131d50
d079c896f19840a0db75b6fd64fc0232d369a72c	cee9e2fd4dabccf15154eb921ef22c48c47fa78f
0a5e497ddaa9adf5dfbb8338ddad2fe7ec598023	3382137aa390d52fe082d4f78623d3ad68b145fa
6e34ea919b7914952e1cb8806c719c75817f8357	69b58fecbcc661bcf1901e6e99b728d55c3930b8
a248d12e8470a9584a272c11d442f45b2831a24f	a11645e9e7529c5d9bca019fa244c7e370db9cce
887881a4fe401c08491f92da8327598e6508cb1e	9c590a084cbff5017933fdc87f618801f0150ae6
0680d434d6db60996d6ff528613be8c7f3b7ecb0	dbf0bec0a487fcaa11af48904e2e71d3b6fdf559
ab926163846c8c709eff69a5ea7b7c067403a485	e5bbc1523a6529b5ac1258fe2bc54dd4119a0473
5c540dfe4ccf6ae75441f331d41fef9f038250d7	1fbbd897d61196200b23b1e75286bf5808f91755
308a7a3f50d2ba3d7d57fec14a540055d51df190	57a2ba6313dd73909b28ea6aaab73a60113d0ca8
96de51a02c90ea5eca98ee07f56ca49532516be0	f1f66c36ccb30125ce00a24d1fcc2cd0950617ba
be5148987ce892e38135d2a1ef6100f4ef34842a	b0f2994e7bf92f3b50cd3472b9453b8c032d705a
b22afed0fcc72610ca36c1652ae0458818d8067b	fb25e00fdc4e58148f3bafbf086f0824daa71e1d
ea92939d27e3f8ec18fa7f539c417ff4836284a3	493406eb518893e737075a940377e90b4b9222e0
61f8af6ef4d409f873c508deb3ccd3f85448eb7b	f7733b8e5c5e6c89cdd22a811f71dcd38b8881f2
b712b80b88145ae8ab1479f34aaad1842edac502	12e0a22c5936b5331ecef2c6d95e882a060e61d7
c4cef55482236e3a1ec90ca9f1c48adefb08cca8	50afc8bb2a3200db1d72c3f035cdcc0110ca89d2
45d7b14b9cb56b1015a58f80609d6348c0d42e52	d5bd4abe1c58c409dafb44198c90dde4f78162d2
f42524834aa9926b9f2effa8c2860a510ade9654	e6a083c4edc427920705e1eb9b0ac136b49ba05e
e73eb735ffc383a0eaf16b26b5290ff0a81f016e	33dbd64d4821a5a8a615a2eaf6b1095c87403303
ea3251c2dea45366f2be698307fe8246fd053555	eaaf02b430ebb7d29ce99cacf4013e709248df7c
a6d193985546ca5b1dc08bdf14f675f4e9f3896a	93afb606128eabb1653064b64e79d4fc46cb7f68
d07f47769e0ce070f755953df765c9b400416189	4dd7aa8ea6af0adb6094cc25d47c5307f55b5a95
32f130185c8b753047333cf1316525af3ce6a6b0	9dd05fd863a28f130ec32e3e9edb3924db47e5fb
f759ca2df3041f650f54a8bf097df9223a4f2215	3ee75690a1d454eda25c88f827928f237876f853
ecaca134b33dcc9c0a42bc909a47ea33a0d6a80b	a4f2d7ee33843ae62dc7a37ff563c18a5f33bb53
97900b5203035445624ce22ed99d6075f6c33d33	12fd64bac15a69568925f4774ca5b32cb493ad3b
851eb82e3ead4997699d66dd1f6a6b1aedb62190	4d01504465ce1dac24b29f40d4504ea7fceff951
ca136e2d764cd7c8847a5966eb72a3052410ce40	871c9ab0556bb9b856667211bfd1760f85fd7073
83304db3776a86633870511aafca97577864fc4c	e73c00673c7e5da53f232e2429a02d5a61127383
c56a9eaf8e4523451e9cd5d6e18f21d8a5b1fed4	d948735b1371413515235a8ef7c62203f3eea71c
15ad1bae6a24c34372a60e5e9d2f4fdeb73ebd10	56e96b475f9e74debe4ee26197a9214e1a8e99b8
05945f7e9fe9458052c69b1bc561db10ed801f98	697b496fbfb05b1e4da21943928853cd82650715
3250c9f6963bc15a9340caab091c70f1162f24f3	991708cd307b1ab3d8c69159648ffaa9de064fee
e5971fb88300c6832ad060ea43d749c52b4f15db	1a4041f0e1001017138c8e4df88194d308c7120d
1244b86aaeb0b6de3220b6019fb21f4681505656	362ac58ced4a950dfa9ba2269cb12ef8bce99aa6
d359a59d5feac594e91f9aa36a83e48281e91b1f	0b1e2d0adf29ab28e0260cd8b7343ec1c95f5667
ac87af58127ea330ba4649d8e656c5ff58a6350c	7100557aad9d0aeda76f1c90f07cfc116c100688
ae8aca0a328fac0761729fe33fd2bf3d8418d589	ad995a742d88f719395725f30273f060686f1c0b
556e5d4fabca3becf8218e1f68d7590f7d61da6b	0dd4c04098770a6ab02a0b4c17fa107a7dcb3f81
41be1835a219c796e51eeb17dcdffe0d06a73adb	9f0cc6413d30a10858f9cd63129d6017cbdc4d1b
4e81886963ff06f0ef5e8e3a1ba8d4df37f4260e	57c2fc2b591a5da8afa3497d9821ce808c4ff10b
5942c0215b0d2339e0aa53b1b45304033f575eb3	42eb72d92232267bf565d883b20fd156a71f494b
3dd83e031b637d0e6d67eb2650bc3983742bf6b1	01c616f52baaf8a5d5d946c5546c19c1b97f6193
f5706236efe1185e8e0d1987d38db00f03ec84ab	27c5ade98d9272ce7c8ef98b9371e502397052d0
6e54eeed05792e418a57506fd77cd0bbb1cc1d05	dda67cc5bf978af6d169a9fe37d0e7dfe0015571
f3f44316a230694b52ec0ad7c5269a9516f08ddd	5d2c1656037677df7a02c4420d7b2db22ace6213
1209786b45cfd680c2640964535ea19eb885611b	fe99bbba1b8b689d5360f15d3d6c33334a008be7
1615343d4681441413352f87003791a50f7a863d	1b22002c6808efb92883d411d4a626b8343d5b4f
cfc373158f0a2220748ac41bdb6c9d130ee23775	1e23fea6d69579b9672808e9787b71b31111b767
9d54a9548dda8f6d1e2f4ad5671680328fb34ea5	0e1105519a2326f54ec7eeccda9dee661678cfd2
0db94be832a71f6fe4aec228ac7fdeb2850dfab9	79905f4f7446dc3da26308dcb7aaa58a9b8712ad
ee6547b162d4d78d647d312673ccda955dd16bc2	636548f7d8406f5292000c2eed0befe46d5b43a0
9e661522e2722ca5c17e90512384ebd44623c3ea	6a9035f99432e2e3dee5e366fd65f6ed5f083bbe
ff1102e89a90823b63bb0a8517c5c87728e39f63	3366917431729d18e545c3169dfd3ace038e3cb2
a5c783e754abf1b8a98836958c1221bcb96a87f4	8033ca6f22f1142c4209f82701af558d6de448c6
270a4bb25ac9f2e0eb0850d768e68ebed8233d57	e9d3f45fbc9d9a0f4e9b23d61f3c15b6c7f613d0
1cad7b9e36d0636858440cd3443b52d41e5c3fab	1bcb7c1cdddc15de0d7ae4e5c800df0255233018
a75afaa96a3d8067981db3fee51a554b0bdfcdbc	d5656df87e7520c726a7ab4c5d4aeec93b5f48df
a358278cbaa24fb1c38e8a6cb701fed273ec9487	6f5d61eefaf326571794f7139a9f94d38335340a
03e2c0355813484da69dc4f0bf8253e60fdc6848	9931d7bb5b965ed0ea8902c081fec3a4264a9fb1
f2a383013b0e2280d2a5df0d0f42783abbd22147	43592006b2134e5a3f0d68ababec95528f11f3e8
0cad1f6e6976b64aa8d881723380de1a753fac2d	b9fefe2854873751c24aec043ecc47a830ca90f6
41ace6a93b2b36c6778faaab609c6bf7f3c3bcab	115239d426b0909760e25aba09f6f0015d8f58b1
2d5e5f3cf0ee76509891346eef84ae2258957481	b5dae48b9694810c79d1df7a4f75cef711a8adc7
f7abd1a543b0632c2fa7cb64cca202588c13592e	9afd478b87b337dfddbb460f2b62e75bb82ff2d8
481da75bf50d0af9ebd232e5d50d77f7b2918b18	6c1975a55337bb456a23373a4200f63e52c7f6ce
258542af2757e14f8999e8e74166d376d02573be	4dfef1c503fb5b30c8d242131f5c261638395716
c5f252a3d1578c0428ac3f3523e1ed069c14e385	cfff4da610e5931e9ae3b8f93e85c5c08abd3a5f
250dedbf6519cc3dd9bf2d11eb95e0fa2249d320	ccc0cbdd9856c483bfb15f460a55f68d7ddfab6a
bd9632e6658b0595eb703510fabb625975bfb778	6328cf2b53fa4e835e718920ccb7fe767cbf04ec
19709d1e08201a6038712d346344bb6feb05dc9b	3a74a1f794849adb6bbf65c77c8d24d085d1554a
678d60e0344d415b11680301158cb9878dd9b59d	252728c2f4e0298ac63d23be1dd4addee60139b0
49bbc2418207ff91f64038fc1b51ce57901e9a0a	20d07a3752219f53ee673ac2f48e5c68ed37d11f
d4df7e01f369cf479bad7f21dbb0de0f7799ad85	0621ab74aedb8ec6c4bd0027fd8c0292b34178a1
92b9aa12a3eaf8ca46b21f00fde37177b69ba044	e5ac8bda7651eb2f3d74fc719cbba79b00a14ac0
e85796d01e2f694b07e90b147da0c5e68109e3f7	9c71faab58424f8df96a965b617a693e26415b86
61a66188bcb85620501467c27ee52d495dd956ce	6245ebc64f5a0e679b7aaa83e82881af2fde6175
5353f2f6a074f1a32c3f1abd27752e4aa00fcf30	541895e35df1d2963f8ff7e800182de0cac8d305
cd8602655275235f4bc2282bade63b844fa54899	7f1c63efe3204ad46e51f6aa6553fb2f5fb76574
56fb426514db371f82cc3b3645709c64b091ce37	c0b6e9be5901116f874223cc202762a20aedcc3a
5b39f1141b6e6b4c9b2729d47ef068dba147fc29	1a62ad1d764f7ffd14d2cdffaa3383f9d23f6b70
37f579e82f6052184221a9d82412d4eb8d0acd1d	6080da86a5a566909083f3157e6ebe2eafb79010
f32835f1f3d8ae0168967758082c6d0de406a275	4a50225082321b6c5da9087bbb139b6cad0d978a
0aaed9dc8189a34c23cb75927e402c06f290c7ab	570fa2276d1e9e5554c52bfe0cbc20dfb22ed336
24184278bcdeb3f54e6ed08c0cb666f9306965a3	4e8f64a24830881eda0d44f6f49a2e42d3ca18be
1602cc94276a96d0079ba4bceda0efdf19b41e53	037d14aa4769631f0bf56ba81a3ef6f56408d561
f31c3d79c1b644b3e5bb890f3f57fd6b4a8f5cf9	146c71ab0fcb86544d8b9d4e52c473d79b3f19de
67fc1b537cf478e8e7337c3877aeab11319310de	123f2eaaf641a334ae2f9591acae542d6f909c1e
2747265de0e6bca0bb1e02e33782c8c3d65dfb8b	6d5877eb8cd57297df5af10eaaf1d8e98a1d1feb
99dd4be925b99eca76f5d168ef38a6bb70243a61	0866816cbdf362b703c7868798502d2bb1455b9f
5420bb4dbe345c3d19b8f088b6da8dc25bddfbe8	b079ff60cae28cd62bfa8572623a6f10f5d9bf1a
d38a2062be22f85698c3f906cec2e4c3f0df2726	12f358c1ad0bd5fa52b7cdcb9883895812e41ff2
d37784057465bcc50566790cd4c9490199bde929	6d4a6878060862400d69cd644a6c05a922f16089
f04be2af98cba1e746387ca45dd2544cd1512d1f	80d5e3743f764c9cc9ca7ec3aaa459c0c84e9ad4
f277c4e969930284faf42c65255b2b56739029b6	ce6e58e312a2083fcbc0adc49f0fa2c7799a62cb
cbdfb410a180f2281851cadb6a97db722c4b42f5	5ed03caf00744fe02dab87f3675ccaf12044d585
5e08e14af05d34372bee18e1a5b53c57c5d0cb09	6c99760834a88048353e94f030bd090e929d6fe5
5c4845ef163a8acc0e00bb5b4e775fed9ec3571b	0ea7d42572576887ac97cfc825a1dcfe3affeb89
7ed47d2a7bce55d3b3e68d8a2e7ee2581a4bb664	7e434a399049634c03e8c62430db1fa1ed4aa991
ce84bca79934ee023ccabcc93a27e34b937b93ce	23c65a90617373de98241071ab1f64043b80c748
e6b3de3b93770f9919fd58c37e11897b54db6f98	ad085cd9e601cfb832f20b51066c3a87f99a844f
9f19fb1afbb3ffe78eedeef3c5951413a505b5fe	f52869f76fa2c674498ecb8232c0707a36600548
c9a40ecd0c6a06db04ec463ead1e18afdbda1f5c	5786a68f98cdfbbbf90e988629fd2b113266e7fc
0668374f6fcc5884f579239000d60dacaffa3706	60bcf1573145fe0882d4baa45722c103c9868ee8
1331831465b1b9c7f4b9cae2cbb27fefbf7433e7	11cdcd30690f2db4ede9d2f1dde3d47453367667
5afffce685b6665cbcc5845a88ee47630c64eae8	2666cb038967595d04efd6e7f64a41a5e3c45db8
8fa496cd14a024b32ee636daff865786fdec4ec3	8ace8c8a6462ade86316c9ae3e1f6420da524f3e
59dc09ffc44ec6d8ea8c4364c7828696f1042e79	50fd2f8e62151d37c4f8ca47e28ee393799d5247
ba5f5e3dbb72362c22fb80644ee56b09775b0a47	e79d2ab08a880fb16732ae4317209b5249d65ad1
d67c4922a517a70a4d2b78572ec647c744a585b0	0423d79b29f7d3c7f5235a666862843f56718142
7067e7238ff34e614fe067acc635a7ec13b0300d	93fd4b1f44570e1f10a58c93d6fc4f71f418d076
24f2313c108037291911b95248a4baabe7f7694a	7b8d49ff6fe674163da60f34c4f9cf24a054c2e4
35b0dde021637cd8a9966bead51816da68ee0540	1ed75b0ec98515136806727dd24420f142827991
567cc31d586ca834ac7c12e660eb276b01ff0aaf	f99f6e8b97a7b39065e25f0b7ef49f1770038180
0fffa9fcaa8ab2e0a789761e45ae3eb28654894d	6fee7fb3d44da38d8bbdc7965edcb8a40cfca2d6
3d849f91e718f5e13200c9156dfd1983b573f1b6	12967e8b7aeb7277bd6ddf6ebb90c0f25a7ef03f
cdf460569624588602844095a3bf4d4bcb53ef94	9c3a76b2f65b902dc0de0de7720ead2bb2d06e86
bb553b9f1173336a2bbaa899465dfed7d1678b9c	734f2f2eb047389683e6a4e84ea71dd74aa9154d
0c108410b2fd5cb014ba49dab538e02aadcb0364	94d5076e9b6d59c4b1af2c8a70352441cf8a365a
1879ff5ce28242e72235d53eaff79353d830269d	a5d3faf3cd97e5914aafeca2cad6c0b0dd137f7f
6a7aaa63a20ca50eb8125d72681c84b4b3a8862e	191633bfe6d754cbd75f3a348e2f5c2a48c5ff69
58369de49e8770b1d4b8562bce40dcfdc49ba5aa	212f22a7d7abf1e53935a81bcaf9a4188d89075c
50553bc456da635e79c52ccb9f8cac6859bc3ab0	e8b32a177d14988a2e5759ad4fd0ffb056e1c960
7679a37a4b35b239666ab4a9bd56c817bb86a21c	70fc5d9d112f85f4598a671fe551e4647b86c8cc
97d31166c61bfd740c74951dadaad8c2e7796879	f6050f3ec383e3b2cdb5b43c5b1a71776480f39d
7d7f35ab363e9712b0d0bb42649ee8aac3947fdf	dc68b1ae5e263f52a3482ab053908b743400c871
e51781c1eb6e2c0213aed666170abe94f5b9e1d8	54b322ff213244185743deedf5758253701e0966
53a4a7bf562872202baadd835712817d3bd91aec	479ac94c549b1c3cb5364d4dcc03892bc7b23f9f
25914939aaaf1e8d29ef454fcc59190dd8aa0d17	5823e75547b99c87122f131f93bd90ffea2774ec
b89e317e04b73c398552f8e0d7378415b0cdbdd5	c228754eaf71bc5945ace959d7cba5d57eba3e27
87bd9e9fd103f091f3663d606af9f75e1e35d533	4dde940f49d274ac26da356e472ec09e633e70e5
f14936b0c8e0d0699ee696d5f6b0deeb7f09aa19	b85c32dc1a26b72ddc8006f9773753c4c246520e
3cc55f5cd27de7e55ce9eae36577966809283dca	70136dd5158c849f011755bd362ed5ebda3aca8c
862c5b8e2fb186bef802f1658f995b00624056ac	5a74a367988d15f39769b611a406d8c878ecf521
cabbdbdface82df3a1f3e93c32106daf121b5f04	35b718161f3974beb4d4c81455472b66c4c01b04
9c89d848daf82b40fed3d552997f912a779463cb	ba65f77f44205959dc7eecb496ad7369503d155f
900ad0dd33e4272b63769eefdeeb3bd5554032b2	63a6337262a2baa8e311e0876a721fc14ec6be88
233352e92f9e3b10fd9b4e0926a19ac1791b5ac0	24ae6335345645d886137639f265a4606b4cb8b2
c678390374f4d14087a3c03a5eaa85726dba0706	33df6b119cdfc5050262d6a8249b786ae3cb3e41
27cee50b8ecaf8fd2057c77eec902f4fb9230d48	f19d6110e2734263ec6d942281a39162de0b7990
c6a055d06fffd3501f379069f1fdb01625e3bf92	20e3575c3812e9bcfdd561244c54be0cc1b03668
69742827792f0447cc76a2157590b7349add6f25	ea983ce33320d964380dc4672c5e8cf74c243217
048b5093a31133e3d9899ef81acc02278cb9e43b	18e7d0602807f1add424591df5b3fb521cd65368
32e143cf6b767aee3833611b25fe5f92d1d1b394	f9e8f7c943f782ad5810db490fc3405e8e952c84
1caa29ab7326e10c2555bf15c4eab5792877206d	5312ad1226f11e950fa38462cfd6b5705e77c90e
a74975dad1b0a46f34c1342335a1119c95616f98	7a319e80c074269c259f7070e752141639dc9c0f
9c35bb4f3bc3497a8a50075d4058ab18431fdd06	5a8fb7e294834a7d7ebb8499c55f4439039394b0
844caf8791d1975a4b284dc3c4dc797a9998c40f	0c67d984ae1ba6b9f26e1285443de2808c010e6f
1dbf28446593655dbc43871da984aaaaaec1b1aa	25ae293814f6321590f10e36bd962a0dd78d9b0a
fff660663c31de445dafe0a85fa664d335d483fe	1078d2f6b3ac1403be55f2f1cc3d99c27030a1cc
7d06876077badfa9ac039b254170dc793b209b86	a6e0877a804eec184711bf5059c9a52f7bf85d7b
8b429cc4b452bb6286b2628a60ac97e23f003ac4	7812211f49a4858e426ddc30fa5b0d57d10cb299
60afe6489d2cf49b70c9933280abde319947b2f5	a3a7376381ee08c38c6448457d5b8246da15814c
ee0f8c12fed4ddea39a7c8f95cdce5cd7469f533	9be246332f11038ff84705f2e6b8ee8adb3588c7
b139cdb87746f190c771041fb5f64715382ae879	9137843d5c4efdf8fdfadf9e7c7ccd0524134855
e34b1561e298dc1b26c312edd5780a1275e97655	5822199952e50504a041a2baaea72ec55e139f50
61e6af154b88c3b7f01171dd999c50b91c05ebc9	2837d553f24086c25d7689291689f81c41c89f74
c0197ea0b2732a7beb9964d1ea7efde7b629e31c	ddef5d6de537e2452622c974ea4ef8ab6261d35a
039c3852cb49f809c9159973bd8bdcb527720f20	3bcb6712dde9af6a7bfee6b9fa43dd7f7a0e0f56
9abf6200b156e38f6a849b56fc692dc42dd745bd	287a538acd832af78bfaebd4c95247a562c01dfe
3c4a457d4212ae56c179892a98b7019e697a6c59	7b3c16f06e30554baa8d3399f3a226b7c6c9458e
83cf0e9dbb94a88c7003e2ca42268fd8f27e7305	5f03c80539e78d25ef8af6f796103bca7ed38031
63748f0d5c179979bc8d953c62da8102876e8868	af8837981e02382d2551d7dcb312c447ab24abe3
6255a5706c5a7f2e53104e3822676dc307b2a26d	184620583307f838d5129817d7590468b7ae1744
9634c584537a29d14b17a1af6b34bb961daa7221	6e65eebcd8ea7bf1368350f4c7214c7c62a94d5e
1367d601a4e40e9ab8c1eee921ed3efc5d17ec85	6108177e3dc6783bf89eaa33c1f2973ade2f914c
ce8c9afb3019b1f24431056a04d1be4d4a92e79d	eb102d3ff1b3f42f17e1911bd22bac80a791bf87
52e4089e4d08b8041ade5b69ba2323d8dc4af228	bb4db642e390934f613b5209b47575995064eb13
96c6a70707cdc1d562113d9b55096775f0805470	2f008ba72af7565aaccb31eea5d167fd1098231d
6830cd41ed90b2d1c33389a837622bf885dbf240	bc38b8ca1cc976d7691de8671caad44fb4048149
d340c5dc96b5d30ac23db47ad8d2772ddce710a8	158a24c0f346074e2c2f4b4108bf00bbda42d3b3
4a0133db6f60bde7571e020d042743c817e93c41	399e122d01641b11daa1fc38d4aa49c2df68285a
03c089a79e25856ed1134885c3bf72eb4f7a2d77	afb4f9d8196ae9958dde18e858099a6bb810c26e
a6827544f598c227b923d40eb569d93d77360f41	b32de43d1761e2cc11575f87f6582064dd53bd2c
2f037f9bea17ea7e7144ba0bf8bd857d33fcefc9	b3f39f1aa85831d5c74979ccf2031c323d7d0508
3e169c2d9653e968740bdd9ae78e5e389933a167	fa8ebd149ec8fc3d7df1dea78885be13cb17d0ed
56d7389feed92f6b69447c2b8afbfa1a4bcb525e	a500fdce4d96487fbe1bf5d0708269ed9c31a66f
ccb079c553d035f856feaed95fefabfa5380db26	4eba060fda5f1f3b37805c205020bcd89b47b89f
79e9bdb00669ba5280854e0c5d33ee606b0c1d2a	6aa84d23d32a68821a6626169f72905ce09124f8
f99df69abbb12ef734d9e5eecacae5034691e8f1	11ba908a0bff988a8c900e8fac602c12db868c92
0338c29ff94ef6c4bbf9b4e06c92e11d42b80ca2	140c1a405bdc367fe11846d9205b16324ad449cb
a6368af4665a3b1e03f48cdb4035bd2a91c012cd	8820be9ffe51819f13d2d6164b744e7636548043
02601cdceee35e4693313feffe7dfc9f2f88347f	63763795b78a601079f4718853c563de1c0bfb23
39e45a346c558cc175fb5e5b0ed1c1f955f9b983	74ac368a522ccf5e8e77f821fa49bfe736641f7e
cadeaafcbc6039be6f5cf0f3754cb7fa1a930b6c	3251f554dc2eec3b1fa6aafafb1aea5c8992df1d
cc880d8557a34ddfc5a42bbc8750dadb8faacfc1	bda7f86b9ee74deab2cff236c89263f447572565
43af111c64e01502787e9671b0f6f6e5dabbb078	94a90b7cda07a5316e364073a38925104304c96c
47ff1935dbb8f2139ddb543a6c1348df509e0d57	011f99a7291480a3e2a812ea2dc2c7a2ca30e4a1
9e2fbffbf8480ae98cb15d1a2a8474238a3c9a54	69819bc7a4582440d3f455cecb007398a068a08f
a7b1a3f48546ec83695c95cce32361b978f57189	6366cc39d478b3ee32cd8788052456c747deb32e
f2ee30184b897f6877fa03b5d077e9bbde6f469e	8a0a5c87e20818849a151a6ecc944c73b3cdf083
7aa888398a66c817870bbb51cb17cd474e9e4183	3ceb63c56a82204ff2d308dfff970b19635435b2
79268ecb2966db657185526d7417ac5c2b084d45	49a8fa31d3db6c0e67f0f0a2386d3ccf2bb919e3
e03143646d3871fc00c78dbf3a097c865b622e6d	83616183b2969eafce2eae69788891320becf45d
3e2c5bed382827abb9b02d099cd9986a0700ccbb	6660e7a00a0024145fa5882012ebad653126ac3f
2a6c41b39224c6eeaf80328dbef255d7f1ba7e8c	99428b4663650edee7022bc5ebef731953238a58
441695e892d3030b2b1143a0f54f743d5cd0d7e5	c6876f67beccfe83cf5975b6b8bb2a8f89a2bbfb
5015f70856d1ba0b47f5cd1baba43c07535513ed	8f228515e89de312ab4ddbf2084063d083a14726
003ecad9ef221b947d53d760e61eac4849395abc	9da131455a241852043995be2fb1e76f1473dece
f6b4c642829ddec8165db08d8cf4b8690fff07c2	77936b0c3b3ad1beda7fc8a4c3e332179aeb78f6
be71a3e2e1dbeef63fbe4da80570a60711e7dbb9	fc8bd701290faf7aec4cc117234437c5594b6e6c
f26bf855fbf45d8fdd06e0ba0daade26812abe23	9baeeddf76ae15c7e13120a8bd7106358d9c536f
4c22afb05ba615ad3f57137e88a725044295b2fb	ee8c502c0526bfda5e7f89a8ad18b5e7f6685970
b08350b22de0916f6dd14698c14629e3ebb61d5e	d36262a21af296bf784f81f041a6fb8e5abe60f5
12999339b6ddb48564835b1829d91072c743abf3	86b836e7fda9f01ddb1c619338a97366481517cf
0f675aef99365f91ba47eb9d30599605ec76d9c5	03f41eebf6a8b1c77f41b765d92b3cbdd3216fc4
c78c54d59a6b15815daab65f00f8ec2c3356433d	905707204ebde0fe6bcc1145431734b4d987f4da
4e5e4c0fe9cef0b8a729e40b860231495565515e	1d6f49c6b14b2ac28134ea246d7d99cf230b42a2
293d19a60620d77abd016d562d4991fd95c3a8ab	668e14dfc34c2e642f2830233e010e4a9f89222b
b5bd85dda8dc7aac87ae635197abcd1e4a521a9d	173985a1e8f553eff71da9020abb1ab3d30a2b3b
3ad3d841ae2b0ce317545ad6efc7d13f36a34a33	b37af5a0c17c86c6372dbfda8eeaba10e5a92779
0bc7359ca067e16d34d5d327fa3a036f3a4af500	723869f0679b440affe93d02bdeeb435d9ffada2
2944cf309664eeba179e5301883118cb84dd116a	68869f178caf72ba6fa7264e456548dfff9b9533
795b39e769dddd9f14dd96775488bc38d7144652	049a394b5423ae8d41726fa4badfeda9dfa75576
a39e8b87245f4c1db4e6eabd41ff0f4dfb2e2107	25d7a794dbe93e03df67bed25ad39e713d692d99
ec3a6a64cd4758d092c6e33571e3765af8389efb	00a9ce2461f7951983de6a3e563bf0d52deedeba
ee9953085c2b12bcd4defdeaaebe06393a6124b5	d88067b1e49afc4c1d3e2ab0dc2714985c2a4896
78232a085ab75d55bd5e89fe218f00144d0d6f08	2820b425acdcededb410596d6268af6979018624
1467da447993043751cfb9df443e4098cbbc528c	5b1e1a880d6068f61a209fe6530a6501f43b194e
55c76871bad99226d9823b8543a932866d4e578d	0f26831cf662b3835d31f8c6a0d1a28c946454ad
07e221b09421e6e4b0d86f2ac8c4859e30363a16	0b5ea1fb297a40e0fef51e54cde0fac31bd23e2e
0a8068edf630d3d65a45a1bc27ad07c96d520add	b31eb3b33c234cbb6c0337e387dd15e3fdd5e27d
94bed42a26d8188aa7e1461ae6c26e53d5493001	9df2d3e5b0103e96ad51f8f2127c1dbeea3ba1b7
8b477317213e6285211612f75525a43d7765433f	505d619be890a16431b4df42774d5beb7aee0e5c
8faf7b62eae468c60e17d0ac5a38b8366e59cb73	352de4112cc4bef191259de119cb81aec6e6bd62
c7fb076903173bd1612fffad856baa28588020f2	409243e3e36d76c8ab2ed7c183472b80256d7e1c
1cdceb38e56bf8896fb3ab5b1e0c3cdab15daf63	3d015a936703617361237f6b756fcdf8a7d277f5
663d0fedfedda142af52361fcaa5f477bca58083	a950fa64b95f31d2e4b0c7b9a483450ea39cb55c
38c842076a84e0000ce4c8960fe99ced986d276e	539883127cba5ab11382444d7d2bdafa4f749fa8
bd0f4d192e42b25f14cfe7efb43022d98aa55521	2d2fa07f7d83a3223890af24c3b65330329ffbdc
599120ef9c7eea91ad4ca5999b05931ce02c1735	eb6be729b017bfc078df6fa95147a830177a827c
0ec99860217c906bfd06e418c126a35ea68deab0	dafa593d1f0d5bd4be9381c1bd9e255abe497daf
3c4367b2fb1d68ed7ca8752b0021e6f2d6a9f651	80397320d6414359c6239b9891154739b81c2497
900ead926e711b87ab833743cf2d8764f4fb4490	8ff78d336a79152c32d21f6cc35b65d39c4dcf3e
a13611cdd14b6246371f3f1dc8065dfc2445e48d	3bceb9cc508c1202c591fa33a8130e4109657700
ce3b5a8c038224366b911a46e23b26b063b4d8a5	1619e5021dc37ffb4da7ddf1edb792f95938d59b
72ff9abe8181d4616764d2133fee1b689f53ad0a	9b7779eaf7747443c9815a443bee9d23edf7afb6
f9179442eb64381b9a2574243279f874e024ebcf	2f19d5fdb0d6e4803fa6cb57afc0d19d6ef3bd17
6b13ef294d57c6ddf173c21c7ae53420109d9c20	989b82dc5a3c528dcec2ae2ea794dba1154ce209
8806e2c672f58759a0e16c96a53ef6b0abe9c0a8	590eddecbf4e79b7548403c5ec4d0d51cd410afa
30f1804b1b42d3026244aaaca158a268c684dc10	9fc8aaddd978ad97eff0911451d57b10f0254f22
b35c15738a45e7f9f5fdcad75eb740058b2e6cc7	4d14ad9d11bee20a03154e7c15c01dfa33db5a80
d29370dd9a21af1f87c9f2cc0f873038778e0f97	ab059e9abb6fb0dbabe92d5f6b3292318f50ce29
6bfa85163f28f4c5431375f809ad79fa7a4f90f1	b7e2fa944b83457b588c52ac8c94d3986bf1fce9
19ace8d06805cc8dacfb04f37283d8e34733cc5b	6aa313a0cbe6803bb5ef11f68277410c1f4692fe
99312eb5ec1c4bd2a16aa250f5943c69b09ab2ab	60a5fff5419b66b966b8b763e26dfa7d705b5ae8
a8eef1b713f1af92cbe80c0a0201c6018f14cd56	b656a81d796aa99905c8b8cb6e34f936a9059d41
2d55c746097ede2e18402cb35dcffd2d035f163e	c98b826c960546fced0506e5fd1b98710a1b485d
6f92c357a263e3b3259507e5bba0efb7b987e37e	a744af7912acb3d6128b8dc3cf61ae7cbb277596
46ae93c306833c88c9ad41f797d0dba0b91a146d	3c03853f4a4bd7b5a8dcedc52f727d88d62e175e
06621596ee0145d29682ffd2c0aadee41b657c00	de652c0fc4ecc7021c3152eab32bf908dcb20738
e6bec316f8b58740baa80c1a81cc18592dfd392a	7c3eebbedbae4c8c339d9571086af271b65c5537
c4f37396c2ace755419b338996d09a599a72b4e5	5e7c0a3ada536c6dbd2f05f645a8094104567bfd
d1ddc1c3a01726e32a21bd121474c262b0e1175a	5d8cca52537abdaae11b7f802fda2b4f2404a654
647f90473fe00e33f385139cf24d3a1c779eed8c	67e24d874656f2fcb0ebe45b2358ad3db5963983
c525da4494ea76b04c5e4ded1fb9eb4d258aa313	db6b2fe0bb7b028be1567e637143e1c11e33ec24
5649f2802d599db07a6ec780029e1931067480c3	a04df9720523fc08a9825a234b17e3427951367e
811a72272383efde1f606e842e2dd2def2b01548	82dc5fcba6a4429521e5a6459813d24cd5fccb70
193d9a637f063262febbd048642dc001e02e8525	a6dd9f849dee0e0d244d13a2dc3e8268d54adac5
75a3bc9da4a31be75dd0e65f9c7d9e22ad3c3169	915fc5cf9de3537eb234d3f2886f2b8ce62e3fe7
60f776e43c9973f80813fab76ebe7c1850c1f3a9	e075b350f2c68321e7390bba936e5570ed38f2ef
d0019b46d1d3f7451f1a01e03ebae144c2b97d74	2a9189de1c1f67d0b1f82874facbe21bc741beeb
ba98ceecff0351d4a5695a27b7fa0aada73c8de8	79c714a5bb8434506308eeee758f0923cd09d076
b1a192791d13e4dd150e4bb7b338608543555875	a2ee32d37cbaa4adabe841e761c4d1a326f604e3
cccbf9ea61d07e8a0141b0e59989046943b6a7aa	e7dd43dce679d9226c52e8f343e76beca280d42b
c98416839add346f5fa76cb201fbb258ef5501d4	f7fabca0dba074d9fb85e7c7bcfb5a33cfeb0a64
5840267f5a967eb9523ffe010a3a5edc406ee010	03e0b17e6643e8c844b8b47bdc671e07e79118e5
6308bd724cb2c80abcccff59f392f99be9eab9c7	f9c5a336c924ce359d3205c87f44d663ea152664
7b853dda893330cafadb7c5cfea4b437c082d60c	3c98764cce927358edba74f413e9c02d64d6adc8
4c41c4e96bac88d090baa62db3ab5cb2170a388d	90f2fafeedab7b834bca98a14dec387babb7f758
b1f3f0f2ea55b439ecbbb1e00e575bd136bbfdc1	0c542345d1435878fc1a2e131c514981d4f92f3b
2329481ac793c51703280c82efee6cf0621028da	f3640460fb0651cdd7707bdfb6d1890ad7a31bed
57dc44632a85aedd13039c5c286d28034ea22703	d50923d1f1f2610150937ac71bb7173b6202037f
fc34131d047b771e040a06beda1bbfceb240ca81	d7ab215c631f1c5331a2db31de4784b2e60310e0
8a7ec8b8dc44bb558c2971f1df926e605e3a4404	f365ebbf04475249a98c8a474f56904ca9594412
12b973afdba4c8c48c283073e2ea1c94d877466e	0967e5db38d0b28b686da12ad997f65108f3171e
560a9bedf5167954792b683fc904a831cf9b1dd7	b79539c41dcc56685da925957bca48da3340dec2
0709d990300f6959095502ebd2fd0344d47dc07b	f6c5f2d0545aba3d278333dc261ab68a56d62b00
788849e22f1acfd8bffc80019d198d8b5170a9e6	a626cbf027234aac23fad976963b3ee52e06176d
a2a445d458b25b0cec1136e116534cf8a9648308	ba7e71e56175155d5b9f396c92c03a1a2a264e95
48fdeeb96f4b86023f2e81636b07f1ee70ffa0b5	60b1371df9965448f6bb5d0cede580ee9f30d3ec
156ef0158b7fada4943b385b2086722363228bae	aa225bc61909d5f13188e2837e24f2887c4b04aa
23bb41a6917ff94c2c97053f24a94355e3d441ad	bd30daf3a28f105cf2477fb258433837d817455e
9e7e551ba790fa00472fb29d347e5e870cca934a	d126bc342523f6627de3b4c863f5e0870956c0e5
21fc0c4067d4718ac6e94494fbc230750c70e63a	1cad6035bf9b2ff3a27aa1004c2cb6cecdd76158
7299e85974954a63ff397f152853d1ca327f82b7	ae63cddd7294235054ad193b39d09d242b5c6a33
9e03401fece38c11f2d113ff32055bfb6d14e8a5	8373e840dd40567e0df02fac9881db7b524ca82d
9fa626fc4542c62dbaf95ea7bacc3b587bd507b8	92fdafcbc0e99713d9a3459a76f0dc61176beb04
5991b57b6d83e3664e4bf066da67ccac74321f45	92884b5a66f5e6748549ff5a7734da8f657ddf1b
185d1988e41d00390e29f0bb04b5d280dc1cf5fd	246e17c9bf66130e9c793c6aff42dc8ddefe8e1d
970e49632f5796d31b117f1e3cf0a8613a0e47b1	ebc6e598a21eb935ba5d379040013fbc8754d0c0
182b51288a6e9b4c4bdb87bca4a79bcf2fed8a45	6fbde287864214a7e9a55f0f300693c4e30d26de
ea3a4973c7f257bc7188383e6308649fba127a43	14f0e89f628e332c6dde71624be9fefdb9650fe4
cbbf6bcf47f5990104b4fefb3314c6ce679d5485	65703a414ee3d4dfd71b1edd73135190b30cc9ea
a0a598957b0e5b7d9f46342b8f92d1b051beba87	4ac696f0a30215c5a0753901b2881477461e3f3b
f7b10625318e1dd6de80e7dec4b99d2cef7d3d42	89ea9bd6a77524e1711a6ec4134690f856b1e63e
e00383c4aa54ec4af9c2ba6ffcb4e346a8338e89	06bf876bb12bd85f9732623beafdee7a2cbe4779
ee31f84ba0d76f55af2f13fcfe8d8f63c6aa342d	047ff84fa7e4ffdf2ab952986c359bea99553a15
1f4b6698741bc78d00083d0ebdff2f4234df3596	22ccdadad1ec6bc38bb9033823b2e8b57187273a
5232d102dc494882671adf2c07476a3b46b90e5a	bb353940bf4e25e5ef3c817835b8b51b74a48273
5998765395605118dd108c4c636cd9ac246b4a68	c840f607072f4b732d5b5989b839e343dce377fb
2ca74c0b48e5194599cc1a9bcf4023654c19c22a	304a85fd273ded312749a883278f65d5a9262db1
80efdf4e74b26a0d16afd0ff38e60a8737b82b09	95aefabeeabe56c3acd22a9d1affe786f2a6dde6
46af866dee7804274110344b3c8f5262e7d3d753	bd0c005efc1aad985c8d502f91dc8bf546e06486
3e79ddb63736429efcbb9b14a638d3650c8fa7c6	6e7efcef14afc368e99b2f66eb2fee6dc8ba07fa
7e42596143b9b2be06411362fe5ccc69f5207af4	9960cfbbe3a9e92737cdebcd71bf81b5e9c89135
e3ff74f6a2e614d539d18a4db3e942837e7642a6	c0ca82f65f7f85c4c4e74efa3ca1f6378f6916e0
a6adbe3b9260cfcb780001a280e24e3ddf475724	0b60eed19e1d5a20510713fccf4d461ae4854d83
c2d800dd480e998c0fb48b5f27cbf62fc116e78c	8a5d443d64f77bfc3c733e445e9e14a28c5ab833
773b5fd47a8f9a71f9cb28f247044092573e3c33	fedec4ba1418c3657caabe055a398968f0900897
3f21a033f0669c5586f9b9fb87a12b1d75db0d3b	7831b8c51a9a45bb418ed378b0e8e15ed3d47f35
3e822669df1b0e62f189b2b42270c8bb7a2c8b94	37f08f7b65f179a61d2e2e5f9cdef7773c4e107c
34b7772760afab036217927ec6ddb827da7a03ab	c1f59e4c076c98b876278a94e97f35a4454dbb9b
b4086df0ed770db9b29c1adb588b4fc2ab755e27	6e32e2c4e8a67a629e4d5e98e9da9e7d05d712ba
c1d978be63eb55543b2acb65cd8f4e22b2211cec	2270a4ae344d949668cde2c176027c31299515c4
e4994d233ee378dbb5a5d657af36891fe83b754e	5630c227dd55f3d2e11baf942eaf74ef5d677b3e
3479a91799d274bcdb5d7ee17e94a57082323a22	cd597fe9c451cd68cbf85f66196f4e9e09a2d2e8
cd36b74f1d4268801caa446e9dce8cbc5710bc9f	1738eaf43553a9f8b91955fa3309f07668e43903
30f616279f480da1c4dc8556dbed42f98e79d60a	d2810a1ec88bb6fd3d32c59f2be2d4d590722b2e
9c8513fb7b031e4a76349930c4c498aca0e7aaad	ad7fa67136075d54f699203a6604e7f01996537c
cb024b3e5fdb942a615df77d391e03fe410425e4	373471d498039e499e7e4c773dae2c0b03a699d3
095ef89af96f3db1a9f0562ad11de75f714066e5	9a662024e25d2f055d1b20c8dbd53be7c8104b1c
9898f5a6a779671ab24183eecd8b98a0bd533ccf	1aead0aab3c08ca91af3f985410cb449165fc11b
ad273c3cdffacd833b023bc64c0e4b7b5187b2e0	1bdd933e61917d4acdf339b58a0db50a6781dd77
83b301e2a327f32f875134c93cf147ba8901ab08	6847796b9f8ec79436da2b3df0b11ca16351543e
55859a0cf813b2d03d426211438b29e0d2fecff6	3c169f4a37b5b82bb3b34993e081ca2c6b316013
628b8aa9d7df9d9f59ba8dbbf5a3e676ca907c9d	12f0681c02722b539dd86022ceb4b37740fda5b1
fd3f7475b4694c7ff1f7202aeb0350291dc96264	8412f927dc5572e765439f3b7234e80071263e9e
dd39fd4cf9990fa463a816edeb00cbed134f76f2	ed19211c71dbf769793f237c90721f5e4fcf58cc
7658d35d4e22affa0010640c21037b0d4374c802	b7b6cb51e0de0334aaa7866d6f5153611e4b89d6
61e6c40f3b0280e2f13ef4774566ecb894178231	b80e33e03b944f1bfadf1507c7a4a573c4319c95
323d275b4eb18b16cbf6f75da2a16f28ba720ae5	cef42ac3d2a6ccdda1db11047cc8ff7a736ccc38
c7b531b018d56f58275dd23a06639a12433bd4ab	9c7cda67c0c6a89202b8c2063f9d4db48b189886
2302c51458e06b650526ea9698d15acef294c362	5b9fc673cc4af26e6eff0933ed7f0590afe85a78
bfa4418e79c9f3fb5e3a7ed2dec219cc93ecfe78	7fba627de37dfe1dad60e047ee46efb89b01f7e5
dbcd2d81ffdfe73508eb9b37f077951d41821be2	41e0c1cfad5d372aa357941634c3fb4f35ee1f02
00bf833603f8fb24ddbb503a6ebfbaab9b35bfa7	fabd0be51dca09c512261df374e70ba254406e4f
8b53f35a8af0d38604923b1613829ee33a68b484	b401d643d340dce7796cf201f2b586c456f88fe7
c48fea184a8b8a1cb7bfad556f32c593a8494841	f655f5564a7298e84422149a027cb2a71cf6766c
a9ca72d0f0d1e8675187daeef0ba564af7d20eb8	ec242edf896f2bda969a25cf8a606d1bfcb75469
9d91dc4c9ca5bd004c58e1b262569fb8ad8fadf9	b7cc7e79dd8c69f20ab606a76d92492324839b91
510c1121fb23a853be9727cbaeca4486a97f1ad9	604862ee8340b0af7b2d76df233f2f5b7b8cd22e
03242bbdd17a4b5e89cb391f88fdf7aafc7cb6ce	08239f41e009bfca04f1ebf6832e8a9e0e64f4d7
a2e3e3ccfb361001465773e5581ef93cc92cdca6	589f8b28ed4de3100699719ad7839660d54e5624
1706c2a328c92f0b00782a0f8d0e3f712b595714	59aba89b01697aedf92d76813902a940d2a0fc20
4edd9f18cf7c230d87fd7093c92faa0d84b785d1	d79f4a74dfa4191fc4a92c59f31e1987020759c2
5806bb2dd80d11f7dfa78d1f68daeaa128f74980	d2c3d4493c8595b6150263f2c14fc8052226ac79
a3b4ae1cd809a8b8dc1e6e2b2e5d2ec28b3d065a	379b43bf63b3d3bf58afb0e7fa856c8facfc41c6
a352fffbabc6e3174f6802c51b4c6da02fa9b48c	4050e781bf88250f0cac077105f6f4bb9293ac77
28e07f0d093ea730e8e3fc39a8ee178358cf7371	bbe3073505cf27c1ff162067a83895b14282a9e5
7b7d95d8b8dc4f856209d2e20895286b8ebdced6	1b6a99112baffe6718d78a380846555ed1d68ada
7d2aa8b712cb52ee985451f4e2b4a9ef7cb602b7	5e84e2070c02f2c4051cb79a4844ea19e404494c
f94a858ff95ba7313c2c91803b2ea213e07d0b0e	fc8bc9b797da6de8411a65af9bbd30d2638705b5
4208b4271808be670b01bf5601705235102c791e	bf5ea668d1678b3f93bf5a0ca811ceb197b82855
ac2bf751523edc6553e9f82a354a00106957e796	283444097b3f3598978d18d0538d5bafdb8ce6a8
bc402bcf7e94f7d3ec082e8fa16f0d783267b493	0883f7c8bd797826aff0e5dd63eea0467c5fce35
2ad137eef44e43328e47a46864b32202a50b1c7f	006eae40c9ae68c8658de13a4f370073b169cca5
df6d139bfec1cfda69c27008d9e09181ccc019bb	e261a6250bdaa4186d5c23b4c70e8847d0a083c9
e654beaffa642cae1a71e4fafb0a89c30219e119	499f8573ddc98a247101e1ee85eecb86842154ce
63699e61c3a7994f5a77866aafb5836ce950fbb2	57894f445e6b8840e1f118638cc1e97d7944e5d8
c6e0abf0e54988fa482712e7318a79c7812167e4	495df7797a0b2488695683209a56edb90a848e5e
dbe88e5b83cff212d24c29bc8add9a3c5c8c8892	ea9dbd9b3ae60c018f7bd55caafdfb71d731fcaf
12a014fb5bc492cbecc3fdc560aa90007626388b	53efa88e9a1186de75be5df635cd96a93353aad4
47dd5cdc6118bb4111469c6b7d35358550ebf701	c573893f6ebe5909ea0b87ad3a9d63e474313ba7
05ff0c9cc8dee01e5f4d1a760dda0cf516add85e	da645253f7f232253b551e6759adb5a37881f6ee
0bedb5e9bde284fcd9e65e0a954d64cb3ecdb047	6c39fe4af693a3021827c617db90762b59d670d8
e0d9befaeedc0b8441ebf046999a372f974c0ee5	30996be1fea612edb0deff7d896498579a7a8f97
cfee3f1defe467d29ccf493604d35b59e041f5d1	c58ae422f59f3bab2aefe9c177b1c86963a048b6
21401a51a29a4f53e1816bf669ea8676e401e5cc	8c8c445059e759adc6d364bb838ff9c5cf978fb5
67a6bd97c1a5ca5ae4b271cbf516359173a55945	334fe95a6b93768bd86d5f6dbd8ac35c1349065d
a18f89f3a9c96970e6ee88e013d12174bbedee87	e7cf729ef411e3ba6be5b1d775ca6ac086772201
ad28700df4d1c3c0a09537e6479f722408241c00	e79a8fcffe3d07d6e616a420b4d69713e1d5c162
20667ac726e190d6f6e2dad63aeacbef7948ed1f	4b6f5389069e19a06769ae7d2746d73c7f454423
ec22bdbb0f4bb4420e37f29dbe2d139fe64f2902	c36884b3f5572ed971aa1c70f08437686a9d77d7
147b252470a18fcd224ec8cbb235a49053e46243	b9d9a3b30e0af71e799314285d6d7b83ab78c122
207afadce3d4ff2e6c80baf4d113581b0eece4e9	58137588eec0b4a433285ce1990d5fafa5617f8d
72a9fe1e2048188c62e506b44953c84595c67c0d	88266e9ecdb509ea05ba666f57c3d08917476015
5c5d70205b1dc23b37da9c3ba7add295b3d1d0ff	6009e890c309b8b8ea9cad6634bcce60f0ce544e
5211f622463ec2d28540439610a4860a280bdaf2	4f63a795f2a5f3f59eaafb9fdc6f9189fbc9ce2d
1b5c5e5defa45ab212254453032fcc4a87fab599	9a9f397143b3c8630a76f8c29b1e8e127ae7a1c2
d36796f4ed49c2e08c88f73425841e0fb20d31f0	3078305ef0608ea5b6d2a8c2e8870fd452c8a635
a518db73f2d91e2d3cbf1d60aec681d05131a20f	8072fc8a4304bb98e49750d8f3b9d7e00ca3445d
f3bfa4eac1b40f59e37328b556aa1a0ded0b386f	969a679b3f8a07b1d20fa6e8443d4f4077e0528a
0994861e95fa863386f03584d42c194dc50fa43c	c75ba10491305404733a660c1e71fee667e33db9
5ff20e10cfa34259cb4abdc7c8065c16870757eb	d90dd7df70d3b8afd3e09be7477700fb0c2bdab8
1f66253d2cfb2a51cceee7efa79bdb79b1da1e58	8a374a89c6c67794066006df17e3d7128d6c6a72
b23f10299e021e310df0216297bd0e8aae2bed55	b791adff71570a17ebedcfef0e1ba1318d473ac6
92d8b7c6043129d346fdff173d18025d390a4577	4dadacc6a37e5cdd648d0a7f1d5d9fde7aa3bcc5
d93fc334e3baa9f6138b2c0f843dc4e059fe607c	bb0c8de0635187ff82d52bf90e00709b0a339dd3
9a4d5396933f157199f87eba5c71dae05c206fbe	0263a1214ba7f4118b25b363e221889289d85ddf
fce3bdb498a46b9c5de97c57dae74884251c00c9	c3d03ba18ef33f192cfb2a84a377c02ffaedaeda
d2924d15ae15578e2c08af63452f9c30b055b74e	29aea85ec231e04d93c2dca90114411cccb98764
e17765c9bac5ef4915e96b2785d8fbc32bd0bb1a	653e52f663f7df8e3290a3d04993d3c649b3d8f0
67d15e708218d6d32354eb5d3fffecec2ecc851f	4b7c8957ca52e635cf8284cc026155f738b3be91
1e895db92ac813a17df0689015501e10113cc839	a963282b76a1b6cf099e8822f1b813501bbd3c2c
55849d3dbc686c4b42f118a7d0cd3fbdaeb22d63	b596e4f16ebb96e0965dea2299b6961d8003acc5
d30ec7d4ded2f4fea1d4365fed3355a110ed9e9b	dba62466d9e419d5075b0c82a1c00a182428d663
85673ed4130effcc853e118b8d32ce21f79c3d73	19d16c3f9323f4acae0f15bed8279fab9689ed80
2f64f9713112418cec791f30e76ae1b290153baf	e6073e9e34637e699ab5183bc1ddd1156d1fb0dd
c66cc07115e1048735d12a27158e06a58187a034	e63118130ea3588a6502e1ce5bf44b6877e066e2
6090e3d6dfc6641af11d2596b83ef36502258619	5819e73aedcaf7f5d875105a721ac7c609a2166a
4da6cdf373500a5e942f3beb591d148a179c3708	e334930ecf4dbc2ab51916a0ef628a7e7fb2c39e
9f6f89ed44f5c72e7f631346903f254cb22539c6	f197362d6652b0e5046e09e06d9f0aa3e8fe30af
d34bf7844048b43bf97d752ce316b92844bff267	73a018ffbcebe9858eeb426824c45eb78d5f390d
26915dca76b00aa9f2006040e47b91ea88ca2b54	2db4f0cd3143b74c0c948a1bf0b7825a28925e83
abad6d6b5628844a70c8cd028b93e8b243f61215	1088ddad372751303b0dd1698e9f97f4f326f5e9
ccd646f49ba671aba4e2ba7a60534cad41fb0fc8	f3a2257edc5eb8d6b57e53ece5fcf51b562a0173
53e8f9c83521410c6e34c645b6a927b10509d61e	8da621360437047c190febb7d51f7b707b52080f
94f4d0efcdfdb244be08b39e66cda447623e703a	d5e403dd84d98c347f03ad76fc3bba7757c5bc4c
f7ec3a406f60d308355a483c38b797e00b6a9a94	ba23d94b4c1247ece2e6d208979adf9c8a93fc83
d4997e15c58930a3d81902bb3eeafb57bd818464	73030b4c8ea1107191afb2f2aa3c6d38a4262e54
7ee590b4e3e4640944f6539cf24520147270700d	f74360214e0ba6df56ea58056824ff9d32b39ff3
f6ee76f69ce97888b8fb0b0428e8055def57148e	9c7ba63e9c7337a7b4d4e28f2fb25cbd19b43ba3
56b3e0373faa64160b6b357903804932f44844fd	2038e56ea31a9ed0a48fb949b4346e604e99f74b
fc53ca11022c242dbff3fd6476e916d0d3ce930e	6873780fb4ea17dde75d7fcc7e354d255fd76d38
8a6d0a2812b09195a55a9f43017735c53f16480e	7eb1777e2ec6a7a7f8f7ded7b9e4d0ab13274ff2
86b1e33f4af1b613f394ef9811b83b2cdeccebfd	60f2702fb9eb445af1ea45515975c648e864996a
1400ade1e5de79fdc9a395524f60507d957bbe41	caeb77f869ebb51438286576d41454b382b975a8
7298ba4738122915825b029b6d20145ba0618f2c	ea6fad9c4fdb8834551bc9d54baaa77400f1f4f7
7372abeec4087065a7a4124d180e1d5620937cf2	f9488cad5017a38c3064471311f936ad38153b14
0d8588f27b5e25ad9a9bdbbd84796bf63c05f106	80c90bb284d2f78fba2f77c0d3737c507bed9905
c6abb2b9e6d31419ec0d1b1485cb5ec6f8840984	0fc9984aa0524a3cc74f8d3eea238df072f5292e
cd275f38bf996e5e7a1315b5c558bda71d2f8fe5	ff3a3b4adabdafd8b0c1a45cb905dd6f81fd7aa1
9af0709143b193db2319a081fa72e12c361d4a43	0a9fb1df8b234e8552ee03c7cb453432405594fe
504cd138148a4efb054173dfc7cb3cdcdc69f29b	25b00a9aee7d66abedb2bcc841f3c1959fad39a3
1df75ee19bbce02ed659bbffb5244c34e64df1f9	6daf7891babeea5570e15ced7813612b2fe182da
b262d577d0c64247e4bf167eee86ff7cecb2196e	c0951a24d245891114e606887c5a630c853ca322
51d0af8cbe14223fc18d699c9faab677532a2073	8097e7c0ffd307c90f032738ad02f8181c59780f
184ae8e56fbb1ee65badcff8ffe56f89bd3cfb59	93fedeb2fcb99795a700015087e2237c20cadfb4
c1d60d191ba2fd44b5afddca4cf59c3e5a325fc4	661be076c15801038c7dac02e69f2bdbbd4d1cf5
59ba1f4437ef3da9a359714c9828135436246b27	332378fa585e6c88717bb0192da8f4f598bdc767
e3494a4bfdec1fa3cab7df00ca0d9a1b5f3a95a1	c441d503889f741665c21d776559d877554928a6
49514965fc177df3eb8b7f3d7e2d8393474aac3c	a7d069994f84055e123558a7f7295466627c0629
40a56cd2cd0bfe50aeed2abfff465e61fd3af18c	4c05049221eaea8dd3db3b67e2b1796dc3723bfb
e15ab82b33342a07f6b85da478181182b114083b	d403ca9ce9b3b777f11396076ce1f4d37c4e757d
91a60cbac8dc8330891cfd25dc78e1bdf0307963	b21d4a5c1ee5b3f455761d40ea3bc03690c1f927
2dfbef392f54cb22547c6b28a49ca48982d11881	de253bb8c99770e8bee224b1d782bb988a97d652
c8e6820fd076cd5c96b44c6bb7caa664cb326cb3	5b9d2d1098e59579c7415e3e13cbb7e7e81d7e16
55ec7e49ca82a6a13deeafdc30b6e35993ca75ec	d2d69130945707d0fa5e1a7aa5c76afd09034e38
9776df291626dca84ab4296357e5db223c4e5b3b	37903cb2460455c2a9a3f6c56f27c614262d60ff
e0a53ca6311e9525b024092c8a4382252c4c4f8a	29776004cd1b944896453bbbedba32be9cd3c255
9b14e135dc5355f05ba08726fb2bda5b9e919659	5418710410ea5a28d2f5067de6ef85cc15fb531a
4a5f061e4e02c69b946d946966cb3578e0c1542e	160dbcb8a09f65a27645d59b0a5b026b7d5def4d
1561f7e0b9ab24547dbcb62953e5287d426a6507	ba74dd53741d699a9172fa1d25608336ef81aabe
52a44834945d436c4e6d220c72cc0e0b617c836c	327c80c37d95079c440f7ce089b1e318ce6f58f3
e6244d38221307dbe5584711d59027a94e7f8e80	82738a95043bd2815ed270a2e9fc7f2288e6f4f7
c076a79731989ad2b48bc3dafa31a4fdfa147f7e	893a51ba78ffe10739930ca6e5a308dc5e09b1d8
22408dc418c34b94f226dce2f0392ef97395c7c2	24735428ad7f8108de61e8ea2c000fc2b3ce8016
9a5c603de6e9eca601c4de7da0005bbe7ea9ebec	a35fc3776c3e318e3f64bb003b42fac71f16828f
edeb3311003a9bc2e6aae67e7a583d8aaff71e8f	a0c916b66372be30395087621c4805e3406c3a37
ad64d7bd978fdc3cf92115abd754df3522c7e678	dccfd4d279bdaafe569de37fed7fcdc7fda415df
3309ac571e099b80f18e28bdfde5b69b6847aaf9	4e5458b069929ad16c9f2453e3efa787a2be9de7
a4e670aae97e65f1d790d0ead04088dfa96f91ed	b23091587fed98df2a626c36597a05ef33296a8d
84b1082628278ae31d84b1f2d8ebffd03dd80995	4c7937bab7149a8cddc32449b0222c7729f0bf83
c08fea63a81d36a31cf83a4df4d4c6078f9403c0	4c3d59e12c0a6a2953f63050d96faee703485d02
df92f3895a701f3e7497379cb50856b586be7bbb	459af0f3a1ab4cc0285df694ce43a59f3b5f98ae
941ea4305600a57a1c41eb1c05a7ce1257c0563a	a64c6a92f35f70444205b526543b6d4bec6e964a
e2db13090faeeae4918a5666b0ba1545a1d2a219	8b09c40d7549a15b41a99849e8eb5d7e8f4370e9
f2fa23cbd7599078f392be380b4925b9b3251ea5	77f87055403e9ab73ac48ff689648243060a276a
d5b5bb2f62ddb1e8f3f9ec4185dd6d081064d4f2	6dfff1b7aef3b684c69e78a25103dd926c2f3343
2cbb66e26c2f1645bf2fd183da57131fcda36357	b2ebc2df8089561ec317901987d06018dad1a7ea
751eb568ad1faedde8c195c55a4469b496fe0553	60d2bdbca8bffdde06c6006909a9c2b97d6bce93
cd6841af9af3ba4763bf42eb9be23585b4af4cbb	08b954f36b3eb41e49202131c961add29ce59a21
19eaf38fed4f7a4587cf0a3627327166e59e8424	ffa1e88228b7c0e56d70151c134c10f8a8325fc7
d97123d096cd2896a22380bd59b32b1435e1786a	bbcb821d6c5f31524f47f1ea409009eda60afd35
d7940f4eb750dc7c49e9cfb696dacbd150d4b793	ef01d29698ad0ece7c1fb4238fb3d62dbfed2d5b
d36dbfa014c7e9ca8fa9438ac239817c3b0e5812	da6ac170bd5c962545c577189279a3f72c4c8bc4
7b44945ac7253eccc617f4b3d7168100c3e604e1	f2bb095126f4a77f55a00d78fe89ae229c2cd85c
5bffbcd314f3cf58c73923476fb30c9b1531f1cd	96336dc0f531a42dd0bf334ae67b7ee0f244e2a0
9f8447ebe285d65609236bcec6011671496c4d8e	0fd051c5f6012f23b92c84819c1989ee26df0f42
4f57fa035e538f9460aa91dc8ea6882aa6ebd306	1a109098a494e56ffc8f27b23d91f2b2b59dc506
1f65d38ac297120af0cca3f68cbdcb8615d1882f	23cc2e05653cf10fe519241668b9b07b922ceba4
5d65169cfccb74157dcabf14e661aa890c0d6dc0	b91bcb7e69193c1dfdd43a19cd1f2f4d08b19b2f
2b864cd8d871fb92a4a336b782f3de4b23073380	76f7386e4bb0c968866b61106b95bc4adc85821a
9ba71537ec7304839c88d3058bb384c80e4f52a9	ac6fd5bb05797b9cf5e487c0b6dac628645f96b5
e292ba4abcb1d73d08e3744ae02e453f9de9a760	9fe4a94bc5cb9f2a6664704ae23a198e7c70a18b
f305357b5546b900579080e64416d11cdf0b53b0	fcfafd9f5ad29f5c9f1871497fdb2ee0c5f3276b
ebf2447991448aa73f3d7b797ca788e9a15f89ff	99bfdc0d059fc2e3c5a97306013f6d9d77235427
d206ba2bbdc6f7314bab49b422ed12e78d53e142	c3625e9ac7a3525942b54d54b21ded5198d91f59
72f8580c6f228150daf68275f59f3fdd1abe1dea	6ebfeb3c2c4b32ae2295bcbfa37a31d7f077112c
d4c8a1b73e499c0e36b85434d01fef2235f3316d	323c8f762bd82a3147f51634dddfedec56d0c771
afd0e14405025753a3802f452ee0ad699a3c763d	b3b0f913aa876bbea33f8c742bfc2a146a78c4a6
630f4acf557df152d324e635e1849d598bf0199f	c317fb840c0aca938fe5383eeed22ff4567b16a3
2b3b3d398999b404e60866842786ed0add7e0c99	3c05a19ca3e3217c44e80bdfce799b2fca8da8c8
c430d7c3da731d36d545b2aa9805515bb87790be	b40b5acc842644218fffdf081637fc8e75301a7b
055bf0f64a257579c9d9ba592803a58c74f1ad49	26f079b33af971e61386cf415d644867f9aba4b1
fdbe6107f1e8d1396057d6854099dcad47887e69	d4ca52845fc56d27b1d5460f1c177cbe547f3aef
3bdaf3d8d90dad1a940abac649595b1327b9351f	90993e56756d11b53c03270cbe1fa116442e0bb7
c6b0b3986f89db132ab3e10dc04fefd9938050e8	2ad8fde0ff8d2474ef93580839c321a838470b37
21a3ee0355e76ee227b35a24f19eb0b74177d64a	f1ac96f5e24ffa222c86dfc1d1a5d69226fc99a5
b1ab61c108ecc0554371d0700387b559dbf71935	c2d8ba6ed63a684492ce61954fe09504ac080c97
4924c7fb5a3e95523b3a4e5a574d04df92b245fc	26d1ca62d65cb4be2e1eb2a03dbfd7dc74254f2a
d9359a60bac534962b788963cf9f8ae534c59314	ac38fa22e4811dea19231b5198e7e5cc895cd8a9
83bf56f44b6a5b4d19008ac03726c6d3ad32d998	1ef76f75d4d21974709d7320134d61d48f4c117c
a92bbac60a362b0ac13a7220ed56ce69b43df131	49753f228625650c9cda4bd95474ae74d3b379a4
9a53e32c97b9231109dd8ea8cf1e33738d650714	da1c4c87ca3f665c506d5b1e22639e9f7606a4d5
a340e69e486f4f8114a2927ca838cdda4341b1d9	fe874a5c5dc44d3051a65dd7e9dd83a9650b2f50
3d8d8aa501676d99857b00d27dc2eb07d23b29ef	af6205bb5f5067abf2da2f713a4d1efece277f30
cc176f9981fb39c7435a00f610c21546b7fd9176	dacdd9a69e635c4ff9e6eab0eedadc469af215b7
4de577f1923e25060ff86553eeb491239c4bbe52	2ff2ceb386e1f49d71461f2e1b5ee837f6d19cbf
954607bcab271734bda854af77404455e827d9fa	4da99f578104f64dc8541cddf0ab55f90efce823
3c1b0477074d4fbd28e48627c0dbcaf82df5bcff	93df78fa9c28fdc13f764e8fea891d514e442ba4
8cff57059b8092a08d6c4be6840168e9939de292	cbe06cc7e0b395fdc471dcf303840426289caaf5
f679244c0fe193d2502f52a4b30fd5439b0475e8	82b7feed55f5aba52ea6524c1383fba0cc7b66d2
534e5a37b4f21360b3e14f84e8bccce32d7b7673	2547739b079e803a9db1813c011bd42c30c3de69
b723b0bbec2a97ac1d33c40d55092ccf945436a4	e1bd364baecd18b82cf3498a308c6598929cbf96
b2f32fa1f64da905f7d1849bb8ffee7ab8c2d7ed	4cd5b7a350103ceb03f280b21bfdacfa60be1c73
9a4d3b65e7cb10d8ac4b094762f10fef65fad417	8a9f045053af142fcf8f5bd162c9396fd9358a52
d6267c056358ef47b1aba54ab60b53b1e650bc8a	8a02d12c40e57e482c081c70613a03c173ecb865
9b30d851197bc04c9e9135c592f931900283a6c8	666b22c640efda0fe39a65029557904aa8d961f5
3ba268b95619830b9a112fda824fa0bbd6444f4d	967029258aae33e0c2c81eb6a47ab797163716a9
a8cae8abc24807101e0000e4e44535a34974157b	6a7ae4e79cbb22b83dc7e89c44d329a8e3707122
1130f28725bd5e21a65b21c3cb8dd0b8b91202a7	3803e19f5fc47e913674dbacafeb3221b28ef96c
755d039f51d44be7fef6507ff472389fc0e72d9d	44ac02745af77830aad3c567a38659ca47fbe1b8
37c6197af2bd38b3401ae1a34711edc4e8e5e1f6	a8135fd30d1709aad01a47f970ce1dba87e6c8e2
a62468b3aaa8aaaf22a27927cda5f55fe8fb5cff	bfb725165c74264efbeea5c246b740e0cd2d3572
fdecae7b1e472367b07c4ed19bbd93bc5ac0be63	c0e98a2e220ce09eeb64cdb13440a67ae740cd0c
0045a61e4652246ba180dd2bddcdb7118130dbd7	2e0bab06ef621082c7e872f384d67af6ce8d4791
e0863ec2ad91b499608828fccc9501659f0fee4e	ac0f27fdd9bcc3b22792f93139ba16ab8c6c77e9
a472cf86e3282a8cf8627244e4aac8bf894d25f9	2a61257b58f581b202749f4df2bda9d1ac519dc1
a781a85b322997e0cf8ceda8e7f7e60d591d2749	431fad8bfcdd6f9ef5d4fbb171399f3dc5f2260f
bf9e50e93b18d9d8a39c7446c9eee0a1e5368045	0e8e6dcf585d4e5cc43c0eee16cc77402ef66c8a
a9c96b365e4a63583747a0240dad39c4921f287a	f55dc72fcb3aee1ff07b0311bc278a8c1e8af943
15a32598885ca77fd022851717f35a5c74f3e39d	e6bf673e331e9ab48e3ffd9d2bd868879d1be5be
b24243f093a134c6f75fee11358bd6d9856b319f	aab1ebb0634dde08f730e19ff930ae9f7670d551
87490acace9c8946dd9534fb0f0628f49009feb6	ab0cf386ef51050ec11dec7864e139f09becf03a
d959e2f07321cb2da9e230314dce1b69d142f77f	146e5af59afb301cdd527a7c5d3d636a2afe3941
117fc635c854bad595285dfd0d97a6287d697881	58e3c4c6a4f76c7211dfc3e2a48e19b68e6078ca
98fee0e7a500894b21b030e3acad75ba516761f2	072d312235f07f4d2c5639e3ab76706bde68b10e
68d9e47d8f7924214257f73d5a2b4497daf8e42b	c55cb02cf6167a72df9801aed61404ffecd7a9c8
2b8fc172fb153a48f3ae549156a3a95c8b8d2c61	9e23a4c564b3459418a8e11ed44f4052e7f1fb76
a920ecd3d9e3930c663e75d7cba95a819d961990	77483d31215de2af2f65736add63354c4b02b012
a426da7c793a437c2a515b8651e2c49b79dc2557	79c966d567511e03c040d002521da480548f6dca
0631cd7c2c7439e4355e79c7895424989289a2a4	a064a44efdd42f78c43c2573ed39fb4d43df31c7
a3dc10adbe374f68260781b262243dbada1339bd	117f56cdf20f2fa35f45aae01f8d2438ef05fb9e
46812dae4585eb754d5032a9ba8d38d5a61bba91	babb70a2f112535cf36c129e48cbbf9501fb5345
0fd0dfb68f82b6ca90b0c4859b6ab1dce8d08c7f	2db3b39758f5e3ad9b8141984c4bca7b433fb8d3
6d519a26de064b0ccb55ffb55f0255a93e9a886b	34fa051408e72057b4f08654d4eab994644fadb9
5d87653f37b72cd6de60da7acdcb47df99c92c52	d36c2dabb087a9dd9c25614a80d31c1ad062111c
ab771506675d42197d44be7226be5b4b302b9e3c	8ec60eb8713de21525b1c0dc6d3ecc98234efc07
e001286bbc6cd6cbd6fcc36c1dafdb425b9e36eb	8763860171cbe693420fa0e0fb1911642dc32570
95c4a8b4d52e93f2bc90669a5ef3ddf4b1fd0269	944c5ad53c771592655ca33a9b6299d7dabb2b87
8423929f3406202bb9aaf8ed214ba77f14d9535a	f19bbeb16b7a08673af16ad7ec8a11498d7ac565
806f166fc42aef0c1796a661ca121122e86741bc	c71ff38699eb4fe33b576f5ba7834d2e94f4f25f
bff51ebde6176dc125977aa38f5d3858df1dd098	9f1bef7ca0d846835f7af887d4d095042df447c4
7c4d19038d66d1062abf6d64892a177c88055309	df3cb7070417a19a8afe03f94c0bd518c10a0fe5
076cf1c93f0dc656b87c0b73c0849611fd182244	a5f109a381b99e68c43abde8e857a0027018270f
2d2c8e3d65edd7d644c5ec59098be06560c8158b	c67d6619985c6863db9db39bd41c9873f6dd085d
e51d4c436a753f5e4988571175c7093119b51227	b279fa4fb78a71d02a867c0b3edc3eef302158cf
8553a3047a7696108bb742e1f0150db3bdd242a9	cbba35e95d20b82f30c03033b4fc08b074d5774b
b652e34efd9a2185104328699ab8fc8e10741471	922367bf90a2a441b8b1b65cb388c20089e413b7
fa7ed62f2a73f8167ce37f7f6201fe2fd3980878	625406359e956e4a31d5e7c79a22c84de9e4cd8d
e143893fcf74b6f55a2c3493ad74e6dd5a194ff3	ec53b670f6de24def8a90659a18f2d39cd491cce
8da5231eab9cc164dc2db6061820d017587be7f1	6dc2e7babab50bfcb756c9860c13ddfeddd15541
d412ff35b3e7d37008763a4f40c961a5ec486f20	f75b571b85628e1ecac0223d38cfad03ea76e1a1
1c8a628c25005b5ecdb934df0016053150855709	d03d52db39c67882dd9b53546446a22d70eb2541
de0b285f98c891056a8f27814d8074148b74df2e	98ed8f320a9be492e589942fece0f1af81bfb8e6
7f496dc97c5c623461691d1235b241e5f56fb476	71514a6bf1e2e63f856fb439f86faeacd32c694a
d7518b8e2686fd8b74aba13600d854ba587e86f8	a9540be4b6f20bfea91d5ef96edbe175b5de55f3
5e4df3e26e9275925c799c19226a13e3d1e63308	8ed41b019ff4d6aa5c19f545e02ec7ae32bf739f
eb10afdd96e412d3c20771c07bdd99bb91783d41	fd479da53ae23f9945bf7413e1f37cf2b17e6fd6
b4e3ac52ddcd8ce782a1176ef7f0381a31cda049	ec230efc63f7bb05edc6fc7a6165afdebda13201
08bce551d5926b977c5e85e1515324ace82d8036	84d236fca7549c5dc8fa7fc781d019405c240b5c
c1b3b3a87cada0a1f19196ebbce8731b40628450	fc4a5ba9e296a7a034391b495f0bddf49e767050
5ccb0974ea1122cc0c757b9e227eb2e6dbdc2cc5	328ce28308a1d316594e2e5528631889ef19843f
40e8a288bc08f9531338b2b03ca9fe6e230bba8e	26965e739e80449807d4e04d929c41d8a1bb64e7
e5147fa74c6311220d54d93231849fefce7cb5ab	2aaafd790db183937bcb29b3b1c2ee2ddbd64fff
c4ad3f758ba53bde6ffa0e3de18593b54759de83	8de189644c59590a45ac53dc141707338dc8b759
4bceea37f8442b9619f91c39986aac9f12453f65	7d6f5511bd0bbb374d9abdaa6a185d7a115453ea
b41ea6ea5090121674c7bc468cf8268d9a442e43	04163a98ae4cf5945112bf3e62a8f1e31200af67
93ebed4891b8f658edae38bc1627aa614fada53e	bafd49160bd1b0b6563c1811aa88a42254b9b45a
0c7c3b68b35cd3d7f09f5b4f88992c4077a64d9a	6b060c5232bd97024d404c240764f8594f0aa2d0
91625a4c08080a73836b7213d02ab69ac368464f	e52ca2ac1d9d83a8e0e7bcbfb1a1bf78ed943f64
3e710e49b1fa179d11d721205132f07435caa0d3	6519b82d9314ea1995386d9f4a1ada9dbfbefba9
52536d97880152fccdddce6801841c6874327784	3689d9d247d37127b36bccbd2ea8cbdb1d230773
85cc5f2463ce078fac7efe940936093518e5e93c	39edd7965736914e8e4499a40d7611a3c7d24c72
529b90a160f404ef08ffa9d5a79923e762f5527a	d59e693e197ca475e16afbd9dfe5bfeef9e6d867
64aa9dc200c977ba5fa96418d855654dbef68dce	1fc8a10aa05637b464eef923a1555ac3f38b81c4
71fbab5c25a5bdecc9f704bac5f79cee69037c2d	3e61149dc7c380da2cc8396c30420e6eb4af6fb9
c7ec4d3b3f2c6d3f93077b37e56a5d0ae8c52e32	d5cc8d28827d8e043c083c0c4f69637b5de443b5
f61b96b362072a3cafc9fa78bd51e40debc2b7b3	ad18fe1840f0ff46b6d5dc26cbfbd5d0e41d9584
3699e1902a664d4e537f000535b8a36fd0c8968b	aca0a0e4caec4160e291e8eb4e663f2e25adcc2a
13e67b04190f69cac17ff00f2d4d49012f96ac0b	96af9d3e0d1d6a17fe0abdb80fadf5c8bfb5df6f
34571e7698b4f9df48e2d1e3f5b0d52f109eeef9	5ace9724ab91a99047ae148c8e1a33ccd0f6705b
42b9b97ec098ebc21cf03654654aafcbc8dabc2b	a64f7e1a6c8c7a1208ea40fd591ae9d59dc474b1
85a239cd35fc7ccee4da2c5a4ab4de1d8e1cb68e	37e953a74c811c3eb53801c4adeb150be3c1ed9f
3515afda6ac2a92d0e3959b61b9e9f45e404d392	e2851818540cbda965ef8f6ab69fa608274cc58d
106f28592c4eacc28054066812f97b7541b344e3	515d9001ed506e3afff0fe9df33fd9ab2e7b5d9a
12d87b399c4e5ce12d1084658997d6b5b61e4fb9	250cb627bad7bd897b8f14d6b767de15dd3f5a1a
9273a51a71597041a87f8ab86ec8f020166894f8	77ccf5f5a1d3385a8d63f01d056480f75573eeaf
27b69aa89b078d4966570bb882995c4731cddfae	02f130e4e5191415f140ab3d59c892d127427c62
bcc2e66be41156605674dbc710daf58fb73bb76a	82938696eb6cc86ec065ab13a0832cd22b1b8ea2
2afe9dcda42ad21a973e25d881852a6b7f1885a0	23ef68e9026a2381a51281d09dfcf9147ecfb989
138f1be5e45f9c9b4db52d6a4610df6071a16eb6	eb80777cb917e1edf4767624d7a1abe77536eaf7
567b3b47427a939150235bc19c836b15920c14ed	685a8c061be779d050d653ad7fa1dd875e7bf907
8ae4ba591715a3ea725fb57b0b3c2bf4a3fa75b8	e11b2590f83b627327311e71cd520a0a9c68872f
17823749762496ead49f059d8e974a13cad2ffd2	11b1b0e37938c033f12571870393f35f0cbfbaa6
7e3d84cec8f2fd84374c6f3df7fd3261aec240ca	4b4ed88f633614bda7d44b3307ad752b307f1633
c6cdfb214d79925c181da57c63b76d86186e0577	65afe617318a7008b32a7caf66410d81951dfa70
7fde4f5afd80a49ce49b731a0e13f71c278980aa	d22ce0e45e6bcf75504a60cf8ca9f5614ef0142b
2742211caab0b27ed4f66be812cdf465e20ffa37	9214cede459a3ac8233a8599b72b0590a7164ad6
22f360dab201d71b66b0d40979f6c396b78823d2	fa738ab859c76b0dc9f333b2c6013d4c6d76db8e
9a3f1740d3f957fc6efabcc8c3d7ec510255d4b7	926dbc4f2e933479eb6c76ac78af37f63727a33a
4a9e74fc3fc80f5b52f5f60dbe8627f7c20263f0	6b9c575de0abf4059704d6bddabab1fac3f2ff9d
47662605e885e6413d64821453178d03baab6862	2a789fc33c25b10559febec5e5c41b8f0d60ef97
e138ba09dc415bfcb26a7eda0649725182f71bca	a8b875b6fb3e7eecd60e65a9d17dfd6e305444a2
5240f24c6aa9a7a844b89219dc442afe4f8dd518	9d75a2b8b1809a950a37bdc515fc337c589b1b5e
bb952810cce6b1cdb1e2c8cfda98941282d950ea	91f2fa591eba5908334c3d6695338f9b36a54600
9f16d07efbf689a4bb7bcae03c727f9a786b61ba	a5eb2f13522e02e4eda824f67e8fd019a05fa547
7f671e287119ef73ab5ba924751badcf919e1db5	5861249e246c023d90266ee9b2c65dfcd88f6893
bfbd76764d6fc0b1c2c6f0e87a75b27b54df8156	e7882640a0a4f4d9546989a09cd109be028728ea
1268995f5d098db2e616f17514f4eac58e0c14f6	1b92e8c54996af24263c6fdbeddf96a99f49642b
722c82ee38cbef3519147edcd0cfd2ac71f9a040	df61df44d9c1a314171271e1ff4924de437445a5
adcc91d408e187f8478776e86d57aa9cd11cbcbf	27f896f8bd8eb79980846428ee758361ebe3abb4
442e7808cff7dfdd2774be38821e995b16aeea91	42c2189cd1244d78350c7e2d5d312894483c1159
7df7a5d50cd1bdbf99f6254ab92731e375d849d5	2470ff7036e00e9434c485ef3b9e1c754736e4b6
3efe1b90aaf2149faad29ed429647092d42de33e	1ce894722c605f3533de2da8c315e2b62428b06a
64b68104a37cc75ef6fb5181c9f0743e6a71ab47	980ba27150b7bc21b878e7bd81eb427c27db188f
2031a2d0ffa3c5212bc59a0eac27b841d8fc0ea4	bd53162bbfa8e67fdba0128dec4fe334af630f30
d773672e0800b09f89b7f65c43e66f04e105e53a	89e82038a4da3d318e94e39331e03e925cf8608e
8637f77cb81e899a4e564902a1e00c95693e4d2a	7880f287ba2a1737350e3fbf65fb98d5d368c3e1
6de50c3fe864fd81d63039ff69bbbdad4e8937f4	6d502645379c26bd896d566353d6f5ec0d897e9a
13a473bda8c7578e05fc6440c38fa5c3873d54e8	d380f1af3b1ceda5fab52c125da2660a970b285e
04e5288591b21149342ceb6f9acdf614a2e1aa74	cd33caf44be83368fff8d91dc154dff7b16e86a3
3cb3ef5cb00e86f130d9d331d86421275d1e4627	0c6f0ad318961fe98996c831906a4a2ad70386e9
2dc46e669492790600156b878694e2ecd4b8071d	e0bcf70899eafbf4e6fe12c072afc7afc8ae98a9
2b53b8397d26f02956cc5f5753ed979c9a985b91	744d15047b3b3bc33457c6dcff5076ea5147c78f
b82224f4c1dd88472b9d0eb105bef6b812024d5e	59e8bb56aa34bfa0e2bc6c034f608e916471d7c3
52e128a4d29cb8d8332712c3bbbe13f6a1b3699a	7f9a0b36591764886e3ca7915ea02b700efed93a
8078de59f8f100e6a07edc3ea393d21bd4d0b28d	1f031560971f4d131ec12705b50c3bb988c9e938
517c465a595d2cf1dbe6eeb9aa90a4d584c5af0f	43bcc4af4d7598cc09d2c422d01303698ef8f563
c9846531e1c077184385985f1e0869c0848b9c9c	d282df28081a75d2a4bb9a20906aafbd8d325a36
bf67a49985b9fede425f9db1868db7c4be0153ec	ae11884be93e63cf58ad73578dd839dcd52903c9
12470e5d100d927c94ca2cc4757c5b5f00e87898	467e104cc5fc6c99a986712590d09cd79ce07ffa
f542a86cf7b9e880f3c2ee1cd5e3618c1f03d5fd	c558c2ea0c84c938b832e2ca6e4fa7596189996f
68f4832635a7d5ae5a40ede6da54a86cccefd982	6ceb30f3ba7773c8356f3b6bcea36869dfac3177
788b3faedcb5200e6ca207ce8bd35a5c2a0c61f2	a08e74cc6ecc602ceabf301335feee7cfbf33345
16776f70b6f6fd65cb706f74b8426643bf7ddfa0	0d9feb16bf7ad40089081e4a2f8a2fd2ff050dac
d7028db2f954670f174d7dc76877da3eb703f767	9486a910c3f19b67207ee4bda99257c68b350d6d
fa5f903fb223ed7a5f45f6ec281d91e9d4b22928	cdd2d09c5f22c6401f9abe0abc148e850379e859
c34d8078ee81f69395a4914fc6728f878bbc1234	f9dfe5e6dca2bcc80937c06578aa1294812de191
f06362e25dd5335a8986bb797fe79c3dd25c9687	a64c8643de0c7188d9f085c03dafdf605d9c5694
70cdcf6e479711bfe264c4a3668b42f744b44522	4450fcd5d39718d17b067b44d62483fe11c047a1
4843f6b929b101e18639b933e7d5cf67d64e521c	0218fd6210ff8e5b52c5c191de88b50f61505444
32d99e06f30e75f4651baa53c329bcee15d061bd	f16356a4431ae5c033ba65c1a241807ae80bb415
c7b4b8248b65b06284370103fd14643cd0c35644	7ab572068070c636dfc18a0fcd75c3ca7d7ccc46
a1d24e85b5ba072d35c011f11ee9dfd86535f15f	96cb6fb847607d444270ba1207fb4d47d7a2c514
f342014777ab3519ef5b5c6fb37a2b4d073a74a3	1ca0f4702f3a83de2d5c446a29e2f0874e2aa9b3
0bf3cde02219ba555adfb5b141a3b6f7d22d1c19	a37bb63c44e052929bb29944f7f086bb9dba2609
843999994d95fdb50f17c0f1b20968ce847eef3b	203e63eb7e53ea16674a973bd07727569236ec1c
51f8652c49d29ea7aa9b0dd2491c12c5b3cbda15	7f3b067606f72442cdacf9b0e2a6d05f6676e7b5
74a6c4f4d55e2be6131a79fb2325e85a7d03d6d0	2c922052910232b72f0159de4e42927942d5c9fb
b38e6299dad2866ae98bddfc442f70567abe051d	83c40f6bac33dd2ccd68aa2093d1fa3d258443f3
91b582330f0f8b115b641599f187f44e83cdb4b4	139a54e949f066ac209b077f4b92698f1f22f872
a3295e99b3b04686b8a8c622dd0ac4fe73414251	cfc64ddcd69fb83d637c801db07ddaa0c22e186c
46c89a320cfec9a5e1520d8c08a0855e8475519a	e3f2a09669fc2d6ab73afe10fba809c39782a92a
7b2349100fa00b7983295df2baed5e295ca58b87	ea3509fefbc2fe00a3365186301b71600f3106eb
4064bb4fade292f91a1a6e6a93612bf167cf0517	c93336c855a369de240bc1714376eaa92ab6e4a1
e8c17fe5259998584a6cb0f5e6cea2a12cc2f370	c843819b732e80a44c0a1a5ca1225667b32091f0
1b05552dd56650702400ae907e8318e5a2493c79	2b9851d175f9ccd861977d78fe555c8597bad45b
997baf62d989bfc154b5d7061d151343ffe45b81	299ec5a7491ea4b40d819773042c528cc70cc91b
1eebb9df158da5accc4863f0b622ee1470658798	43c62d43bb0a8fee708863bad9324c86fa5cc3f1
704a73103f3d853728459b2f59ed21e7db80c3dd	293d41d6f605260d58aa5ebce97a790eaf041078
25ca9ae18e84e25981a7aa4251ddb58ec5603d9c	756755686fab859cd7a93418d3fa53214ee30777
91b7f460c9723dfa3f586f87c1b516abd4ab9843	5f22201173352b32aaaffc4aea22247cad537d2c
2c5054421f7a149a31b99aa96d59a366477995a9	8dc7d93f2430aa8fdb8951f5cb5cdfd9b01556e7
731b8fd9ff50e013c07f3dae13699c3c69445581	903bd829a12d2c4034190cb7f11f4ab90016ac94
b638e9033ad1c5c19140daf110fec32c34865aaa	33b25d34217a492b0ba3a4b41adba69dc1d17bfe
6b44c2e8ddcae0d16f83357400edd0c8601dd14a	3dab3404ea43c13ffe780451009212e2a880f5f7
efebdfeb702cf53edf3bb152bb58782f1f5996ee	12f435343fea5fc6f8c22de4b2d335646d788bcc
20f6dbf7e3c5afdffbd851c9cc3c400b0b01a8f3	fed29535b25bb9312876343ea24d7bebead138a0
4f5bf0dcbd554138b8bd6fdaa1d28a91d1a4197a	3d4bd024df00e3aa5d1f9dd2b67c90869e77d7f1
4a76083ebbe5d5250b61190081eb45350cb2935d	922d077e10b7a4fbb29f768ef46b4a7ea3ff6763
a5f2b356a4a9656a3c88295a7d50659319499363	1708153553ddb00b5bd9fef93f0f78c773c34d88
4416c9bea6bdd0b1180a252f068388d697cd181d	b5532056264787c1c0a437892e7cdde604c4633a
cc4710ddf1a3c6c5428d3a83e00d65d4f685523d	fbe1a138a0a9ea7505a6414a58d00146576d2c7e
d663b07fe070b0ad7518d7cc6a3450e0aee6a82e	7f0fdcef32bd078abc1d1ac580ad5850688dc8dd
18ba3ee28c0e74f9a890bcff166bcd4fd1a6a53f	4d778eb098d1ba028f55cee1371aa2b87264d3e1
78228bef370fd3d4af4ba5eb407f9207db72acc3	ea090ff2f570c174f347a6a7d3a103dd2e6d8310
f859d5d4b78a426534cef700d1f0e79d42b284fd	293bdac387b8390893085d8c318c5b0fb6e79a50
ae74be73f3f4cf7bc642822f5cf057018efba1ee	345af15fb255d3784a1cb0b9525bf648b92fe35c
0efc052d6878e29281e2db46ea07d7eec79c326f	9feb1922ffe3fd6b536a0d6b093991a1d688cbf1
2bbb1a4ccce07e76fd93ae7e416c10a9875f4904	c1ac63d1118336fdfb8b538e2b19656b01ca79cf
505aea7984f7feb810315fdb55cc1fbedc54186d	8d6359d858bf2008c60e6559aba0a484ec72abd7
c025ba0b6a5f7b53d8fe96a9a7805e5cbf58b4c6	23eee47f35545f6fe7f4a94c720db4166a63f29c
05f223ab4ab6ec7c1d2e2ee6262429b0be10ea3f	a0f7058213773af8ddcf7e19f78c5330a1d6a055
a1b12cdcd6f86e66576edb3b329f53cdb573349a	a7425cc48facf1ac1e10d81aecf50d8fd12e0e1f
cbda6cadbed78522d71e1eeb33891888490994ac	8e07cfe49905569e20d5b7b87476debf5976bb2f
9255461aa86477dcb4f6c9baddbcd94d696b2f0f	85099b1a596a2ddb4dad281709c497a0ac43e53a
cbe75cebbf246b36c995c125cc2246a66f95af15	744cbce5a42665f40ddb4356737b09481ce98319
12a29b3135b89a1f83949681c3901adac2051cc6	d5ddc4e68d514a5b16cab585cd984b0ff96bef6f
6bd8dd2a26fc2afc5038154aeb01620e8a180e20	9b5a30a56fc486ccf408806a364eaa26b43e2cd0
3c64cb543fde925cc296aa8d871042b5bf50c935	369fb1de73d7c68d1f997ff3e0a5ddda71745f67
bff4d70f37a45bdd30d403d9d0969c0484fa3522	b25ea2fb52aa3a5553f9b09564b7d83a1a6dcb16
6fb465751873ea41f01a53f0de15443b2fffa5a6	f8b568a08fd0e51e5973af78380e4e95561a2615
71214f407a2154b2eb3da1bfe03d913e6692f8b8	c055b87f681910aacc68955d125cda23ff7241de
0be1e67f1864aea0787034612592821420988543	7d1f678054067476c2fb417a406df970f1ef7266
ec6609e18291ee3c5845945317de7b032fe1fb9c	c2e710d64a4b42f3b46956925230b9512c55efed
ccf4e5fba69fb1abebe196d43f92ee5429a76af0	182d28903d525d1f40262e05d8fa1ca81b7fe580
a0f585bcac08fa225b4829ba2c7680702c5ce336	7d605402fe74e3e5d7585cf86ac49b9efe76e4a3
4dc8f2c851e722a42c250286c03d97c186c1dd90	435123c08adc9e6b9533066b8e408193344bd068
33253d2d26d8c05a9df3a1be5f1cf929f55d4976	fff12d08c878f1d56c3d814a8ee8c5e77f787c9e
ca03e78cbbace3486c220a74982cc82f0621302d	52bef22ff779d54007bb4308bc630466f1931d3c
0b2c0f82e9e99a63d5b3697d46a6791656ca406f	01393608be5e76af1e6fceafa8b2106850216264
d2b51695a0d58e3cabf436be4a0c21c8b8ff1161	24adcc79c71435e774368c9cdb4b9bca87294d53
144d67781f32f6409bb35cec9c447a612fc54305	4c4da543fb0bd7a54a7f4d022125fe2ab2ea07b8
59872ed0cecad5a67629c18a38f36a4e1cf0e723	4e89b10df930787d81f7642660a3a1e67ae91122
953c7c57db5395464ec8f04182e357f7ad958360	89bbd68e239215747d3e1015155110f08c0ba1d3
cdd4a5a168db05919cadb06627684beffbe502d6	c82bb9348abb012124f6b6ab9608e2dc06b2c7ae
f96cab8608b0ed113c6e15b64b360c1c328087ce	676b69a28a9a845e1a31a90499d692326622dba0
ffd2a3724e9ab71b1c9b3a196dc65ee5b4e001f5	863e0001341f81acf85481551c7672f39df388b4
e7e33e45ba1101d875fa8288b7d49496716f44f0	d261a4296b8a2e44b30a42378eb3c38ad5cc70ed
61910c9387c1ca1a180ecd69ee56e75f10a82d84	102bc88c3de09cb1658fd45ceec382c2ae6f5d4a
7aa82af8a8413433fbe85c639256565d2fefc99e	9e6c4450d973fbfd1db291a436690abc31e8ba74
e05c7f61981a94c41f9093b2cd9ae2cc7ad291d3	c5b036163d159b60bfe5250185e4ba3a53aad6b4
11b43dc1473b3be6b62fb60230e24d9635d21457	bb5380627938eb1208362bf1b4eb888df57beac0
42998daebc77b454605ed04e8f13a4701c167438	38e88d3885a924f11011a8037b784f537239a7a6
753d6bbc2a7b038f60ebd1f731f9cca57165f2e6	4342afbcd8115eb54bc7210332b661372a29522d
8787e1eff43937ab694ecabb657b73d294a32d52	d0dc85309d824482c23d7b76125ff2d6011d85b6
53550bba8b97a11b19747c9ae5d46279d00ebec1	95b4e69d2c13f4f3c47876e29c9507fc9fa464ad
b26d69d125814a95ab6be43a80c1798352363833	5f0b110858f2bee8f1790529f727811cf780eb92
73bf840c80e83556adaeea060ce79ed8f031cdd0	1fb403b4f2dc223e7419f929cf21a00e4c445942
7398bb8b1a6962b538abd4eddd687521144a1143	f8ea20026f09ce9c9c393bdc7c7c3b6794756dd4
6d89344e067d181a44a330b2e52945cc995f25d2	1a2fdbb2aa070325959a1c3957767ce2ccf483de
260291e977cf42742d14c49d1576c24e756d4e18	b0ae582ba55793798cab7672d68cd4342964693a
8a5f81763857e07f612b6c77eb2f175edde12371	28b5d0a806c4494a632e41d1f7fbb080c34b3a8a
f4f083ab806cd31fd6ec706aa1c7d923f3c07e09	8c2305474469342634a404abb81645feedfeac67
05edbd343e3d5d73064445c9a861f732511b6fca	1b0c9e11da6786162c54695adc1332205f4d2dee
b22c6d0702a6c844476f9452ab6effcbbb290e3a	83a01f21e0e8a27bb2c57cff64920f6e2a725bb5
31c93c25e2e3fbf61f41b83d7eb8903f30394d72	5610fa53dea839788e4960d30addf3d223c22f48
33700328dd0607f3d7bc2a623a51fd4d0d537262	fadc5c1df17659046999c5c710d9ed1b3a3984ef
311b2d1f23061e359340a7eae28137c3ca7bdbe7	c2ece05a55e8551a21361783953361743eab7630
de0c2d5c940c9dab2f14e84bd5faa997677e57ac	8f5d9488f5860f7256e72e910a5ddf4f0a4270a1
485fed5c949d5244a1ff4314ef45f8be6d84e834	2dac55227a4715e6abfc928632dafa49936a8561
b4cd29cc9b034614f891c1981e52bb76a133fb5e	66556f87e82e0a9fc9362ffe047495b4474b4b56
9c5f53b6dcd18dde5ed34f756391d7fa1a679650	169ce1fdcf7a9cc4fba4a996da7f1d0817d29830
1383ca8ed7d5503b0540961e1782b0629a6dade5	b01fc2e33802be37654af6ab928f8dcf6e874b90
9c35b9ab02b69fe63d420de9e69ee2f78e24d67d	da48589a81fed00182989e9ff068caca3abc154f
921a76f7b2397434a083484d6e46dd973b2aa53f	4018fd533931b716e3ef17dcdc529373085031ca
872e9e8faabe93caf97ca0fcefe9045392e9eee0	1787af97f6eb8ece0b6f3320cc25dfed561fd784
ab888f276c8102bb8cb930e513e1f4ebf389c75a	807dc975d5122e460a4d2adc716f73ec3b6a8d71
d3420ebfeef49a106608dc19c40f60f5a087fc34	cdc931c616d925cddf7897cf10cef23e823fa7de
273ca8f2a9691994abe90f6670af95b44a1eba7f	9b95ca2f891483af85abd489c06cb38145dcfa63
788cc893188b2bd69ef5a2a899d048c8307cfa0b	e44d0a44c08334fff28f75c2f7c30705c3c20726
16e5f7a823d000507d78e9eba2e65ad72f6b5c63	366d930e058fdccfe288e88cabf0a46adcc94694
631156993e55082cb039f3aa8194689356213b6b	e7d4bcf8938d67e48b158ca4bac9d811a9da4a92
ad477e3b270ce06a2fcef4d8072cff1f86047e79	a61742b6e1c517e31ca6154ff7e696da868f68a2
eafde1eeb1b187c60870f0496db702c5a9af48e1	abe26e76f9bb961e4b03f43670ffbb58a514baa3
6712998d8fff2642719084f09095aa120fe289dc	c2cf75318d157e15a476840e2a1463d09cda9829
036b22b5172ea1ec4d96c3550395575d73f62256	3775fce391b36f68d46787acc4265680cf3f1a2b
3ea6e4e5ce3465ad59b7c59082ecbe6836f86aaf	f537e0a9578cc2d78ce555c69d8eb02e8cd73d08
b6079c50b94a18a1b5f7ecb0b53993567d67d368	f44dda99c91bc4d5bb70fc2d160cd82b647babbd
8e3aee76241d6ec61539b81099d78c20386beb16	3c1999d4451a29886b1c27f421b1da22ca9468a7
80a340120e7d5057346e1db9b0750a10df5d4fa4	8a25084c27daf23a9791c40f7c8175274690dd0e
5803899aa0e174bd04ee667c6d03605c9ea224d4	98f886311bd4f6b1c11b10c2677b61a65b6b3461
c48077c9bc524224fdf5e266bfd5983b855da413	0c6c56cc1a45db012a53cb329c6d3dd3ecc2d762
893d4ab32e132ee4734d304127a40fa041503cd0	01e9da689b7358cabc5126c7a3aa3bc8d85bca30
121b8d8cec2aa011aa42dff32614170809f28169	5d1a88aa2f43a94825a1735c515f20ce67392764
ca0e480c878ce993af1c3c3d38c6817693dc1dae	be663a13f4e4d731dac052e9c878890d7243f8eb
bfb7a875a65161f2d183ba5d070273b85b046ae8	b6164861609f7b21cf2f7c3ebb4b48fc2c49bd23
6ca2faca8ec84a0c3d0d1b5871fa5999ab0e82f5	01cabdaf82cedeb5e1f78703291caffc7e22c4d4
6ef8c947b36413d59d62953828cfd109378fac01	dc9a1d969e0928fcae3e85bfc33c903619eabfba
f1175a51e55f386334829c9549e31d12409b3adb	3e4cc0234e8491217d894b7f88bbb2d9d7f52c05
62655067004a6da96dacc987ac551ed7129b8c07	75295de91c69e55ddfd137a46dac5dd2989bc8f0
87be633f75484b465f9872447a6119db4becebbb	7f7431475c4e56a98b74042b761e67f13e621bc7
7070091a137e0dc92be64ffae239632122e11df1	6271ccad2674f9ca89f24d2e219006577e9c39b5
60c0981b1d628c2ce9262b8d30974ba59e68d26d	9c2cc79b6bdb91181b6e87b90840d1bf3dec1e63
4abdb1dff002639f5deefb2d8c0406a6e1e5e50f	cd0908e89bdce037c3b7f04a0a2dfffa64ccb3e5
1fad7b14badc26926579285d0e47978f2a49e403	76db748c2c4c412f04809abe2bf204fa5d6bff0e
3d8fe176f16b1545e68fec41dae19d3425d53a2f	6d74944bc0f09f59a7cd98e2037b829a10e6f84a
ccedb1134601ee2f3369a1da52f2a3ac88e328e1	bee2cf958c34d8b455cd3b55c9748b8fd825aa3e
2397ee37857853366e9850e8414ab1e4273a8062	016192dc7634dfa488362114f2b6d474106440b4
268c03fc78cc2b6a0442531d182e42786e298021	4c4b48926c81591da99e0271180b7de9451687f2
7e0837602414a29873c4b8abece987e9d0d53a32	dbefa516f7b9547952c6b2470a09d9d4d614cc9e
0bb2634257419fe42f18e5875f8f10e830903596	e6e5ee3ff46057e34b9f792eeaa4a4daa8d21a0a
833d8df0a32f3669638b8a34735f0c0fc1990e18	c64fa557c2d36d9f013f1e3ada4b177e06c681f2
384ee21ac35d635e9d610b6679df66dddc80fec3	e110c31a9f9e00ba30bfcedf72463acb9e943b38
5103e2eade6bc5e8f567bcee81cf1338d57cf885	29db7188cb7f91747e5b4eab24afbdb77860466a
ed25d9b5de9467356e102ed537b2f16f25bd916c	66ec37c056e47e2f4efefcdcb47a66cc49a1fd7c
c8f711c2839f90d3bbe15514d03ba982a1df2fb6	0ae8f94deb59c483ceafad3a1fe2d9f1701ec819
f5d6d32270b510c946054c642094059d81117afe	45716dc3a659dee29581ca0420e720003b510541
fa673498c8dfb992eb40ec98e2de973ba1bdc9fc	2c200427f9c954c6c97c582b4f0c90a975a2cbc4
a3d43300dcf4a78ed9e3475bb282bdc64f21e5ce	36e83610b35b11a5564667b7dcba32b99f2086e8
5bff88422db65274f9470079ca713a0ba22fb30c	578af2dd5ee1cca9a051ed338909b8eaecdbac96
a76a933e440d013e3a61a422dcf7a627e59a2c87	f7895f6b12e1367b688b46e63bbfb03b34e76fac
a3b8e7b4268ee482e794195b8c8278b81d383cca	c0a67ea43bf617aa4f08ef32d1d826166411e30c
72a9b1c6336ade8e1dbf726f7241d640c98d01e1	15b19a8846bbab8b79440b7e5b4afa6baa3e33d0
2c183cfeff8d45044f29c3ae47031b8b3ad05d09	bfea840d8cbf11861e4d40c85f9bccaf4437c79a
86341395a907b4b49c081905d8a6ba9e27474264	dad9a0e372cc6be6bf4de4c23a83c80ff5641240
7aae8aafc1bdc4de7fcbebc6f3f045dfd744366e	c20b1ead984a51743aa24e94662f4219a0c84e97
430f6b2500a23bcb0ddb8a9d63148993f3d22a3b	b71fa27b066a445e2e2d9dd1fb2bb918471649ea
e1318c01f39ead73cbb8aece2b499696b3dfc3e9	b532084613426968879afcf5a8d5dde06c12f0a8
6bdce025b0c9f25c29e819378e964cf33802b7af	b8d1580f63c838e7028383ac096087c21f27760f
b558ca9fcdf165cafbd2aa5ef4bd7e881f38ac89	8c064f207898272d7765fa3622ca221f9a6288c4
e49e01966b944aba886fde27ef4662c5afbc0bbc	ec87889365e2affe8e4f12a68b3864bb912bc639
a15858706cc10f36632fe46829526f98b1764f59	a234bb774a2bdf09f23dc177ec7fea8d1f05d8d8
2b4b5334d95c9910bba8b644230409d2cf0c0e22	9b20af2cfd6b7207719a2d967d69319e75df0343
6f03893e90cc03bc413bd4640724ef7a3a12d8a2	f5e61403a64a7fc9cd218d41c600ef043d30a89b
69feddf194373df29e2f1ebf56da1cb6edf846d6	8dff15c8076056ac8dce7dc8927e0559f5330494
c5a6c012f5efd8b811ef32fe00ca789813673682	422c7718a21ab20d778e90e3aee6fd364329fa66
2fb09ef465500e8c0b298c52cccf617e74631151	596bc52c73daf62f72fee052125e4269d252a657
0747a0d351c168e9dc92b043eb5c1890f1728dcb	bed8e443ac2d678a0446fa6a1c9a50b73761eff3
c2375298aea377059328172315d03130caa251a6	80c8dad46494988995274c40720845cfcc601de8
12b1ab2b879be291fb2faafc81278c50bdf0c87b	4968280c8dfc4716aea80be584ba5a7241b29478
e36e0a4e7a773345e43f752c1c73bfe3b78c9e01	7a2c1e6d65afa7868d390f00e4bc187f307bc7eb
3d64dc5327635c1915321b279fa0437fa6f540fe	1523255052a19a3bf05f0265376d9de3d4634cb8
ee7ba4a5606daffbac5e8e936fa219a02ac9bf1a	3acf886cc12b7f38daea5e0337a49b6d8fb0d128
914bd402e8ca1acb52413169a897a2e36171c5b6	887d71f49af2c3493b0143ef8e7352e71b902e6e
a1a15bc8a64fce2be328eac15d067111c19b6f3d	cec1dfbe3f8df8c671f04b626928fc9ef8b6759b
8bf6b95f95ea21ade1e0fec691856b52e835dca6	40cedf07fb0d8625783eb1fe3165af4bc3724122
cfbc43ea98ae8312c4a11dea38ed2cf0955c76e1	bb0abc61106684f67fa2b91df91ad8e2c9894867
42b6b0fc934b030e9c690bcf465224bac75fa648	68f002dc92bb27141a4daa6e4ccb53afbbc44781
23f9d4c5ded39a257f1cd69cc7a017fd2bffdba6	1a5dc2431c94ec24edec7757f899429c7677066d
d04fc2ca15976bea9f59156a291e10ba87995bf5	271f0dccdf9ef0cc20f7c0e2f27d0aa3c85a79b9
60b628c29e60800c3ee9ec48e1be153f818411ca	18fc4715f15c80ba603c435148fa47986f233235
18482bce31a35b5f102603f7b05e359384b569f2	c102539fbe1ec446c471ed8ef68baf05ccbd9275
aa2839a0109aacde6bec912e5cd8587bf83b707b	7af31cddbb4aea88e0cacd1abb1ba97f8c996490
cbe800bc768d1b958a7677de8a21013a33fa282a	ea72fb51cdb772900bff125c72e0aafa7cff6887
3a89c3a1ed12370942315227af82bf0bbfdf7fc6	1edd3154ae53bcdebbe5acc5ca4f72789aed6a21
e942032c63a84a6c7151ffec58e9837b3e30b862	86a13d248b9c2243f5f296fa5a194071222758f2
8e3c5771d68d3470b9d59d3c488065952dbe2961	fa9d5f20e30982fae9d7f28c85dba6378827285b
9e528545db13c4a2b7ef34d336f9c54579298d1b	c04c7105afe7a80b50ee9c8ae5fdc3fe4c397b7e
647a32a64568ccd205e0cfdcab1eadffca3b950e	f570dfa5affb4edc91a65e9f6dd4c580cdf41c0e
dab0be6de52e3a629a75af07140c81dbbe2ba744	d4c32752290376e2bcbe46978208390f95fb6e92
de767742dfd8c4add2a362f75a64349b59ee8e3d	f315ce51ff7a79044e583a7e55f6b53ed80f85b2
fa4d8f3a2e6a89c7f5bee000a66dfb73ae9d6b6e	874c38d44b69b286fb24bf8fd6ac3d094b6aba34
a7543cd9e26fadbd77af89a7f647a1620e3df7a7	811d8b0709e0dc7e16b793647a67e360bed603bb
5cc63df13370e267d0d694995c2b77ded1237fd8	1d70980cfedeac7af71050027f1455753a2e9499
cdbec52c8f5bccbc77f808522e1996c43259c924	22420eb2236996a4ca16945f193886201c06993f
f9f419ec12d9afec8c628d44cdb77896e1be0916	f7b48259c12573bbf55c47ed14747e1253d8358d
2dffbce646162559d3d7b5d8aa0c623b05f29914	29629653bb4a3618bf342b98594f75e50c847cb8
41a4d7984babc9ccf8cac23cdf14fadcb6fcd8ce	258c47c8d407b90309762f8ad52096e739298679
e953985c133c994495044cc6ee08ed757f953b5b	77bf96e8839e25989fc3ce8e471ba3d521c77153
2cce66cd305cedf65146ca17b54d505ddf355595	5e5ec26f82c0aa8ae5d7a92d27d7e3be48b7f8c5
3a348d1932d326b09466dc20bcf1c0ed015622bf	7f25058792ceb536b2721ad98481e46b30e7d8f6
92c5a235463f98921284d9bba6e3fd80a177b272	66cefa1b45e79b83e58d0a2eda553f8d64abd384
89627ecfaeb093cdcf743940fd33162cfa3758cc	d25b933a78e15eead0dbd9a66d00fc15b0b83401
95f690ac95a3e7a351a6c9eebd985bd86f12481a	eea67b50a8bb1d2ff59610d795ae4f6043a34081
6f67806b71047aac2ab67e9e1194df938a874246	46dec877351ab1475365364f6557eb9ada518878
f4633f888beb5dcda28762464db3c7f16c2da73f	8352c72e760fbae713ad3e93dea63844c626bd14
d46b198bfec197ae861b1f6d9de621e079e03bb0	34ab0113a1af0e3a4f36f755fbe4402b66342307
624a54d207d8f2956816f9b8688c28047deeedbe	a3e53847339ff37f3a04f187a75366358c973a80
278bd34a49789859ac06d009fffc1f64d3dd227a	b94bafd48499151b080bb608823f46f503c757ca
b6dbc16a2742e7f31a9853dd7e05bacc3fdfb143	45469b79be92949336bb0949cde16d5dee37154c
33428cf3d2d2b166a72482e98943e1c163234a35	94008cb3ab6453d8c419535bb545946670b77644
14391afcd76c5a47cc91aa34cc94cbe518d970ac	1b93c11b0dc4da0301e0b8e15fa6dce45ebd82c0
6a49cab91f0fa0570083cad18fbc4367b781a734	9153936b74a5729066bf9be2a6f26a1b14931b26
6b404ff1589092d53d7a37bbb7b350b099013a05	8bcc3aa56bd8219f23bc56351e826f6bfe757964
ff3181388ee19035e16acdca70b16a569324e696	a5fd840314f55a656a3ba5ce1ef5a95d554b94f4
b69345d28eeb0f0d76fe7f9b61f5e29b0e4a02b7	3c3c51db0d6aaf5af85c5bdf113f8d5947acae48
72378d9fac426ad1986a7e3e97d57f58ed270ab0	af0f6248b59bbb8b5bb0e6341313d24a9e584919
fabe38c9202e5c5e81ad4d747545d70e39fbaeda	34a3e9bb3a993b47d810ee350c2f2f32d246cade
e2839fc607a9956453df5970a7171cb90d2e2f3a	6a9bf5ca9fcfc610948a6952cb509c7ca6eedc3f
c232c9b774d12cfd054b9e60ba0a9b0226523934	0a034f596b4b5621e94bc7193417b41da337866a
781ed97d568f9a4a3672895a104f90a826f1440c	0eab8501ea521b6a4eebe9048211401162b5a0da
46f882eac0e79d69bc9da4d5c7607d57e7234465	decb2fc044f41d386e674dd976d061348c436392
dc7f197e539942a9b0d5d56fde47ea617ca2bc06	ecfa7d1e5938fec2f588c3d39cdccf6c44b926d1
039feff69439f56fa0bf2e3fe4e7e5c10bf9d43e	d7386fb2cda779440c1fe7f8f1203d4b1717d9c6
702a256f1de9e676f7fa097fc79609a3ed79543f	58d7a800838a2fb380f32c41b4aa7a47a78bfa8b
7773701b767b033a36fae37388f0fd38eb0d0621	86c94a0edf2d9cd4dc08b60d5d9aed8603d19d83
8f46f1bd62b00fdcc7970e4eb45a4d9212bbaa7a	50199eccc5dab340de1cd6e355be0e7ccb6d8b1b
cb9261872e57b833181f38c693b85dbce173e3f8	9a9f81480a4ecf5bb747ed8049d5811d13e5e515
f084c9c93d97be0e86fd0f372bb097c3f5385647	d94462ad242f36d5a6208d7fd1c6525d89877c89
ed4ec0dbf431886a1889ebb1e2827a8c2b43c144	9d6c709ab65df1a8a3fc74c3121f5163d0f5e5a0
d03a0380ea6ed06e38397cd67b2bc86f1013d8e9	acee94a648a41c3c416de1496fd8bdca7c6187b6
b511d58e3a11c036b31d9c93eae4c7187f7dbf51	eb13fabf1f095b93852085c02b53d1ed1305e071
fd0435fb70ce5c6e45f7162df8a935a434955f80	97aea092bfdc12fe62b467020e889452033fe2d1
b7c8da7c7cb9682315809ed32ed79f2d45ab157f	a5f48fc53da170c79a050bc9b4700c73dce4b937
05ef1c6aecf4b98a5c7adaf4116376fa5e3f85b8	e12b2919c3b4f4f65e9f3099af1c3a53cbaafc2b
c24f4c08e3bcd350e9f924692cab1de8c40b28cf	b9cd007ded0933726e8b379581e4b748843ad776
3c6d46ce4582e5247fbcd4f7f0d9ffe82d2054dd	6ed6df717154504a2bc3b45131a5040d261c0879
80457cbf76636e0c53f23e3d979937f249e2243a	94d453cd49ea7c45d04a95cc6385a5e51d5f7dc4
a57cd9fc8f97d9df2ac05f471b653aa588aa4a4f	0adc9cd965adc1c78a4dac169916d2761eb714d2
fe4257eb01f1e9e5bece318f735008400ca458c0	b2b264b823b7fcb3d2f178ed55d24a486da9c731
a682001f8ab9b481bf4529ff72cbeda456850256	ef6e5ea46df9756e562d362fe90320040068ec93
b2fd00d4fa2c6a91989fe4360db037c59eb3c150	4a2a4956157fb59b42049ac3457af5e649a2700c
e1ac22150d78c3fbdcca1e3bcea78279eb7cbccf	b4f07d21009a1bbd073618bbfea326b1297a8102
e9e232bdf4b8b4deb0302e7e0eab015595bc1a3f	3838d219ca0a46c060e4782d24f146e2856b564a
e1b9ef7039a99181876760e9f024f14eb53c9721	022c3bf1eeadb0ce4a6f7aa0f4f597e60a8f29bc
72ee02b9eb0b360e43e9dd5194db1b1fb5b239ba	28dad7138831d11a8e5204c4e7ab63e407acb19d
18fedf3247c820c11eabe0814481867335a9cdbc	b86db766a5acf7784ee4e4fc6359ba01e3aad0c1
dc0da111a124ff53bf05e0ebeeb00e3bc0c3cfbf	e18a8549ac71c5527476da445a8b15313d922ea2
b63646771f0263a99eb6e9807eb9a52d09c07859	7083bb203479c2a26f8af6065170e79c34bbdb19
551bf66e2baa2a7dcfcbc20d3b61e2a824ec4cd8	7cd3173e45a2bb3076b5b436d9f1022ca01b7316
e22637a7a034d10dc8eeac6354301e68d8ab2986	32359d3e4034755871c7a8f4c2b38294e7f264af
d1ffbfbf4700607f5f2cc4b34dddd5f4d5ace7c4	5ce42b3d12db23c928bcfa9a9683557e8241ec44
05ae599452ea46a3b2b4a8139923445c30abb7f7	4480c33ac3c945a9c6ad61da49797e76d104425a
de618970e0e82ececc29aa826deeb37391cc4493	c0387514a1867407e386b865614daa7a40e764e3
e756d1e303d0d71e7cefbdf18ac9a670ccdfd1bb	47970acd0b9069eb7478570434bbfc4652944e34
5794385028ed5fab4755b061ef0c25bf99374728	4b39e39ccf57bd2298a4ecfe4aa12f2426c66d57
81508f67c827b5cb70c535e5d8bdbe349c3dc7af	215617c2b6f3c8cec023273d352e124643c1f72b
7308c34108cddea9194979f64b4499c400064ba2	a8931e08a742bf701f6736b00210511d55ed3d31
a0578bc8dd1d60f5cc7c277afcfaa6160f1b8380	d07875902b4ac1db8ba3f5e147cd51709eaae077
74ece93f8ac219b4e89da09e586559a6464c562b	19654d8d7578c6db018c2a33949f8d6cdd0787b7
00fb9a15950cdd832137eb05a2b6b6952e8d0c46	33c27fe9ebc12dce917a49f0d1a0cec6b25c668d
1d0d8748ff5c79920d29c96fddefdb4e6beb1e4b	40a08c0363f1ecbbd682e1e8d24d064e5486b737
a92882db363dfb57842ec36bf6df98f904623125	971f6c2cadefaedc2d603ce971fe5e4b49579b20
7aef1687dcb8ff942eb3db14f6e22357bd1daa0a	d1e8fc64f5c76eb3310568e8cf53787b00187060
080f58051bd88ddb605c97ffee1f7f98ca5c952e	a38454b5f7cdd87759e09f4cf0ba181fc7d956a9
aaf1c562128f74274da9be69636ec9e36f988378	9fe71d7f66c7afdb44f51e9c46b9d3c02c38f8a4
c18562dae3853b47e915bd07358f15f869a5b129	49798d2bc003a88d1523762886308c1348fc9e2b
a75a591ee8080483e9741711399448e92b77a4f3	7fb5da5b52a246d48e2f9cc595d00d22008a273a
743fe6070bd7b65db67b86a8900967279b96d0dc	20c556053ca63528e979f6d1e6ecba7d37283c66
fef080589f02cb04a963bca2352448267c717e39	8af668d99f58e9ee4917165781e7d71a8d4f8e07
ed162062b094cc2340e685434c9dc100b3c1461d	2ce44056dac35ba721ce6336c648b495f8c37977
17e60cebce33f620f76e4edf35024f7998ab5691	cdaf19e9dec9a0e9bde02a66afd3bd2450a94ff5
a3843af59b58007a321d1c2fffdf649aefe6ce7e	219f1e1ead7c80ca15dd78d8f4d76118c6afa566
1b9db64cad60b2654d4b17564f631a125c014dc0	4695ef4f28920720a5fabfad6ff14a910a8e89d3
2afdbece857e86ad2b18e295a8fa0628dce70e4e	11ec238c0f14b3d9161320af8ef8f9229258cf89
31f97c19556d3ca88ec395d92009ffe126e91330	73d857103c58f54a68a4bdbe956792478c07ab81
d991dec7204ea72aba2134d4ccc903f4ce5ebf90	d5ffa6ddadbc696c2e965dabd899e7d53b6730a1
03f5c976ac529cf03990d2c156b06d59fda80728	4532244cd22758b83051f72d764cc0f6f82015e4
7391b3f6de29eb3ef1450f6b15874ccb5e431a66	eac4771a1a1dcea0abaa4ffb18928ce590e28b7c
2782fec2fb6031a8bcd04cbac5af26f8949b378d	e9271fc1e8d621e4373c3e6ea7478b1eded26b4a
19046f16ceb3e6c8acde7fea465a5e1e907b6ef5	539827b416809dd7e7586b2c4b30af8db092bdaa
70566dc84b3e8360310926a46b4df61b8abff5a2	6af78726bdff2f11a58af3ede003918a545967fd
312cbcc95a310d67bb7a9f56a16628de99f4cd8b	6e34b580c8b4181e07d2bef29da54bb94be983d7
dfc0c85b90b55dd54b4746eb920110b0e59ea122	a406e7cb58b805160149398be71eda0bf64846f3
158af3eaa2ea3de174b203b4ceac8459d612e9f4	66e50b8c074846da8b809a5c0dbab3fd31af4bf8
f045a9c5924c909500a433be24b64379d51bf65b	7c1d9d466b7a3fd6687842f6a36c3f6e71aab05a
2dcc12390c4437eb16f2e7c1757d54cd47e33206	440b8c5c91597bf3ea8b6612fba4f78e3071a5b9
64976b32857f58a0ece42681fe73ada42e953799	c35764fafe7d3333fea9ad162eed215120b7eba9
52ab977d336ff8c9dd0ca3bc8d42768156f8002f	a3daefbc7db83b20280abc4d3619b511c18bbe99
31c09c6da7b6e66157ededbbdf4d8e580c1f5920	e4eb1a84ecefcd0739969ee851ad8502d3800492
ca0df65e8b079825cd6f47c2c8258fba5facbbfa	8a115c390afc401deeb364c47029be962779ff3e
5d3486a6e86672bd7d6780aaf808e5a707008e65	afc2f663ad09542f1d0b7b5613558312d935fea9
b5d638464dcb64dd05310ce773a9cef746ebba81	1b412b053b3852f6300d53654d486b8a0e06c692
1ee1bb31d013ae12b9ded75a88289d93d124e834	7c249274c9ab2450398896401f1b54ad24b1dbbd
a34209d2481c920802bf754d38526b273471bee7	ad3584f5f3f6f0221bae5b5fd362c85d8a8bed93
12d3e455b111e68c170f3931163d57e9be0165a2	602c280044599acb6026a00e44a95312c9407584
4d2b03a5c35ec9c9f19ca35a0eeb0bfa5f6f4259	ad33431c1bedc015fe1134d680fd9b2119b1355c
60e893327ae38c673dcbac9a91a4fa59ce0d8276	a021237d94acaf7ef11bb0db8de1f420756e845e
d782d069f33ecb6a2e2e499d477b5244792ef5e9	64e53f6d9c24e78c2782abb0780a11fa24f69847
0272db078860c7b98315592b20f17351d57b87df	2feae81af9f243e72af7cb980f89ce8d14985311
611151c5698f5b9d6639150d175cad3cdc511392	81007bf3e71ebd5d794b5bae08c11bd89dc13c50
395bdc817c35450d3225270a1f18cb97e94ea217	7952ece7d90dc3123a378ca016799beb6ee8bec3
d397ba49cb0843a156fbadb401d8fcc79a67b42f	481a759f9fbc82a47c7973c96ebc58e7d254fa76
9b77e10f88518c1e8fd2f0e99431937f29e77632	eb40844694dca78a44fe5b8100194066a96f71bd
9771eb63fc0ebe0dd37be04bde3f791ac7c41768	37bc19392d8897d5d2ae2bba08f11c5139b0ded1
ada358982a1099f6125786308bdadfb55d9eb5b4	dada121a3faec6054b7c150fd25d05daed3a98a5
d340b760e239636ad13aaa57b6c833af66c8224c	eae318b98c01be022288adc4fd1b37df5666340c
d83a020e07d332a5224f70160e323fdec80306c5	0f739d7139bbdeb567182ed4212f04f627c00c76
009d8d22b645be91c6e81c6d93583bad4d18a411	1410c39725f5ab6f1f819ddcb27f850c81f99315
4cd2d5d4a4d82f73271d63ac29b537ac7d9cdb37	3ee01554213f7588db518ea9d9f43d24aa6ef04f
94d8b368cfdf6e275a194f7ac55f1f297b956912	dd3c337fc5c5a484ce3876e57608e7c9d85c72e1
a553a8283fce0a0128752f62faa1a02ba650189c	61f4ac74ea28463c6db4416917740ab2ad96aca0
fbff03710b453a2314328d0920eacd85af7b732e	81dc806b55ff4cf02fb280a2994b2af7f3531b3c
d96ffeb321b49062de8099149957e52b3867c60c	8ab4734e9e368affe3d7f29ba32120b72d2d22f4
ce46b5ef295ee35b58cb9bf645610cb5dcf3759b	7931c0a532c4764b17215fbcab4e67e6160dd935
e628a3896d9bcd5a95cc5b02bee760ed34a705e1	61b93205ba3933f15f41d6a86f0acfa28c6dc8d0
d4eaf4baccde0f836320fb31c1ba863fd33ab771	71130d9b5b6d542ae4e88a360826120ca53b7e44
6a200b7f87bc5d3706f7a1598f98fea381656873	d175c09ed8504beb939015f20bff85b24c937cfb
cb2662ed8a42ca49cf41953cc4e634d5d41d966d	254c0055939e5d06703e5ed667a629950bc61000
ce314b345569b0e3d6f4b37ec481a1805433c501	16fdb3305037638240fb577617c1c24604c22a71
2f8c40c5a0584489dc355b27dc176e6b27f066a1	e2146dafdaa00ca355409fc246d456ab4a97e189
0c8d1b7967659a51db78b1b5332d885aa486323f	a837a84d6e77b1ab956e3c8bdc301cbbdb88d7a7
ab91ae4df0bd6be65780d92ab1271d9b7c09f655	f04000f273d8366ecf94621fd197fcc8c5966d16
52e6e0ee86310aa74db598c5acbf8143aebb79b1	a65b96cea93eccd7943246e3c538063e00b4b8b9
809a0cdd3d9fbed677cd325bb15f4edcb390af79	c713f699bbacd526afa9aa0aeb74db60999d5ca9
4c285d908c34ec578755b793756b086dc6446e72	8689906d397ba3588c560b30fbd2cbaaa2933547
41f7a66336d573beec770a7fe620e1292efa3d6e	e699691775f210564906e141e47d4ef417090252
e4425d6333cf21b6e9efb333d8aa1a82cbee84cf	06a5a551bceb0c7d01d253c550e4ef29beb99ee4
364ffb190b687352c35da2f682261eddabe79aab	d768faf7561c1fff91c9a25f2d71dd1ca3b311ca
0ea228f43be5d32636ba703dd87547a6933fb1ce	413d1d685ead6f30423fc2a464c448fcf385927b
44c007fbee46388e871dfcf062427307c2a204fa	9f6a1440b5b6a3b1070b5310e68ece1409cda924
713a9c5d10f539e30db193d9a5c16e3d6d959f56	005fecdc1607983a3e0a6d32818b18a8930c56c0
e89b30d7a9f023e436f5fe9991d8bc530760d09c	7660441e7e610566d304c6acf4c41bc8eb23763b
cc2b1aa47b345f32380324bd6cd6dc244488c3f9	148febf4ba56795d2310df5b16e6f5c5902b515e
45a32cbe200dc732f8a4eabe188cdc082c2f7220	292eb4e15fb0498a8c4d4852484cd21eb83804b6
1acf6b1821cdae72547ec9502d390661fa49c784	dabe8e6c423268c80d0eae05dd83f14fcd14fb7b
9edcee3eb4313acfda74cd82cc39dd8930c8e5b8	3e0137ed43bcf759f99a2c29030b04b42614d0f1
a8bd127e3dde6735e0545c53ecfea1b82079ad06	abf33370b84bf823144dad126c5e48991a46fdab
bc7881ed3ca49ed0b77a6c8bf253e261939c5476	69daffdaee4775999a630da4b025833ba9210ce6
741d9987e14a70ed1d2590ce32b0d96d0f2ec812	7043f1827705fe76d0664ade4d6a6caafa19f038
2038b19f7dd2fec66c60dd8446ea40278f67bb4a	ed253414760689b07bd2de7b667286823c08d20a
e363a7765750e120bb2d60e63167c8dd037831bb	f3cb14a2fca379462c0cbc59950c39865558c5a4
028c47864d7ba029e7474c4eca72ce6ea7e68070	5be5eb670fe40e3dd4726d3b100bcac068e8cb89
a84a6bf832d2be7803be06925397855a05a8b478	f82cf4b44d81706a47eaf5b57d101bc1e24c2ad3
2f6d4c1eb9e8d764119bf8d75c1b625caee6d39d	c106795f7ecd7ae184552f1859439724bc5f069a
f99859c2fa072bec9ce1e384b1514094da384236	66a6a347959a844cc9f64be4e59380e07be26a69
4bb30c83422d99799fa0aae86d91eade03b042ab	917ff20dbffe5d5afcebec4457d38f984c7b6d4b
1ba1d46d54da107c41fbf611e2f7f19c48966e46	66655444e2e37c6f1d94431c1f4d58c77bb0f57c
2d25e4bdb8892c891657c31aeb9fd6e3f98211d8	0b8b2090495c07724af03b96df563785b4fc6300
f90f8b091050453612d8065256840c231e8944ea	0d2aafc155f480f0fbd4cb0f4b75720fd19b21c2
6bfef191106041eb84b3493ccb94bf26d8147064	0ee8c6a4a139d1ec406386910da2e09a84c69533
54eb893b1741488f5bd02877af0e72cca4025da0	adf9ff09b407fb253e6af27fc9cbbec9d2d8fd3a
912d00507bc1c0407988a3931dee5937fecf73bf	55ed25b2b47c5f0ea4671097a6bbfeda5b963980
e08cda38696742a27f3c11517aae2a01eb44ec57	6caaa7f59fba3e0812a494b1fe69cc697568b1a8
f11405b67083f4bfb40a901554804ea3b0f98848	0e3a9566c1b8d2862e40616f43a525dafaf44547
d763d5ca78be938859f70164f55c07d3f6aa3480	46643d2b91e19ffee115070ccf09312577d77c0b
a14b4c945e9ab3381718a9dee7990660cc291905	48cb562a10635f452d18acf899a138a4da3a2114
315a3d99a22895d62bdea139a5213b41a93640d7	910f7683d9b7a48cd763e1ed0a07dd8527c1fb2f
c8b2ea5ce0bedf699a4ede5229ef68348cbb9dad	e61b089773a7d3ed230116cd139864901b5eda99
521f3ce857fc21f65ccbb440dd3875fbc8d0a19b	fa4af7ee4eab6765b93cdf864b88e6b1f54b2397
f0652a549fe569cfb11a5aba5ae34b2840908cb7	d3370b99e0f68924d0e176eecaaafc66d7ed4b94
931cbf62d57e108c95a568714c54f376d8edf29e	07b0300743317c90ddd2e42a7f9a2a3939d27f8b
0b072871a75b30315291a4a75a979d575a860b3d	2097cff609d3790af0169d031935032dc3d8bd51
a97f57ce42eb6b2bed82d7ab4313eb740c2ff9e6	2d550d897eb699974cf1b63a3dda07fe5800d4cf
8ded02c5fa1dcc59ce678d733b4f50f7b93511fe	5389f0f0b75318dc2671a74fc4fdad5abfa8a4ac
68e7414996c2bc59e951cba7e67326d15a203782	a5009eb429a113c27387232102e4cc49b9e5d0db
7cc98c11c13292feec10c68fd22efe2d2550eba7	d8fe2ab95dd3763d6aaeaf0458b7dc8ee598a2bc
16d2c9335fe345b03bf18973604658aab50ec3cb	7898b3ea9cc5e5759127885353ea562d0c740ced
60f4ff862c91763e04b237e7620b44aa6962e6a8	2c7f605b032e555e2337d215abf1e59c7781d425
628235b430041bc8bcad6fe902aacb1d9dd183b7	0aa477c1e9d703b0095411482bbe83f9c9cf235f
252103cee7a0bd14bc19dfd4382a9e7b54aec6b0	779c19bedc56cb7f03e961e510e26eb5586d8e7d
288187be373c3596185389cddc99f21c614efa49	2ca9b127457cd5f3e9c90a49d80267f04ccd271b
2b2bf1b72eddce30ad6452d99d6448fb824bbd86	d811d2568bc9c32ffcd06c5c7e6f7bcfab2ed295
0a7bd3d4dd36ed3385d7549e57d914ed868be065	b84ed6a487e037bdb26a9d250ded01a1af10e505
61e7ae6c8288d77c4fc19cec32afdf4f029cfd66	00ba36b8198895527a440bebd2456ed410946fca
dba956692fc0e2f87459df85e4cf84b1c710a3cd	7f3dde5b08e042c5d90b5b50835abbc0d142f4bc
b9c706d65c80186eba0d387ef09a5e19e46fe271	8710da05550351d8fda7a1caba832222280c479b
d25ae36920c425d1bbae622af1189f8d376bf9b5	a660a071db0f3a20df0cc47f3c14a3226bd00925
5bf202f3da82699b9cd608578e375894038df015	cf180e510bcbd50dc98dd5fe82443af69b54c162
ab7c48797f2a0fae0ef15c2dd43ff0fa4c79b14b	21516c2c5d80e9acd2faf3414e47762071ea348e
c6029c707f795ef5d4dbe0dbd01d55ddd9dad068	2ccb91bb85e81f16b90b50d9e70a44f05e5d5326
c29fc6d0bde05f02ed67fc0276fe871185e445f1	d1b9427a2bacef110f85f0a3e4188f59a485d7c6
c16a02c43da1b9d3e190497beab4b58e8829c111	6cfcf149fd9f69261170a2006191591f777655c6
39b83fa84dbaf849b0f88d1bc057269504cdb302	b0cbe7d1fa8e6e4f9e964815e882e5e45a2d40fe
127a592922beb07d01b2dd169892a3ecf796fbd3	3fced3061773b15944d053b35abeebbe12937557
131476f38469d654864fbc11fc083f3ec3116c60	97b67f69c241cf4f1756fcfedee5ed2c8bc2c7cb
00ff18cc067c9e2fd6b93013730c3d07a493a7f1	bbe777935e44e0d8c324eee21b955efd10f066fe
5f806cee66e255e19178a596e986806ccfe893be	171529e8ccd7d45be91d223aade91fe73cd59445
32507c9647e815487bc41026f1aebc8431ebca6c	90f7e9d685c150524c94820409d2f86585ec3536
01e188ea3fa803657ded405389b42373fa15ae09	1171c83c00aff58f03988b9204ff7a463b83211d
d37521e4ae0435b62eea1529f5d56565d192a106	f5034005785ba2e62f78135daf53459e81f823dd
03b047de6ec209445fc421d4cfe6e35394e64647	472c7cbd1ac01a5010f5c644f4dbc4c0e595db1b
3e84e6ff3451bddf0ac3d55380fffa5f104bae71	8cecfe565ee0d31add6e23c5ed510e7c7724e4e2
a652e2acc51021b103ce48971b14bd8d59476334	735efea0241a7254c2c4c16a024cfc91cd92630a
c9933ad0d97c5f7810f3daee8a4a21b974fd4f8c	4467db56b85862e739d6886e3a9842c4758a00af
4ea5e1abf3c661d2a70f6b0ba2b7a9d01f6b37f2	e1a57651b4c267dea8223dc12793dffafd088f09
f34d772129196bac7984416f94ecc5262de17605	e20229c25a13ab3260e5af53007f85af0135cfe7
73069e5379a4d0dc8e813632896f5b34984ebca9	bc4c86ca844e46e2c97ceef32ac2f9a9aa4c7e10
9b493d778dfd317ef59bbd0920aeb87e19663001	03db0094becb21b350ac83081ee228ad47787a73
6c4db88244a6078d8b75e024065d8ac1f94e1960	7b29687cd223330c505e8aa239f9af1e7afd2e7b
94f8fbfd5b851425c8a4d634e2c82c80ef0fee09	4300f9c53b15e0b78bb0eff31435db4bf28410ee
57ffa5022db3c65c16ef9154ad91bea7b0776928	4ff2b89e059d7f80c54c9eac887c17ce29e6825c
195b9b0ff54f13e8619f0eb4f532a65cdf739a04	8524a90b2a8b143c3cb18cc20dfba73df467df9c
9ea9433179365c47733d26af49060d298e0f38be	cada247c4cd827b10b8fc13336ceb626693b5bea
f4a00481c639635f98d84629a9c483a99ca22ceb	16d752a2a63d80746ec306dd2fc155190213be0e
020cac8871e6b695b1ab2cf7c8677149dd02243c	28159a65b49eabcaf6ed526d02d1372e8f0e5792
4239f0ea93c7d7bc35213c8dceff0654de997c9c	2366b171399dbf1823d2f525ea04cde9de389f9e
230d423debaab19829fb1fd0b7e046a9b2db9799	0e42a1ba8d256619258dd2aabf3428c3bba62b1e
994cb3d0f308828ffc48a89f3bbdccb78e729f39	4322dd7c08fcea5e582f846ad1752da490278512
9fc07de74c7ada75775e13be7cfc09241f05f954	b66c60adadd104e0027bed9234dbd2b8e115e977
1452621bebf97a87624397b888c86812d5a1d4dd	68fba9f64c3e9eeeea2af47fcaff01b6ccc3d6d2
32f862deb2bc4260e514aaee17c90a3232786aa3	3649532c5c8a6e8466795f970da1d9a800fc49f4
bf475fbf4b43de0d411bf31cd8b9c199127421fb	7475206ca9ad750e95375f2db244d6b50c02b69c
7d6b89ae4a68190eb8d016651fbe6bb579d27f8b	4a97659dc8d356db3298d452a597c6b35b20f075
c1e37341b2297372f3ddde9bfe379193327efdf4	a02bc4ab687d0484bb9c57a73af35dd5f433f4e2
6b74ae8a71f219fc8e2351e291255cb223a38007	7e1fe65a4e8cff2271ff04138031f71becb372bf
85318675763cf0da5c8e83fdb3ec8b0d5795889f	9517a73767c6871b71106ad9a90e243ba58f57d6
b14d3c9af2ceaf06906dbcfe4bd9775ff9da4e6e	08679be6fcbadb3e8971ef280a90b45ee808512f
bac76e4c9d5381d3057b4267baf57a436cd7b008	bac26e7c073ca3e2c287ba6dbededab1829f350b
08f6a2358b78f4a8c57780cffa6a334821f0d505	0dce20363e9fe169ab337633f8475816adcdcfaf
731a479ca6474e5a7a3f51d61173a3a987d7dc19	139a1dbe880535c6bfee08e9f77628568440a226
23947c31f8c36fd13ec416b08ee414b131a29e67	c0ec99aa85d1a9123fbaadf3c1c4fb59b3d3690f
c38586e5ecc4d61183129612e9925f6002ada7c6	d5787c4bf2235cb7a761d6da2e587d004a53d54c
bd127b5511fbe6a4f807f4114016b15fbb558e67	8f5d035a3af2d0fd714aefe0ce47c6a1b080f505
ffd95312dfa1dc07663dbe8658b13abac0db52ae	19b2a73e5c708f3ff3397092ccf9afc93155bda8
c95ce2cde99a304049c447e599f4869cbc04fbc8	87e1fc29375945094239753795e611cf6e870f60
70be923baf522aa252c264b60a87939e5d59528e	9a0642029d40c4a3969a16bf1f0c00dbc58106bc
b9bee4e134278256f534f8efb7f31758112d4ed5	e81b31263ba5cd14417d66e72fac7137b6facd53
ab775077cf773c6648707dc13174df0e82281658	8f16ec30d8c229b37ee8cd46a1fe04bfc6b3cf39
0acf457c21a0f23080ec6e8fa891e40c0ee63042	90f2dc369f59a6acb2d9bccae6b5543314abaf1b
4547905e7129994947ad0ed9781a559614966e0b	f5ef279f56f04a46c6a640fcfca46c86661fbdbc
4b33320eb10fe43c4ff40c756cec7bc4e720caef	db438c2f44cd01a8006294f41613fd4d4ed3458d
1d06693b0ca3f6176648b7ce0cac4b504a676d2a	29e502fe4d161ea3d42245ec6e781fcc61173211
e96031c33e766cdf31daa817a53180823fc2a4cb	837c7035da6826e5cc7e5049c7a49715b6d03353
62011ffba24b4f31eb73a408812ef4126f3a5900	4dbcf43b6b02c442670c88a90c87320c63ee774e
b4b14a968c33be19d722829904f9a81623a5590c	7551d2a95d4735b31d99ceea7dae582fc19d4704
97fb369df0f1c3a0f4a32e579c94771e72de5d94	eacd430873f4b296d9ff8b86280bfa9df56e77ae
2aba8d3d8970c9cc22e01af093ade612c2fa5eaf	fe7a58d92483352a55bc555b998122238237a4a6
ddc4b472fdf86104318a031c0f6671f251d8be0a	0fbb3f0b9b890271c3b25fe6e28d0b72c5d7ef1b
22ab27e49636259e8c16c961687491f0acc460e2	29d058e0ad3e958203261b0da5a8acf8581fe0ba
9e5e2df1dbb900dca0a22c745895da6fa0ccfc4d	d4d0342f4f350c62d336e7d3841a83fdd674b1f3
960b2a37b18a7f6f83061a2d94467f691ab7f705	be53f36cf2cee9aecc0435a4f639d3b2354026fc
fe990c6b551d316f66ec39c304dd5fb062b06252	cb35849d96edea126139bc67f942189aeb517daa
3ceb3c3480151e15e82ad45706a1a520b6376494	345e0487e04e6d95cd378c9c3f4e328e348438cb
654047e1cb49e49985e080efb06f965a13f6450a	5499a3f48f60562cd79ce0eb37b9720024708c2f
85f05e347c1b6ed1976983256cdd8a1ffddd4ca5	db9d7d51b7f893aae715547d0ea5cd23254ee541
cdc1c3ee14b05d01878c7ed1d3c7b6b217b3a3e4	30d96485c55d62999d745b96e804b0807aa54462
d26b184662cefa0faaabdf9736b12aa880620d9b	b14f16c7fd929e0e975b4662cd6661cf92d41b62
ebb2a16361723dbfc665b2806dafd310aeb143a5	663fb74f8aef254dc159021c11770f4ec2e1b23b
107b7cc1d72776423147e641a33e21da24f3bc94	9c82b922efc53ea59aee421af3ede8931f2ebbb3
9d5bff9dc65bbe7045674408fa86940634fcee38	16c760735133bd6a12a1ace7d27f952769e8e8af
33cdca270f84b707c5a726465648e148a7817800	2b821ca382e030dece7e3f8fcfb83ca2bb683400
072368e8b912918e22ef02879f537e86ea6b8bba	80827f371683e2cd6719c0c1ad860ac854c02b78
6655eea9dc7a1125107407b5bbdd165eb3010287	2bdbfe902b636cd7bd6a1f64416e39965eb0640e
c6e27b10f561af4b0288346d6df36c0240610ea0	700f3c304586620c39a613dc0a2916f0c9ffe1e6
9ae996f5afeb590b72ccf5706325ee9c89b9247f	89ce0c29659ff162a1118922bf143a5f9135c786
26b4af01a268cd987b76bc1c9f4e10d5a21813ae	f94094d633eaaeb8c118c077a1c4603d5be284c7
ff1a261ca32d81a6ea761b82f58539068b248f7b	eaeb7cc590d6a7f8583e6b6dac9189f3494938cd
e4a65809bdd24465802692cd3808905fd29d838d	3de81d0a8a87e83032ee0a2d84e90e174cd6f189
9110bb21d25617b31cad85f6882076a0919b79be	36f7a68b407fbd635cb689b96903afaeb90aa7e6
58d305426b941622de40f4065ababa78d83911d6	920e04d8ed710d5fcb86d5e08ef21fcf81e06a35
192391cb316c59870f51338f33b241674de27f1d	b1a8486fde14d5f34512dd5e8ce4f5b289b0124b
e4707ba2cb94ace1c33a7f42ccae03e6789ea66a	07aafd187b4d3962085ad09141e8505171cded6b
d730f9f9136924e2c2ba649f08a499b5213f59ee	fb3c92fae04b3f160258a886c1089df535069c5b
81a7e02918426b30823560566de01565bffb3616	a2aa43365c63bdd20af58aeada95ef07daa096e5
9338556055546eb2d72e8eb88c3a4f5292e55076	cd742437028f89a95e12636ed65bdc9e51d17434
d3647811a7057ca280ea214a3ad62736ae252ce9	17b57404d48a2c97a57fd8975b76db9840e25662
fa099ffd63ebb78aaa8452c6b318cc541d9598bf	b933b2e2308301b346988b9859480d6cb9dc81f0
af1ad49814f872fe4cc786b5ec025284275485a8	3f58086e7259a46441ea13d99bbbeecc54ff5c03
395dc8606d0515b1a7e79b819e6506cecd1c9216	dcec986bdc8a0a91bcdee220ec4362ef02be82e8
d13dc09d0c63f7bec4d75aeb7dd3c0783e570f94	82ae5ae03ee002739c7b9846faf082883e7090f0
f81fdaf7b8b6b9698a710fb51fa733e63f4259a3	a3a6d1e85b3c740c711d09b189077e097a992a4f
59b98e98a01c6546007b84a2030b3658b1d4088b	c443c45c27a0021c6cbae02e5ce964818ad54afb
687cbb053c33c72ff87a2d598b8686f7d6f2b9ce	7efb760d0eb7a509ae3ea9092d1756a45c92faa9
8bc663582f4e9984b8135eb3784360c91f7acbfa	9833e095088e9aebeab7f3cba986f65749997a35
74a081138c349fab459cf9b76675f732d2f5630e	9574544528785ddf0d220bb0993c971d478c5c02
31458fa8a261b9c72ad253f4b029e75a61105767	91876fd4b68664970d1c3eb5707403251019bc27
7ad346fe698e1eb0c53dece7f0657edd88c315bd	b245619ab4ff5cb32329e04cd66c2fecf3504297
ca40fce6f2460b024d06da9ebb3711c8cdfef3ab	b25a7bbfeb92676c08f4241888caef7edcabf4f4
0b6e1eca2017da639ee5aa37e121c1b15860fc35	e9d0f52c871647ef98da35ae1e1f481b20b13989
b9538ba8cafc15e416c024d3c5558fb7e475efcb	82e49395a725b050bf0172d3a3fe5f59e35adac7
9a5ab5fd962152be1ae2e986de26587aad6f9070	2cb501329b9f622eb215b2012300a7a7d36af573
a1fa0a7221650631198773778a65fee5ce93b825	547f015fc856ac756aaa03c3ebfc3a0f67206468
acac7343e8f9f27bc994dd04c70d08e2d004d6f9	4b531c11a793fcf72c623b3b2aa6f3404965efb5
9bf3f02f96d19ba5fe1bb978fb09335a72545687	85aed59e35319ec38eb3b4100ce3c3db039ef361
ab1cb2891b41e9b7552577ba3038747bb20eb15d	edf28ca17846780beb6a0b85e687a92ff6d6d94e
3fa37d396993c6ee138796fd9ab67daabc0c614b	0e198412acdf05d71e7c7c71dbfa1924bc851ba4
95c32efc7b671364138fdbc1695478ed08a18b32	e72119adcdb089897813195217bf246e7f869a2e
e8efba4756d67005d4acb8421bfb3ce54b1ad634	f6c5b63012fbb216b166da6e11f0bda122e16013
86ea83bd7a8ba838f3de6c60cffdb65c10f83f83	d0e866f90e7ed47a4005c3955d29d1e0fe06b3dc
49ebe6663447510ec415ab92d22cec31af4e58a3	3b2912198186e5b2eea056a7fae5749747a9f0a6
89d156d5a18894c87b6e9a62520013e472d87ac0	13fcbd0cd4159be1b2bdb5bdedf75be12d1db821
9375dca0e6a012e01e1d2a0a36093f705238da93	56925f0dd5760a119752ab426343fe000816e1ce
18672d94e685e8f35a47e559ff2ccbf3fbbd86f5	bf1ad5394958c74a74cc5d8ecd9f66cb06df865b
ce88392d58505a5242a8ea99f311d4324ae64b58	d940103db275a896344291e4733dd5d6e806b363
6caf7ed02922593f3b47d8e5671c49e41f768d92	f7b5f3a808cb82bcfca68b70b6a75a02ab2e1d72
ad76d20f89693627c038cdd7e2c0d9438f5fe8be	6a99c17ee54f417d00505527004ba7e3cd74d296
c81e87ba28b0be31a3e4886520b73caf339effed	4a4140ed9f62065e0a6fdefdfe5576ca198bd60e
78d6a6412f123816662e839557c154211bb4ead6	54dd647c6a923ef7601be0e80f5a0bc7ce3b30a3
de706cec0120ad676043a7f0932d31c197aa9117	97c69d721e842a9914718aa6033be8127acbffb5
df48ab5d410b5747ea424c11151fc9baea6988c4	a634727843f9ecca9b23922a49bde913a25dbdb1
d60b7cd67298c4af940f2c379b4e42a9054f1cc3	b110f50c60a5db0b6255e99a1bd55872e6a9bf2c
c040a6118cfd3cd9fe521b126e7f8c93204c7a74	476507683bda17f0c516cc4c0a2c69945e42c4f7
7079c2aa975dc40dfef1c2513671370b93a3e944	d0f9dd89820b93eff02eb1e58cf0040e55e1a4c8
5d48496787b7f99a306cec99bfe0b7a9adf7c8fe	a396b3103d82b35f537dac6ffe09dc42f1f95a39
eca3ad2826f326fcbf636f05b9d95dae479c060c	f6db6aa6a6f750a0bcf4fde70de461ccdedbc796
cc421d2445ea9ac4cb39ecaf40000f8162cf521b	9cdca0c91fb96008627a742be7cc746f53e43d73
d53917e1f4e5a54cbd620e0d910e0fadc7dd1062	e3dae6d92c36e2af78db7146af02c54663498417
fb93f6f3d6aca1190525a7eadec2d5105f992e47	d548b88b655912a5d159ed8efc049f037d999030
1e3361533ea075a9f441cebabccfaf39bcd1f492	69cf9fc94eface3ca5d6977605df22f81173a987
801fd491a038f531c7a455e5b31727fe94ce4d52	0ffcd83e8a984e0e13514bcce0d90a39e006028f
308456a50cd63cfa3c5423d0410b74a42cc9958c	4916c697b6c632dff2d0d458788ec07ec70d9980
a6b1ae3b448ad34e13e6da810912e2a9b9b8cf88	154ba541bf7775ef87c626c71d1c94f6cd3eecac
80d49cf81e37075902b5fc6db38d1d6ff0e66b77	e94da1e2cc8e6efaf180ac401234bd5f5574adb2
e072771dd201c005ee2220e0a570ca9dde91c752	944c71ff35179d79a9f76bd73f64f30f4e78ba83
eba224243db1546253b218eb3dca0e7f62822e85	127755638aefe87015ab5f1567e086f8d6a4c6f9
c87fb691438a7bbc0adc0b54d75430e86819ff3b	c2b4576de36fb64a88bc3d9200f818745ab86291
0e3eaf37eb2d04123b00c3cba6f602e8f4ba99bb	e0530e33009816e315a9ec2c10174838aac9c603
8fcc41a5d6e7a591abd19e4fe22c8d9fe2a7467a	a232309919b7a6545e48325d49fc1e5c935a8a6d
a0abf7701a54461fdba0f5d1a9cbbd3043fe5067	2d0f2472ee46f96eda26cd5412be7288bfd8b8a5
2dc2bdf32c607f66919b94bd8ef9dbe51e2375e8	bb6ae8c61e140d26245f3348c0a304db529b275d
0dea32d9ac5ac354b4aa02e5dad47694da516d9e	679ceaa575fd9b38f1e20974e01496d61bd601ca
61939afc14e0f989d894d29a0545116991b26281	d74d5ade16c466cc21582ff4e70b14b68d3eb6a8
97354962f48950405d6f8659e47fa0f0ef2cd783	9b5528c0b7307abf835fe4867b0aa9f14d5893ef
f4f2184b008b1eae83155bd6ee30b5692f1ca2aa	1d30c309c438432b094b2907f8fda5db46e44cc6
8ebb5beae5327bac60e6d507ec27ce6b5bebfdd6	10546fd86d8f5ec4ca4b73ec4e148344119a7843
82d6c6de7fc02646c6c83d37c0475634ea13d954	3a73ca2aff48d00b7a07809630a346304070df31
fa35d8e6bcd8aef5d66b595879a18c9960c8a4d6	7f6acb3a4cb7e57259e1a578d6b46dff46413ca4
23c286fb3b0a2249462015cc311af8cbd5d4b8a1	38b1fb3cf2fcc23d2990bc07261217d29c3c681d
ee35cea7361d1bb8e970a2993bb0248bd50284d8	e410a415f9a71fd92a108e4b6fa757f4e259dbc2
6ea1547a8fe38fa11b1b5716b3fc534c42d60326	3d89c67b7e2993d06f95c55a4a6f7c9892d38f79
075e33a96750117f6a24562343ff2d35bbe6e868	a43f1928cddca63308e26f0cac6025d673482e32
93b9e2a62315a420f7294977b9a62ed950ed85b9	23317efdc9c81f2ce1c358402c78ce6ebe865f22
4290b104d83847507aea1c3e4942bb311486a3f8	422abca46d41915bcfca232164190d22718b8ddf
751cc8e2cc5c850cb6b49f72de5d5d9da0de836b	8f68253e68c29f1f886484e21e53bee4c02d8ffc
547c2bf66830204d3446a08fe3bd9891965b51ba	010658ee3c457b83ab5a619ab2fe75ebdf3b79d1
10aa4af508d0182ae36c33b627adf76769128473	3afd58d89b53d6ab571b654030a89abec2640237
255f9a2e469e587f4b4dc2afb1f97f0b8ae7fd1f	e5c9c7b2f66cd007a330839b32c04b16012badde
f2459de90a19ea6f4abf827d189cf61fde17aa59	00eb7f98b923524827d218bdcec6b20edbc1db66
4f44d1cbb46d958d0bb4596eabcd1f415555b94f	f909276a7fb73160caf4b2a2771b2cdd1634c766
6208844ba471882d87ea0087548a5ee8c88f0108	a9ed9450911b8d759483d6b0443be859faf9ac54
60c5e899cb93d3dbab287537ee37af27efa715b4	0df78eaf36d7bc5dffe2fa4e1c0bbf677b64beab
d40878ef4fa338b0b6dcb88b1afd2bec33ec7f7c	a42e72fab747ec1d0557be3d5f3263344812d9c8
146c72d0bdebebaf06d6bd0ce4535c0b6f436012	7ffc219f97c5e6e87b7ba3d8dc354e04de6e8d8b
3a42aead4f349f6ebf8293fe99a3f8837f3c0f00	8bc2c9538698c46fd5d9c5256cd8706eddf8dfb4
6ab58cc7ed5753792d6da767aa14c76cd2343250	3aeb8f2f864b9d2b12fc89fb9ef8223de7904327
7bc2e618648a19b84ce75baca9b3fe1864dea61c	1b3c1f06dd85a1031b8c7d5a405f5f5ae6ba2869
b0320400725658e7719db2da3c09f3e7afcf96ce	d0cf0f88dc4770b6170155b84924b6146d248fed
eec2e5e0c36b3ec96a204363b2ad4abd38f63d9f	fdc2588fd3dfe89dba9ef6cb6576d94fa7d618cd
8b52965ee080cbb904099eae0b9b9228c8d45dc8	8ad0fd393a90ea2b7ebf86943b8bad7536a7a1e5
62bb64a151c75566257694de687fcc48f850b614	87088e18d18b35796ee9cc692c74d8b082082735
f6b898c908b7e5af5e8d0d7e8b727010256674d8	7a4d0574db7266dabfa1c0d831fa95870ccb3bca
73d65f37c3832005fcffad3e66485f7a23887cdd	ba649a20997968a9acc1570a9a0889449a5cdc4c
f2d01d580a31b6ddd493baa07f08fe66716a90f9	f50bcc5d7a2c631723a6ac8127838489e4771611
bdbb6b42a882745a90e0ac88ee0d7bff4e2d783e	ba76b05d3fa2e3803bf6e5f9d505d8d72411cf57
e1dfc7403587e2091074ae9e8549d1921a3980a1	9721de6f27b781003856eabb53d0bf4141735277
ce85d6239b0e62c92ee4121ee8d61272258d1d2c	9312d9156da52761ab21ada783f69827d09a39a8
4c1bb573b1e5907f61b915938946ab677344b82f	c7dc0b8c43fc62b661fd39141cd7ec4131f4c4d7
536f4b44ee69295536e799cf65a4bfd901a71334	f45c797223cb7bc56240f6f2145273f27a4318d5
6becfca6607c3e1a8a323e6d8c273c8a1867eff0	95b91e278bca7c6cb335808b2ef9551d90bddc76
daf976d836cee97101fd0dfd136836bbd2ab5f04	dbc092c056d583fb4b68291a56d5f24049484d0d
6ffa0ba8ac6d678f3cd59617523e431fe4dd7b43	0b737c95387de482e9cf9d4a5955faac0c838da5
281e00034d4b70afb3e1817613bd4151215a7802	983988d6f8c75dfe23d1d587821203842e6bb541
cb3e8a7824cab658bf9e075d0e7004193ec13357	6c5cf64c3a9f924db5384378480ebdc01ec9d18f
36717710b65f5f0754b68931e50d269dc4a6d2ab	622ec6e32181b6596b5232d49a13abf46a571e8f
39ea52a88eefab097ab2d851b15babae6cbcdc05	4306082e4cec3b2fab98754736cde4dba72d83ce
23982d9caf799afe0d2f5ccd878b2c65b38c2410	b4261a1299ea2802efe38495a0acb2e5fca663fa
2cce5b9361fc3492a27174c415f0fc4a5b9ad94b	e1cd170d3e8cc9a333fbbd66818ba8a44c9639f7
1f607b6c7b67b289517621f117516f684fd2c0b3	d682950fb24974230987943f8ff02dcac7d9bdf6
6660aba384baeb8d153678cf0f3f9d49542c92d0	cc2900aaa5b1cc9724ff491aae77fe31e11c7d16
ebaa39bf02bbc23cba062033300538d3cde25490	46721a746e617daf42014c6cfb541b02abba0451
fd9c74ab67d5d0005c030d53eecf73a1ebec7714	ad660497ee7dff359f9f46fff445baadd89d2d37
433a1ca197209c222b3fffa6bcbb2a4c843756c2	f26acf63d08202667054c430b6f8deab4631e653
3034d603bffda7162dfeda9f29449709f92e3805	a701044fae1ad0c0856fc157d73522962c6d91b8
18cfec732d58ca655b33fe2b0f2c1490c81e810e	23b5a4c19adefa2904710e55408e1914e7e22f1e
2af285ee7eb8b9c9a35c883796986d21026236a7	523be8673b7d1873a8b329f660c8ba4305895244
166f1bcccb4242adaaf91261ce7a3d39ebbfa502	ea9f31a61ebf27245ba7c40cf3a33c0ec5a59ad9
026745f92351c29d88c0e16d70dc3d130470a5b9	16d1a2257b48cdb5de3699589991a03509f64d00
d3c2a8f0ac9c1544f8be712de79b80054a991d6c	bb5a16c71d9d92001b650901f889b6dd1aab2b94
3006b0a2199910d1346c8085f839c50315ef061e	b9190ceba2da9770c45ee23abf189ca15bdda572
da29f18bc5790ded74ea819089f71f1a291d66f0	f5a44ede0818ecb44f369c4ba234d718998895ed
505818c4cd008042f5d76276a12ed441af608356	65ead5e75094240a204d98dabc99ada4ff6fda5e
ccb9790b86bc920f6e83f4b777a815ea04be2663	c872e7c78f5f380ab853f582d6f0fbdcd20408b5
2323ac31716d94df958169c73b2029d346e20af8	4072fe93adfdbe2f74a00b2f316326d6ea734108
5bc93c5ac5c731b00ecaf6737e2797a1e9cc1f62	396c836c2aa7b000427e761eb4b2f8f51b91274b
a43114a1ac22bb2cf0b48e63c5fb4d1f5cf4d586	da75557c35dde8bf09811e9e856f0cd912fc2f42
1576144eccd6397aa3d78e931837761a13b8cba5	371f43043a5df6d4ff827db5f22d6b0f216706ef
3742d3a2706462bea956d0c825dbc8211d03dd62	1b20a1c29e9b34d1688c4d236f06b90dd04b748a
7843bf13b96f50ca04f3dc44874bbe9734de0b69	d23247ccb5c47a063b06bf35c2cd05c299e08d2b
ec3ffdbda781fb402bf12a43902011451a7d1438	8aed31498a289484684f22d776fd565ae6cc907f
b2583c32ca7c4de540f9c2699e8c0a0bdbcd9ecf	200ddbceaa20ddab8fc820e066e35db4df5973c5
90efe02347d1f0c6e15c2dd7fd35273ceec151cf	27ae8e3d7da6346a7398feea856078a9c91035bb
4413fc8b694f9bedf55addfe1b9f015b07abe370	fd8879185693a7f58240f90454dbb56c674aa735
bb690b0a9c2e5e79ba273df25650fae0bb03c108	1c4b6a45621a05ac7f1948cb87710ca7b1c04b6a
a6364019193d8157b1d558c453547bb6818c4cdd	b0c85539bd0eeab19be1539bd8a1a9cfa457af68
0d8f37808017fec984d14366266b029939826036	e85ddc495ceb15aff544afd219ae49062069c335
5e5eb3d5f7d8538595cc49bc8a3c6b4220a7d41a	ab5079bf8fec9dc5701c5970babe0aa2420b61ae
e0d292360139631dc1b15662fdf9bba60442717b	2d9c6c6ec2c8f911a7bb6bcc2a6441f6ec902e5a
7cdf03bf328518a66ffb6af95db748e745a6d6e2	21a04c09c31d9a45231ddbe5e0bbbede07f4710e
7a5ec57861bd0119962f8b9aaf71c2ce052f214c	68b5690f3d1378e0edd4d70de5ae20ef19c92648
e7c3d5cb67b51bf667f52736891b4b9413bb6f2a	4e818040981dc405b420e75b617ab582fa3c2678
163107713b1c907d2a12b11234c2d00f6298ce46	753e4fdc2759689ebcc1fcbe7dda36322d581b5d
fc06fdf1911a9d9976e65bf632ef921268fb4fa6	72c9f0d19fccd62335848e350b3a8ddd5be086fe
e10bb2165c685add3046d801f60ac2547bc879a2	9a88633513d435488546496d23096c77fba993eb
4ad59964dfda00354e264cda7eed8e73d94281a0	d2c16b72290d035da30ec84f8cff967d1f6c42d5
c1e4c315309fbb7841eccf059224245dfc36af9d	a23abf2fe728670aa6b65292f91109e7219eb20f
732eb021f5f5746628f057bb62c54625581df20a	e19b936f28dbc5820343f256f07825efbc43cf36
08e3827043a3e33600c7549970e90019ef3fbe6d	73641e94b5947b6f962c0d156867f4cd0e5a5bbf
47b73913cc296c245f30643967884fed6e905029	f1d4a8a976d6cfcc4c49fe65e33ee53564e16bd5
302a0c9c7f3e19c7c1e853219dc7bae3051e399f	56a345e0e352a51c955730cc506d111f5af554c9
d53a075c9f9cf8d31a74f6f736f8cf14e9c3639c	6f00640763102e58ca9fbe48a5fb2c66d1b8cf5d
11f2e4de09ab8deeb421f6565240a5c0a8a59463	d7dae111a0d982ef8649d7ccd0a6aef07478f5d9
0005b0f1944f7385552c1aeb8cf6a46213f7793a	b274155044eae77209923e71c2e75a93bdbf66ef
df23d88f846cafa3bf89ca9a7cbd641c632b654a	2a425735170c2da0846c3a43be43b72de3f21522
d4c934a0f877b5c8fa8d0367da07bdd6d046020a	0ccb32fe7155271ef06b2fdbce900bda1c142013
612e8aa20c5f40cd7d15e9d98884b00c9ea7eb19	488ae5a1a8c25c98e416fbc1092fdf52fec3245d
1a245db6d0860e175327c28415d20cfbe388427a	e54d9a37306beb1852ce7fe9ede3bcc6dc4e77be
b3cac2bd77524b3f34b3d7db3f51bf320808656d	2a1c28d044181a4ec380d8d2f39333ed877eedd4
06c0ecc0ffdf864227dc3dc02d189d0b13627d88	37534714414efff887e2ab7bb1eeb6081b720d45
e482afce06b16e47e661349feacb4ff2bc5aaa0d	4148e7dfd6fff3951009ea13431e8da4abd6cc09
4fc7262c29ca5ba747b9907d5bc68ca42789a9f2	5e478f49168c122a5d2ea4e2ea6f3fb836a013b7
b7f0aeb8f2d21b55397c871271b70885ea02c4f0	36233dad4b6132c9f3b485c694bac1c8e3d25669
fe59284a3675ece44b22829a178f4b58c9b6a106	480f08852f8e2dd152fe8220488365c948d16331
29b96c0acb5be7ce4cc1c3a57ebfe2a1e78ad147	aa70e7c2a62d25c3e7e75a0cf74b2a71f3d8b347
20a0316c1b212f205fddbea7922fc5cfb54da54f	afa42648112eb59df75229ee45736e079448c09e
f4aa068a2fd5cbe7f0479d32ac2fcff693b497b4	253bdfc2132a02d05d9b3283b7cfe6c08ce62987
50ea5af3cfb7417c951cce3645da5516dea5209d	3a7787f21c3722f53b54ad7b3091699e3bbe232c
de6775ad62955a88d493a37319056541f8df4518	fbdb6af386109b83dd1efcff12a43febd0979180
ceeaeeae2c28ac0ea566f02b1b180b3557f5c853	100b3532703759fc481bcb59c789d5f0488200c7
3d8c5315ae293c7e35fdb54531fa9432f0a2bd2f	e631fe0be658a83bee55f038888d0a5804ff6a15
e5199154bda80b55cfcdf4e0eb91cbf60bd3aa70	35ad11902041291a1d99444e13269c9b5bef25f7
561e15e5c4f44dea248ddbcf069f4a3b30d2561f	816faff4d344e7f3dea11b82d339fc431efdb798
9f15ad21ee08e532cc05f0f0b5a9620b35b07e79	d626c2d2d8e1b277e6e560931f658ee8011d02d9
68bb16dec15824667a78672779db4c071aa9b2b9	f473306ed4455970bd3d7844d4bc1ed63d8ab38f
698ca4a32ac818d4796e9ac637b8fc132f1f5e63	20e912b27e8ebd728ca4eb19abacc7da2f06cae3
5fd40bdca04d6fda1592a99d4581c38e4e8082bf	7229a40a3592e5b6ad7fbf3e79b8a01f831c201d
2bbabd1112120611dbe2b2f446c3274edc38b84e	939988e2b3a1d93b1658d154041078b4fa43e9c5
6bc6525c306d34d9b69bdbbcb05044033cf19fd4	a7447eae8e6a710edabca0de8ccd295dff5de7e4
06bbe4836fffae2b57f4531722d6cd240b0fed9f	d741b13104c93e945d590576714f24600195151b
989f63340da620d8a2c6fb489ea01ed9ba5bcc59	e1392179c969b7d41446d71f4f48fd53a22c238d
e88768a9f7a8f98afb80e4bd1c7b2838468ec043	51faa90f96e86f133cff21c00b12869fcd9afba7
f10dafabb554a0f2dde9b031b72d095bf8b4ef96	473df51a9f3b07546e9fd781b77f9bbeedf5de83
3b4925801c3f837e73154039b751ecc1268f1340	c31f4d44471e72d529048ec2c927bc684b1ebcbb
4cd37b3b55bb967f3a7320acaf689f5d66a65eca	d8f9bcf714c0665fa1eea07d56eb15f6adb2f615
2b50573368301a8664ab6853d5d8e1ae61654ef6	2dbbc570d5ab36da07663c87d5da8ca2a615c8d1
a8556ffc86fbcb86b32ea5c01f1b5308fe4da8e0	22b429d380b60e87acb97e3b417e894eb92ec593
c892420f7b55294d4af85194b6845380c6f43bf5	1161519a300fdae8f39065153dc2aeaee9c1af41
0f3b894ec99327b7aeab0e2971f0e6eced501888	f487fee407feef0c5ed0cad79d2fab5c48925bd7
efb84ebf97476cde5e98127d887438a0dafb510c	660c90a8ce28aa3040dd735e013996e665d73b5b
578be2f45a5cf32bbf864862a6ff3127cb5a3759	7dc43b90b85a3c4da4b170c32b127104bd0c4405
1cc76223797c86b765d231f48f525d8243e3e625	62ecc22fbc4cc0b975671da682097965f87cf8b5
25f8765e91ee4cd9af3cd89d047900df1845620a	9877741ed03a0e2d6820384f4545cdbc8074ea7e
144741d0343e6723837495e363d375a673223a3c	d34c89ec721ca826a8b6ca25f6fab8c64965dc4d
7dcbf475d3e9c421a6f7d79056b6671f53b6caad	b23ffac77d4f4151172a4c784fb5ef4bb1b76819
67e2d2b3ae34eb4273e8534be6de1da0368e0a09	4b557fa4b194ea987b6dec7de09db706de6e3e43
698652eae278469e38fc4005e1f8e9583cdd16c4	8add885c2372166ac815ecfbff35446dc182cf72
833760e8f82a3bf9eb55b2d5f6e17b6853d848c5	322cfb3c47f287b9eaae964317c60fa5a3aa78d9
11e81928ec0985a01dd99524fc319f2498385feb	da6c6735db07188d0d9847abe7f4da552b37faa6
c70911ff167744e8e98bd2df8a86ae48f673d340	adeaa2d7296dc775112e0732e108221b6011bd0a
6a49699be7bca357be654e648966722141cd94f8	4e2d750b875bd4c065c4c5dd0a347fb4007286de
e6980b81cbbe477a230410fe6656833e59a04919	a1f25a1f28fa46d60043607636e76967ac54b3a3
04068a1fb7685caee64a55f5ff90404ed5fd767e	2c61c9e7efb9e47fafdd7998a128646ffaa3a9e8
953ff4d31db5ad201f7c2ed13cac2d480dba0dd3	feb9b15bf98c29b991e35dace6411a651f298429
1067f76475c3fb7a4e05f2e6182c39b8dd258d8d	8a40d92b76fe33b410982309c7088c40b7bb6755
d70ce8ba0904290cc69581763338c5784e1f6cd4	e4fccc90d55ee2f079171ff215250ab654f78883
5ee557f379ae8c99e1b5eab418c24b9ebe049d57	1d1dae639a2a34011cd81ef0e8285b91dbf9e3a1
3833d6b06a1af3547d6c17b5cef4b89c10ecb900	5ccee1feef2ef8a3f6a1a710e57916bbb651d7ba
bdaf88d235c3aaae2a6484deb95949bf63aff86f	8859e98cc1e7a9a63b7740880a5e8da9224d4f57
496b1a6f880d6b45c7537ad9a1c7624e093e6a46	e3cb1713b1f6920e381ac7c62e1f38270977719d
d593c19f4cee782f5239dfe7510f0ef84404b8d1	ef77b51657865f9cb76c9cd47425ea595a421336
f0845f19ead56dc755c06170afb7d9358712a8ea	03f9803e45c1f344c5d4d95388730a8d1e27c199
31e5788c04c8c7e9ba09129201f6a76dc58bf610	23927fe0c680e12a63d32b6e69854549debfeb65
b06df8a4031a596a739ade942217651342373055	58cad1523979fe3883506a4dc6fd7fd257e28677
6b9e902d4e05d5c9d666f8bf483b418707d1466c	f1b618a4e8120518b86d5c54b19fd185350c20ab
6dc5881643c3789863abba4291c6154477b833d3	105f76fa443c8ed2c2885eb3156364d24d76a27d
3b5b726afaa61183656975f8d91f71085d5a90ca	22e302136e61865873dd5d020888c964b26ff150
57c5a3c0ccc1cb543a348452cd49a646fece7e1b	2650482da727e1c8560a71f4b60587c99d67c13f
c8d69aa7fd637dea4f8343547c7a762d46f8bb90	ecf1d5dfbbabd92cbc7e168400af554de743882b
943f79bdaf1754e2d3e4bf8ce56e3ba7fdf34863	2914deffa888278bd04777917c4edf26dcf19231
fc4fe74542c6c6129defd9df3e28b533b7c8b1c2	224f1fb1a0038c378ee7bd7a479072f84d1d3338
e5263d3e539dadcb2ed7af2fd34e8272282c730e	1220e1c9c0e8f6dd0968665b734944b45107758e
62f77f13c79dbacdd0d038a7b7df6a3256a47f4c	9812fe0d3c5be15a9afc36ec5042336040a49cff
530df17b0a8f33a8b0e255054bfc38ce9817d999	1dc800571a47e5df18d795a96988ce24b995d735
9cca1616fdb7b476e7f16c761ba19beed8812cb0	fc33d01b71ac29ec5a04bdbcb82bac2bda94b625
d7f62bc9b189c6d3a747789e0004a6529106d4f6	10ed92c7c3d2c757d622ee68e4e2299985343f02
0dd4c6ad33b4d3e52b5afa740d23371f2cfd3bf9	2aec23f1c212a61d361fc360f442b3147403dc10
d056ee25f69a0b30078799717a1c56105903a398	6427c605e076298164bd2dd6e605607326a6abc6
9277d9b54f6e97d321cdae8f6ea53e60fb73dcd2	172d732b79654ed87b6799118926a8bff479c22f
4334f89aeec393aa79b2c6ed65420dade05bad9e	cb682e09998e4b54d7a3e13e0a82df34d3b01ee1
20d0eb353a25a7977dd950b2a3bdf5314231f708	069af115ab5682f4918ea5a2604d8063ab119760
519199792a25ce88f1927ebfc7d8e720477b0d10	ed138086bd0fae15b6aabfa6e6bf8ba839e69a73
42f6c2bf04c39af5a1bd9b752e32fcba536cdb43	85d7a859936520f153226ba31f8dc5f2e09a6049
a386acf82e0eedad47a7619a96dbe495fc9d3677	a0886affaac5aec638ad740ffeaf63e6f41e39f2
411da1d86016053148dd6bab9a03d45f22085c0e	25b3747addba145438a3ca54ba5d479f07da9cc8
8e254007cbbea9430a968a6ada8f508ec6517cd7	a76145818b407a9d0159f2fe1f63e07e882a5d03
8d6e0b1a851b4070938e5c9e184a0a28cb3eb873	9fd4c8eb244b59678f997b5baef86457e0bb229d
549ec0fc4cd9d65449f7cd7a419860054e3ce559	085937ebfa4132f673e2d6c5f709b742818e9e9d
52c4a2e1092f306e153b081adcdd7da00e0bb019	fbf0cf095d5ec90972688a55d2aa9e5e8f1694f9
1a084de912a6ed64edec234a4111ca8a1ff183a7	ea5beaa29c18391f19e5d40035af7c6fef3af088
493d24e31906fb34190467b439c79c24364b470b	a980eddc4b054ee93754da2eef7bb9e151af8445
f6a4358a88d06138d6c75071940ac1f97290aff2	a9287cf3e57a160b6071427fe59a66035f0a13af
8ec1703de0d7930cce720e74d5e15321b61bd0d8	d742b71170b77b31fa5e16ef7e5f94af4b2e90c2
7812b1f78d8f38acc8431ea3afef1290934c3a57	57d15d468845f79e2a39cb9ef83ca6ff958b2bde
8e922c4846292adc87a17f280cd3bc99ce11a13f	56f4cfd94136fec738915d5dda9079ff6ff9a4ef
9c183bd8e9adf90f3fa60f45a58f157a9ecc327c	a01154fe42293e5f1dd1794a7805352840887e96
76313a96c55ceafb72bd1cd831bf5a5994621dbd	e76477c81db552358a3847dcd4daca17e7095668
3020fcce0dcda5e119cb18b267598de741c78992	23ec050e2d9c07e123dd040c5d1a259e944bd4c1
d19398cc136808c7a70aaa9a3c0acbd0374e4681	c2b9beb2ae09620f8e9acfb2a4cd3c15abcdad8b
b76f5daca5403a665dcc0267d3aecd2c57d51ee7	52b75fb7eb4a038546174a06297a4a95e123fb5f
d74b7937e971c738e3540c53f870dc0249381980	10dee9cf6dc683d28090c4f5a8ed457cb724ff6e
d1ffaa3e4bfc597e114e6a76a96433391824e901	c2af97dfd1df09ed53e9b45c63146bf3364995ae
c4ffb90ad9b07dccea7d975cf6e0e34468ce0028	cfc5236a2eb2aed9ce40e4f465f599f936409759
479bc0852184b034459b319453742c0fca9e382e	533002842d8b7655d3da6536f43dcc10dd49af98
74d3c216f4cb22b8607164942cd8b88a5ae0ab19	1ad27ea56e2ec5c5a6b9476f63f1019c77120c60
d9845081a8cc947058f8fd697284c8d60b19f153	be0e11943608bd32f1276b48f7d3db30acf8bdad
70d2f62e0f2e1fecdf95fc18e0cea11ddf8d459d	dac06d52681b834a808d9fa075bc98608e314e15
7d822c81a9af9ca6555b19e6ba0d02a022e95c14	fc75abcf183badcd23f3f526b19466114632e386
4c766b4dde11fd476ac676d2b5a2965d06f33f7e	9f2cf4e8d4172199588ecaded75965dcfb411fa6
fbd03cf055684ee59ba9dd6e29eae3db527964d1	155b7a71a4671b4d8373032520db81c12b6666ee
db3be5173be8b596bc864894b7a89c34583c1a80	51b025697ccb20775d6aa58678c11d96c8e89bb8
1e7894e4c4c9f939f3a290ab0fdd9a6961cc6136	9f61d1993038b9c7b0b046c74d1639d74e1145b8
14d886c5c43ef06607e7fdaa4f0f8c4fc319cbb6	efc51524150f9811cee973993b7405d1b100594d
ff967bcda17e1044cf51b607b0a32ec9700d97c6	cdd87303e3ec204583496f4f9663b62134abc56f
288e353de106b167ca4a66b0263bcfe1d5e5ca0c	6c7957df2c949137e07c3733d21d94dfda964bf0
4d7bba585d4599704b99f2502424ea0479df486a	ac4ae9395043ea62f64fa3e61d5f51600e9bfd7b
47180b7e2d8e6832f922d32f3e34184ad60713a6	3f58f237098aa4ddc9504b4e608260a0e272b632
825c227585a293f46d24dcb77edd9eefe584c0d8	0b947f9927d478960a1ef0f8d89f68874d3650bc
d3779c42a6efc4f8380c4d5fa1a8e08f2395fd1c	aa460cb235b3be968fe897e0da17e0baf496bf7e
7dfa3b3d7c73cfdc425839cd1ffabd1998dd339b	0d00fc3b22a871474c014a0e8ecde7a3c623b4ea
5dda9e4fd5c3e9c3565ca0d5668056200208db49	5b45c5ca2d8a78f21b4a07b831da5262cc5a93eb
472e3f5ae82432a2347b2165bff8c7f9c7fd60da	cc377bfd6533433758aa6cd230332d0f96e3ab16
cf3773afbf20c3e653fde6fde661852568164511	c22241ca0a2bce7deb9764d146dd77e572bf17f4
4a4f21a123526c37c14c3d60de9ae88c06980b02	b89bebddd5bc2ceeab3bb075b367a91910567a37
df2b3014da4ecc4e2459000544af794fee01675f	f3b44baa06b4f8de5bfd1a770b1443956b4211a7
3e71d72b702de61746a78e77c1d25eaa437783e9	0577bcc3f2e8012717169d9713045f404535823b
2c6cb52ae001d8c73f727b2ac6f73f796372f5e1	32669dfed945e91e851e1860a57e898d9503e623
0d2cfde72afd19daf6fc532cc7764237d718c1eb	36680af1dde3fbf310694080258713e9ed78941f
334b2545cb7ae501013309c9f9b3084909bdda31	61b02c316e15bf654ca5a279037e4840f556ee99
5bd0067b9c1e537e83b23c6c2f5d79b3c77f8027	95f4b377fc8a6caea2115010598e9cb056676828
7ff576a836e2fbcf2465c2e547d42e3fb2640487	f9322e0a173abeebf267ae19d15adc96a317a851
cb55047ae54386810f351c3047bafd5a3b26465f	35c79d1638f80ca67510b633d9e904224c07b964
726086b9580399433eebf680edbed5d6207e3790	732631729c339f2fe189bcb4894c919542a309a3
e4bc3eea961cc9fa0b457f7551385c2e3c9f49b7	5e47acfd994122a0f68d80d7d33be297394e32fa
e3f945120582518d2e39dc66e37543f58cade082	9d055c5eeb9be2db647d36321f1516a78ad48843
301110762582ebaaf4371310f931667544702974	4ada2a8fe1ad4261db6f6ef886ad694f189721a4
bd13c8fa3ca12c0e0ff8738576789b39a099e578	fd559c69c931e98dd9306684d23334fa34b7a379
bf1f414170aeeb04a82e40dbc4bd2064adb66e3d	5ef47dee382ee218ea8edca82cc4799d68f1c4b8
22b879b1a99c11c8771261b1074a228fd8fd52d4	65741512b249804ba5e2308fa853331fe7aa5a2d
9c7ff482d10489b71821037ffa426953de248d1f	9572951c28642336030e6e17952bd82b69633558
847ebd63fa411ea60d0bd82cc021ccbb5d94851a	5e98720ed3db6b215db7190e671648bc1d45d730
079b80839b4d57c4ee86e2d58511880b7cacda9a	6ae9fff50bd699d4cf7dbb6a9eafcdc10a3adae3
7549f23c16c7e0060de4af41a473f78d22e6998a	530d517f8a808f848c2788c4079209ae486b320e
f6616675f2f3d601f2f42930a88f287c8470b4b9	e70b99def5f1dcd8bf0937775caeadbfc91691d2
3e08c85c2b54b78519112235f6560ad9d832fd13	da4d6512cd894a94385bfbdbe34828a1b2677cb2
d41202f34b5787992521385685f90a4328131046	3a0a0fa0979d453fc7dc1282acec82d4c4032938
24640d44c22c697233c039ad62124bf980b1be19	1defe510c7318e287edf1a5ee4a6174df0ea459f
3af4549d0585cce166cd478f56b20814630db4ea	9d7c5d2df9686f478c5c720c4a3ca119017f3ead
89b795cc459cfc9fc6c5ef4db6bd075d1ad277d3	49956714801566edf31ac6be611dcf0a5fcff15b
a1e4705d48519c1e9555318b79fac52443e182e2	9bba634c55e6b53141b67a9dadf0e8ee38f688ef
66896f60b4d97afbe5acc7370e0afffa52a7b9e8	5f6867af33a06dd97264e4eed767b2f977771da8
f2c27fa5881ec342fca639f7e1a0a94416d33541	98aa0c679bdadf159232a6bd346a201bea336828
c662f62d986741fd20de7bea79073dfb5643c765	a90f88957a72d222a7c3d871a5110fe7b42359dc
4dc2e6d0684553e8573c0d6754463d599d252194	6ac1e2aced469beeca17fe2a6e5fcff543c98833
42cdc6473696923db418bb6f768f62223ecb0bd1	077da7267eb7e8b445db6d116946fdadcdab8ebc
8415b55712153aded30d06fcb791155a5c773532	1bcf274e9809043f11bcffd118a7e15e0ca90600
0427cd2dc96a248b7195d314c849b5ca66ee97d3	3efd5abe0141d6e293243403ea8518479b602800
2522ce68b2dfcc7654ed617d9c5df487793caae0	594254b3095fca4d0f696bb5e3dba8bb47d3b9bc
79ff3f55e52b7c89c650ef74a524fdd227346fba	1f06741b5eeb582bdd4efd74bf5a4deea51b0da3
fd445d19c3c6c312baae5f15b92b8ff452be50c5	f58c12f8c72bbcd84e46ea62a29d7601cf91a7da
f53f395e3658e09f8649a26b611a8aec6fcab657	4725f79d93644b4a1d7c2fa6909bd9b959c4e6ac
2460fd54a69fcb3551fd8dc43418d73f498869c4	5db5efbe1b6a2255bc9eef3ca21f577178409a04
70a3b2dc9f98c73392919014a4628f621fe7104e	3d36355f3273fc0f3f77d98996fbdb4844a56481
deb3297506e3471e2cceabe5d44f245117d4ff5b	d3602f127044d0facd426c685ef61b59655787fc
c594c36ebf1724b383824a976221dfeb628b5e43	ff761d26ee870576d3824b2c17e1192a27de8393
6d67447852b354c0c29cb303eb8103841e6e8536	521214e1d0e60832dba4c3e4eb487460a8c1e3bc
7e946828d406ca80f8b24efad6a6d2aade41cb59	ac2b8cbd6a5d29be8ce699708c00ec2920b3a4c3
4d5c3d02474dcd01bedb6d7275e561549b2d03fc	ab9ff98f1333788a942c5aaa0aef0f65352f0be6
2f100075f39d1a57e2d460cba5808f0b7983795f	4faf6f4842deed8404bfa0504fd30e22a90396c5
5822a1184f6aebc786f2fbae35f877473afc09e9	6f0216cdc5739949c48232ba64385773160e48a0
88ecf89a9d93f6a98cf046c9acbf296d09c903ec	d1341ecc2f37be27812bdc1f050e778c5316e7af
03d97a5fe990417ed4d32ab9c2ae141459c9e8aa	1e66fee91b1fbb64b2453b7004d37f61316deda2
a6fb8b8de41b1e405901d30e9f2d27ebabff9aa3	6db082227394c965f60ac0c1dea251d9c6a50938
55136264896932418bfaed2a642c5daf4732b6cc	66f1595c785c763d92b0ed48f2b6ba34f34cc27a
015f6248ae82d3a28521c2d456214aee29001713	124996085492bb213e9a39af59219081ae90b412
18a0bdea5c424a3bdd618dfe74590ca61ad73de8	610803837768e420cb9c7471c9bffce37a882564
26c329a62995803759b51182c061870d5f375746	118221c69987e223f9ce1ba976a7956622cc60b0
33ca54b033fa11e5140e2e7d258c7c2a18766189	d21b9e53d845a3d6dcf8f57031ce86e449d48dc2
f4f406073e0b432a0d08a19d5b9b3a827d1ad971	dabb927e23ebbc0d0dc82d44425983a9974bb3d3
cd0408e96df99990162b7ac0c5c15be663fc300c	f7dc5d6b67dba83d57297cad83adb10d91a3214b
e4a797b33f9873ec293c7710f98e8f37f67bd8f1	5a7f84d2a31eb60e84daaa400a0926e632bac9bc
4d10ee2ade60eb7b2314f3d4c71b386363ee5c56	d0c5f806852b44e2fee513248c1c20a3032ecb95
e581370ade98813d4c4755c1b8aae1076d3a66a3	23c781a9cf05244ef16ec84b6ba78d853b32bcee
ebf16a82a8457d110c4295fc11aa4f65069631ae	502991e7948ad47c3481d8fb118be74440b9dec0
68419761694aa3e6cc9ec19d4d7e0d45cdf2920c	bf486782716388fee434c28cb796602ce1a4f1fb
e8142332b0b6d7197e75d085c0881b8d2c2cbaa1	7c4d72a9768f1daf132ccc37cb6210924e445de3
8e1331413c96ec5d2db8289ed154185dc9705056	f1917a35dc057acb0febf5d28dbe15935dc15b08
8f7ebb56bf1c032e1c9b2699ad7a9aed8f86c0dc	49d56f056740ab5860d7f68a683e8efa996bbb6f
aac52c9b3f31935de33b1edf35d7b039376092be	968ad62bf4abb88dd0603c8bedaf631daf1d9cff
9ba19e95afa0046d8078f42b00df34c1f10e7767	08741fecbe5b7eaa7a37c0156a03fba6b4db3e58
5abe17054c676fd5309da275cbf50474f88d4873	0a5a772c927c734a8ecad24a6b7545ed6e34392e
d899fb96997ce85b1500898e6117641611951b84	6c6384be30435736fc6ab2b03cf6b26b628ffdd8
b8130df01174a0e8cea3d9d0b6e4c94fc57f40cd	2b66879d0aabd3d6f6bd9dc88100f2b5fe07a691
f0de8339f4bcb8a55a6e8d2c03c59f1e7ceeb050	f4ec931d275f32e87aa8b44e877ce8c5bd6a0257
01fbb7bbf18e2e06758599ecff8368ba7b21e226	362fefc192cf31fdf322b6ee9539c747ea20e316
3b3158ef39c021372e677813d0939d232e27f23c	4297a14190f9a2013fcbe31bd9e91e479a33cf4b
0ece9817601772695a7796e87d4f809316f3fb5f	c2a7a7e1b7e151a973a58c1d4e9146eaa9c14097
1d6c27fbd11af06a14f6d3ab7fb27402188385f0	a38283f0081760f33f06654db8901a4b99fffa1e
d8f5cfee03c90c32ac5a71dd66d60cbfaabf0c18	43a087b0b97bfcf48df145992177ea5191564af6
39394124f0b7f6067507bd16b80e48a5c1353a17	db308e71f93befc1f6dd4bcddab5906358764f52
3eccc8e9af7e5db35f639490738f2d76510a345f	94f115a1c43b14ca04f4ff481b1ad02bb0183e3d
e18d8e45fde7c5563b8c0ddc21b95b464c185e65	ffb7bdc547d29769587b0cfe3b5a32cb093c23c4
f6829d57546f278b373dc98d0307ac6581424643	4aea7e11758ff247a4b9c928985ea8c0f7d8b188
817da636f9010db41c1460fb150009c5a55684c2	eff0275ca00841ac4a2a1af3404708c8c45cdab1
53f4b833c26b7ac704e36ea779befb4a82069e24	2674815d8f74894fa86cb197f6451311fc0575bc
5e667265f0f534abddc31aa7dad3e33a2e0e22b2	b82e8c53fa3057a650ee8f98eacc52a0eebd33d5
9f6e8cd9d19945eef04c074556b2d4c740b2809b	c0886470b12c1ae62daac43e0cd0edae45b6d326
cadd89b9107885cb34f9601e4ddf375f9473763d	40bb6a628abd44b05ff793122def9ee134c575eb
d32b97b71ac9b4b6f8d0fef4fc4a143cbcf90d58	4531e94d40708d79f32b541fa8f9e0e73330b947
4ed814b070f7f698a34b7e7fbafe5d8b9c32bd58	5e547415b56b0f9bb0cbb9dff5eb7a2b37e282c5
0ac3fcb889849b4478eedc4751aa49cc67c82f45	9d81a2551d883a131d53c21984d03486ff5377f8
7247c2a688ef89e85fef3376e0c09dcb399e1033	640064eeed29dbab4eb1c3c1f5f51f93da3a9320
3f08df1756a902cc82d1c4fdd934b1cabfe94ac6	475d038153785f671c48b1c07f88d23163c396bd
d6a9dfc18b26e5b02de4adeaee0b063e763f4d4b	235465003b687dc16cb2366167bf2c5275dae393
d9fbd8697798a8147e258d6bb3dc10fb97852e87	573adac23837200e9f64417b8e7499169c25dc7e
be5282d6a32c5233b82bb5ee2a8b68c86c042c03	51f6e4bba18ad6917e786af73c58df34872f8cdc
a15d9cf01ae7313a48776a5ef79ff4f64b102d52	fa15f52d7ad1ed074b8c3384987206ae102cbc8a
a2380641469796880dcd97170e32480b6afe4f9f	5b383e46c680bb87b192e9a7ce822ecb536629ac
f37c9a5f9a4eac17111cb7a27266ec9f375b0ac0	a38444a42b3e6ab46a45b1f8ec7285534e1ce295
c5c4b763c1170a657b770b71c6c43e269fac1e85	a33468b2dec746991f873efa23ab1473a8d419ae
20724284d5d593491602a960fdcd91d87701e7f1	74fe9c0a6b6ce211b3310ae2c5111244f6ce5134
145535429699d05093a00d598b6ff90fff2a3872	5b8e9c8de34de207e45425430f8e1163df26513f
56d4e45684d75fe3440d493a2b259ca15512bfdf	5f8b4a3bb32a14f3c6d949cc2fc2e3546ccd4eeb
d22b868ffd8c6c314a02fd1276d77c30e07317bf	3e1c55f5b8135c4cd499888fa399cfe7f5d55787
befb64236aaef2e98dcb16bb37bca57e7c6921ab	232679cad9dfab8c651e78f42ae208e475472322
c5ab106e0b42446bda01d509b7522b6f5eea49d5	b77e85e73629f737e4972add4ef802db0f429f1c
f450558a911c798a16b91a7a1f9ed7f3f689f0c6	ac11d3669c533b7c1d68a1d5f33e78e10d377e6b
9b89b3133d26629288907f7001f052210e0d9e6b	d4a5c1ff020615767f9180dc8781dac58ae8fb0e
16f5da7aea58581886b49b79b752f2c0c5fef8a9	34033b011e0d8e871323ec67f1396f5febe11359
2412ae9d622626132f1f883f401f8134fa48b10e	c78fcdd89c490df92fa14f2a9f4c58ceb028c186
f39b817e49d2e6af98d1d3afd951faf5abfdd22c	ed65bdf662f7806201f9c50ffa893ba469904b12
1900abccb6f31919b1ed0d7ff54733ce70ebebe2	de0cc6afeeb4df424fa0380c881a5ee741ccace1
252b53083f2b67750dac67929ff1d9a8222ea720	573d6c6fe61f1a5bcb7f6c21acc31d5a1da5b553
0dfcdd7240d1889ab4e32a3f6d8ead38890ecb36	d9483edec99bd7080210758063047c68e4995e2c
8d33dbe0757686b2fa256b75dc758cc19cd700cc	82ff2d4a73ff8fca7019f730afaa83eb7cf36296
35b2e9d2bc741bd6fccc9bdcf6df8ada6ce5c56f	5e056864e93ba113ec0f1d4d5f7780cacd1c1002
7192ea43451949a4cc23111e226ce9c52625735e	009266e353869126380df4bab5a0580240799cdf
29276ff12f7d6e613d2815b3dddd9bebd4a93748	86808537c4051dd7aea78262d8c5deac2ed9b7e8
1e554ebe59a453394bca5ef0c5baa83516152595	90280abb83151327a85b8620aa73e4090675b28c
205d54cb24b6c22e1ba3474e74c4caabcf6b85aa	e5183e425cb64a34c255efdb5d9a47b63b971d8b
a52c99c68951da71691e56ca75d5d3e9ec2c2b86	e761765e3713a581ec6d53118dd2ccdb004224be
6a0072611772252e19c19508219113ab988fc58e	1cfaeff7f8620726f4bf47b387683af4c5a46e7b
7c218be8885bd0226548b3da87cb3eb4bbbaee0a	b35bdbc8569b25960ba048839761b58a54491d63
a38619090f35f1bd0ad68fa4fcd212394cb75675	c4bb4dd7d0e872f2c748ea117f70414ce1d7fe1a
2e8ad85840ecabb2bb2219c471a6edca7c07b877	bb7f01ac01ea65ba65d42937292103e70926399e
4d707504f8638424fe3f0d10c614dca9adaf788d	4fad55f92eb9a4dbaaddd73dedb152db250db805
743d8695fb5992319034342dcafc714bfd4adac2	b98f84ff80478a7a8c04e2816e032877b869f813
4d0cea7a688462c7bccca98726aeaa8695cdfc78	429c22c3cb7bf40b3e9e7b96c78c4f294db40161
1176f1365ada6046b5a7391779b26e5dda83ecbc	67138040ed1173a9b2c1a34c57c71efe88eeb9d1
19d8d7e8e6adb8386bb6262731574f2252db99ae	b4f33af89938ac65e15708adab59ea5550df6523
6584dbaf381d60e25dcd4251c64060eebf5475ec	aba72ef6cb0c2c1991fd3d7fc879a73a2393631e
093bbfeb825b9d6292818c4b0062bf86d4298742	60a62d2e19ed7a85be0da805f4ba05c13f529463
9957f2688472f8d48e64b48589b9bf22e74013b0	cdf2f8646517e6046c146dc5f23407aaeb11271a
86f21302a2583c00a3c0290a47f271a7461a9ddc	c7b092a89b31ee1f9256ec8c899329e1b7be66f6
191e349e72893657ec7201fd3c3f18ec3d8defad	20da6844cd10fccc6c43b9499d628aadc1841e40
7aafcb67958953a1435fde760458ca54cf555006	3f52f5cb696f277d26c09361900d8df13151ae00
adc00034dd6714bdc0c4b770c371c0c070402244	e36953ac337c774c3153bfa5117bfaec94a101da
e5067bc12ffa72e34dcbb595faf84728fcb52926	20f62d3958074c59cc805b7a55a57e2f48e3ab94
da7d267be4a70654458f90902f3df8354e5a72c6	f6887ec9cf140bcdbb0c878215e7b56d94154cd5
d1b310099ca1c7adc0dd02f5ff5770d2633748a0	67189cdb2b5dbdc7f49bfb864e4f6379821ad814
068e8876c895e32adf0a9c3a032ee570d40ce204	789a2fa20c440996f9c42b2c1103e2658b8d7dba
e0727857e6f5dc77691a19f4e22d8647de5509ce	bec31610a686eaa1516b010a30d4105c9010fc44
d2e389f161a148722a824dbde97cdaf24b75ea78	021c42438ca09325a1647ca54873b91df40806ee
de580e958e6082319f60c0a5af2c80b6c8146f67	787554eb033f87f7f377ed88c4a97864bd47205c
4269e1016a12c070ee7bee3100f5d291b0b01aa3	7e88040c03b8bedc493993cc49acbd8c6f60d110
8901bdc90ce72add6a1b3ba7066dcbff127e20e1	9ef25be553487b70859278de1d9811d5dfd4fa0b
386cad45cfe7fa3ed1aabe458775ae705f0138fe	b63abc58710f19996cf0da817589371e68d9a045
94d8bada1a5603c3c14794f07c862fa917195881	422f1876a082d727b31f8363f14f5e433cdb133d
886bef488bc8ff718e140c65eeafb690cab4dc83	33c0b4db59e5dd616bcb187218872e19bb3a747d
eb5269b7e76022bab1bc864114bd82c8c0de2f7c	ddc475bcf3888c0d4bf646f1508333ef43ff91af
b9c4086b4b7d3cb94fdbf9bb616f38c0aaddd0c5	80ba36ca5dca392e4f4df45b1bc577de371e2d91
45badde04f0a2616daefd2f12c933e1cbece0f46	9b2e9a4b6c8b9f5fccd91179de1091ed8eae4bbb
999e1aa20a19b359a7e8c94922ba1246014f7842	d90354ea63077d7a6144e79b58d021a2eb339b98
7f28ddba3e453807206f191d402c1aa0b7daee19	45776eb80bce4854bf36df5f704cd242bf7a064f
0e0acd1c1ff8165a0943657ff4352d16e09da4a1	1aa4a453b1ee9d1b5a264dbdb4fc57794e730f39
1f75336eab5bfef7ff5a93db151239a155c12df0	1972dc0c2d49c65775752a6f00ab0961c564fc73
ad91fdcacfa8c0e923ec9035cf9e7b370f666cd5	fc773d2bfb69f0230d802955dd6831f3b78a1b4c
b1322b91a5a312dc57bc61af180fc566aeaf673f	15ab30b662fef044ca63003833bd87a42a5211be
25a417c517c36fcd78782b19cde47e288cdc321b	ea8ebed8dc6ae47ce7701ac65774894f197c8153
e72e16ac310e04f06b303cfb30f17c94c9f13dee	582f9bd0fd67e2a644afe6b8b5529a8a748a54f2
16af2f839e9264dc73a25870f75060d5262bc383	a87aa47e9309de93d9e0a46517b9582b161aad89
e8a905461c930a0b01f867bf54d46f51fc49d039	66256c94ed17ca0d0b773ef2e83bee7c55cf55e3
8a53ddfa12bd39974effb94a9da9ddd4239226c2	24b66bd96eef13d16d4a0755a121a37b50448138
1b22522b962f5c50cc27beb9ed4a35d93fa17164	d23e23494953280a19bce6d596be52642b3355b7
826b3d9be5348ba825a24199760f2f85ec9a9209	a29cb205c173b83aa72ebcd7b2963f85bd3e2de6
bc0287d2bad382b312c836729c8f9357f40c2143	aa5264d26918411a0516a1435791ee80617b4f11
3a504e2e79fbd8c57b110ad41a6f2e6c840db31a	934e5bf1a7f1734804486b0ead4a0f254480daa2
23146e889d36759d0753626ea069c194236cf282	8699cecdef8a40be0c79ac7b5225163cdc9955af
566971c5fcb7cc00c4b1a54b7f218e416248ddb5	6201827d692639ee95a7e60b10450994b778eaae
dde52e0f02426393442e843f928c47ec75d19b9a	07eff0bd6dbae67873c6c777b0353ebf09350715
cd0dfa85538b564f07fc013da7933910890af00e	a7275e5331baf2cf63565b5637bb7140f2340bc7
0f154d4ecf52605f5ba548f7d0c53e373781f7eb	b6648d493c3e9362790f7010f393848dbec08106
46a21f705ce1bb29ad184097c2ee683ef1076446	8778c1b3b289ab9f48ed0c9c076c2e37dfec6505
f9ce9e8b5327ca13e6b6758a1cfc89ccfe931b2c	dc60a8cf2ea84312bb5bd43545c59cd405673429
2f11a064d92ecb7b49edf6ad71d9732b1631eab8	d606fc0ff6579bd9a625e85fb674ab3c3a6434e8
fc14e0fbaee4401869189a09086f4291f7c2aa93	e2d682741b7f6563a7e720add430494500abcb97
88178ea92a4bf7bb6959d5e6ddfa652bd5f54df7	7013206df0e84cbbf98817e3f29adea0d91c7566
4a4d39384264af2df42efe35805e302675394114	09059b13cba272ee726262a4c61ac2c95653c079
2c4be6117edfc1f8b73332cb03a15a4c127d0b19	de6bf61c645502514ab4c24297b2b7a281f0b286
4044b9de744e3f53b0d760596bf85bfc16852598	8ebe0d83acece2a72864805007430c19da05868f
ca3628d1fd5c532a920f6834357d5b82bdde155d	01e44981073f6ed13baa5500c78a5ad47aeaa27d
dfb7e99dc19202ca6259c7dc29947dbf1b6869d9	8e4e3ceecb462c10e160b20d04f5974270a6817e
d6f8aa49d41503967d6cfaf17a18e66929d249d2	9c80d9cdd5990ba314aea01ae19ea0677b639334
96c035da05efddfba4cf06249749ffb049db82cf	a0021e9f645544bcad4bb4eeeb43bc84272bdaec
123272269f67794f545669ece1277f095f45a622	7ccfad3da50214ad4ccab9ec1d8bd35808dea9b6
dd0c8ab7606761ab5e8326ffad65bfc3bd7e9706	8179577b48b7d9e98393a60aac1d8ce6d1b68e83
e689c50c2d3b04156a0d19db128e58ad6ca71512	94e584c3b533c077265ad8496106cbcd6b386546
27ac6ca21d1666413b6e8ad15e3d224c669cecb9	82b1bf2071f2bc4496b765b0efc2b0c6840d3c17
1e4a3d9bb17663b1323a2790dbc5f3d7803af9de	2de86b55249f030e22444634cb0a0fdd4c50900d
7a800fca9dee20a1bce7e8cce37f3d984400fb42	f8f7f0d4e0c26f598c27f90953a09fcf19d8b602
e78a2b5bd543fb57c1baf159fff180fc4afb99d6	6fc8c3e36241bd014e3bb4a272f6f8a60fd73380
107836cf1c17d52fa18b8139c3e4222205a526e5	6892ec066a044c9106132dfa95dca9df29add2b0
65f133406fcb00dfc74afd098fe920d9511c8806	f147f210d4252223628f54bd6e061feda171f0a7
4765a186ae7f3b2e536d90a311e774f3020c9ec6	0a05a28fcd73ffa843494bae45551d212612ae3b
2df122967480adbe3f319c3fce229a8aaf4f9d52	f2bf295ab00ee2eb4089a231132d0e7af2315a9a
7ca90da23ebb08efff320a22f156b20461ff8ab8	14b8bfb648c6a4e917b170eeffee199c63d286c9
dab31fe481c1d4bc116d8f745d038789429b2a82	8389462f2a7179979e5554e19f02379aa9431a7e
08832a4c725ae35ea992fdbd6cb5297cc586a47f	e0d56df920897506518cc633f9c757df35c2814d
e0045ecf261539f1567eba6c132a78f45013af88	3dbfe1d774e437de586cdb944e54773f5d066ad8
8a1bd1e99103728aaaa4b0f116464305f4bf45f1	8c321646940c23f4d69634acf99596bd6763b917
913762cbefa1240070fe9a6ab56cc8e18a5fd9e1	1ba571630f165196b75859c4d81886452286c7aa
0b88135178ee55d344ac761f183f2d6cea411416	135a11abe8395806645ed2489fd522c00431a6e4
1d74b8a47bf178e32201b1443aecf456441f7a5b	e3dc79bd2cbcc455a8d6de909520e709e6bfb71a
f56a802be3688a7bca208169eaf30bf11b734d9a	4b802eb4d3b4dab014b4e04e1b7be3865f5e7623
2fd9edb678a26478565109c6de7c17656733622d	d652ba77f9c60acf3ec6acfe37cfafce838681d5
dc0603400923c40709a3dc8bf908d2a2c907dc96	df6f1fd946b2ac649a208630526a0888c7f948bd
a652bce08ac24dda535d6a68baedfa0368e842a0	7fc92cc8a0e7b75f5405bb141998dff52daca54a
9cdd3d5c050f0d32e097806eb6b549dc4db9b446	ce33e55ea78fe821a31c1347e992cdaba7fb4808
690b943b894c0e49f6d6d57d90744ec8f289957c	14288542aa1ee7fe532f85200671ffed78578405
501b5bc4c31f07f7f564a4dd8c6a7dbbd0fee76c	ed73b48ff7d3c2ba015b14d4c7dac7d4499999d7
8eeb6ebaea109bc26031df739167b09ecd30e9c3	55369a07f7f1e34ddd32855723350354071bd072
3992d4d9f1f5cddec8570e436a4ee6a4f204ca51	4cb060a2e8ba07f5de5b0274d58564076b0dee35
ab3b5d50a7d495e58877637044f1641741b356c1	6016f2b3ac9e1720af6e0a7776668a2497989a45
9502f6bc393ecad02e19d0479b0c1a09cc93f3de	28d287bbf1f0c0c945634ae149ec59056494846f
c71532b78dd1c490ab5a37b1abdd14d398b64ec4	445daf6b44b8dd39392d4fee91f4222326a4ddae
cf109493d93754297e5840095c91d1dada85057e	5351d6771942d89816b8e54c1328a057c1f7646d
905812132292865c7f56fc10add80045b6770fe4	95fa5b34686f61abeac1007eb59eba2ec1458473
c9c5c806c83c5cba26ce757e10ad6ea06608eeb6	75fa258edee52663876920e25c859dc371beaa53
5fcaa398d4f12c41c525f29f6807965f45db711d	aa2853318f556f844e76961181ad81ff5432d69b
01fa75f975e59258a502994b8732b7f82a3d7487	41a672f706826f1f2559f465aec7ed8f9bec8332
a09027a08622aab4a83338869d6641aaabf263a8	2962adec07a283d4cf94c53778b6978033a6fd78
28c635aacb931870d71702dfaea7b373cdfff287	06e4dfab6f70694004c75d9af7993b69c3526138
8718b1ca209ded1198a659036ff77ae6eaede1ff	11f9421f0ff60b5f0869fb5f58aa85b37d504ffc
735779877d0a2364607a3a82709f9fa7bd616ce2	4df5ec49b4c5f1eae2d40e877e1d244122b4a478
187da176fe50e577faca91604a2597719439f5ff	91bf1c84035c506a807f842c021d1538e8a97ade
4922b9f7ad46d60946943b6e4c65d0e275af316f	ce9c39b0a695b818a8b4ce1773a970b893c0f5d7
63e4e508e73c55fc331cc5e797985623938e7d61	366c44ccc04c334c3b37a1b7327245b257735d9b
f5fe1fb88e031369856a33a066bb738d2baa0512	402b6c1e2da0029d44a7852ff31b6809e5535960
2a5fe01406fc1366d51376c7be07c5a82c1795eb	4502425041dd3760ff15701f9a7acd7adfc22a19
0837c8d709eea05d44a8797541c48b3056cd4edc	d4190f40e871f4b965051a4cc0ff50290fd4de5f
13ad7a98fcb7141c20a0513bff38a2173bf126b2	dee37232d3512df18ec4451ac0f9c09df24cb14a
0e02b06b934be8bee10a993963dece00dd2378d8	069c6a78b416940ba32bd71ed69da9224131a8e5
30458a794a059a215589f62a93eeb324be79f279	7a9a55c4de512e871a8d7fcdd834a24574a1c54f
28814cfe75e0e99db6b826fa1d775a92082573a5	d85d1bcb29e78a88c924f533a2f3f916a757e715
621c386c3f6e9da3b4956ed5967d0f4aa932ed59	ddebf99a4d222fc8e499589e3a2595942c57e4f9
2538d6be850164ecd62e6fd1b437a1235e5fb55d	e42ac5e10f91c807c38d656c185992cc247cccf7
c8200440268f80dcf2b53573c6ba74bb6c5aeb22	3b7742a4644739ad3492e8094fc1888bf9a36a4c
57704e75431cf4d984f94fad5cc0fd5d4d65ddcc	3a0d5a129a532e6e5e7d44c2782d323996756c6d
ad980fadcc34f72fee6a75723aa582b83ba16908	ce0448a4ce0710d073227f5bed5687de03ad28a1
04df606ba572ad18dddbe131bed5788c9e7cf1d0	4372206d0b2372f1ba823a708586aa49c8cdab74
2ee805c07841593dce3b5a12363b9c29c635b9b3	8d5daca67fc9ed00eda02854f0ea421aae5e5d49
822991c643bca8a631c1d14866034c9be72302eb	677ebc0e5cd0d18969c5dbe6361680182afada3a
bac4993ae6b8d8b13db2d24fcf3aa75bf7f3e117	68cc5cec28181dc91d6b436eb8767891d9ba68bd
f9fed2c2a21e0b504757e120a242295387f59f8c	3c4e57702f3f18ad7490b6b8378242f484aaefad
cb56f52dd41b07f9f6d33fa016da8f842afd973a	05b86ae0247866467ba10884ea4fac6f08603cdb
965e101ee114362cc3398a93fcf308d470367582	111197840d76c23fbde9c92d14b1d8590d7044bd
b90662e3a5fcbf0c1c13a105b81c9a6b2d93934b	25456090fd12849ea77c3846c8e06428538a632f
fd74cc7139eba6e7166f9785636209f154d25a1e	427d366d217adf4926edbc416d03e7b854a57625
82d735ed5dc4f833a04caa52abe34be1bd6411f3	d51261e3b563ae13cc9dceaf907a2a92c5fd1f9e
e0dc82a429dac479347a47271472992612f22f23	095877902a70778dff67a4be966c8def79d50a99
a70340447ce496231dc13a727d67f2489649abd3	2ce44aabb37e411d14d9ae6847ea6cb25fa0d914
84461fdff962696a080de95c6d5fe58c2b8d3e3b	6990ad5878473ba5e01c67461f41a35497d6f7b8
4553056cd78ba4d2d81eb3234a41375feafe2a9d	7e8a36227053e5a238b454d5eeecdca05aa13cd5
99645e6b62eb655830b898f91af8942ce164c179	9989fb64cd1c9fdb60769ba6f54d8edde3ef6106
429a446289f5779bdfdeff25d61951712400815e	bea140a9ff38a0889f61d8e7428fc474c7971721
0e4a5b36ee53065f7207937bfe685fa7ac1e0ee4	24dc934651e47325f7368938823a068445523a96
13e1d96be24868ee9faceb261bdc4dff1fe915c9	e3f839f1b22f033298e4af62cf5ceba61a7aaa16
bbbe4f7290b033d28d21b9117f403b123c006ebc	13c047c7a46b58d88a8d7a60e5dd01fd20932a40
8ce2802ed09be43ca967b9426ba0c40ccc4e99ad	af84dca0fddadac74ce9d6977b3643da6ecb84bf
abbfae9808e5f344d7fc13753f06248e297e3145	95577ef76663aeff89144c672f315580f5de554f
d93ea1c5cd276040a4d1cba94469b25d56a5ff4d	bb85f3153a2b3cbb6047504ea3bad1cd5ed4fc75
dff0603c52d08a50d79d78129db71dc8afd450c4	9a45a14e280e808a036377d747ad6a4fda8aa49b
dcaaeeb007e8342c2e3184a2b54ef5e2f4d80d17	b0fb42fc43ff655e92bd8c5b612f7494cdd25b82
766a58b2ec10805bab810017bfc22b9b17e2bfea	6ad55b69afb2464743665ef9ee092e5e15033f24
2ba70c58824fb631f06c02091826afaab5a9935b	b85e89f1c7284387255c40bf7abbea8e94314552
31c5e32c8fb24f894c665d0bdb88f90fcf722fcd	6416ea1cffcee04dd563d7bff4fd8a13d6ce365d
7f3257905fafa02219a001ef25aeb718f3cc7203	79787a63ccdf09b3ee56d43c9d6fa8fd1d6b4e55
e6247b14cb34bf8a00ec6bb562046741f4cb5300	f90b7853c5a96f2d3655b2b217a533e64d77d7f4
10a2ffdac47e56d58dd1d2b5c8ca096a8f6e3881	ebe4883af2ca32f371c6567be1b1d87ad27b3918
13580df5caba21f9d60cb0e5249d88b5031378ea	f0ab7d8b814fbc7bb4fb0943f20032fc1ffea9a5
21527bd90f43663d48068e99190299217cd93fc4	4df6217f89176b19bd93ad0471e2b3347f4eb2ca
cf703a2faa4fb772160a5176781f47f3b7123d56	2205a1b49fdedeb5aa95b618713174df168b80f4
7a9027a3a72b0b9c1f5354fff7748ef91f9e0c52	a6eed2e8fbb30681922b847dc45ae4cc22628ee9
994be0d460c9b031780b0050eb5dab51073f2e2c	db4620cc15b03ec2705ed70b09c6d4d211633f2d
e5881578dd23efc725358d98e21d0404d21a901d	98cb743cfd41a1a73b3b5283cdad3ecce6418697
9fc32b4630e2caae5e47a2d931892d8d633ca44b	bcf590cec703e58fadb597dbe82ec56be154757e
9dc4890c901d34bc880ffe3ddcb0d37c3a035692	c8040ebdcd00ec8aca5031343c227665d27ad6aa
d10c8616a72b7bf5046866b0217c9d61b1eb4775	a7d260a1c65966a82819acf747129abee9e12739
b8ccd276784dd53662c24753358380735335c47d	5a5093633765c753fc36fc67281d9eb6a9f1badf
94c3d4ccf4bba1f9ec2d0b68ace55b4c115e7818	866b8d67538b4609a5b90bed03bb6a6a90aed197
54ecfad9a9531812ff63e96a1719bea617939090	f2ed25ac63c3c05fb45aba00dddeb2e30f283923
362bdd2d7fb9ae3bca3f7205e716ef9247682f08	308b25480806c6abb271818742cd2af2ccf9a923
693585b2d201d17695969ca96faea11e42b9c77d	7ed3c9a39eebb30344565add0b19b5a3326f715e
72b4d61103c4a42d884e40c08a0effa4b76e914e	444c6d654d810d612eacb252284b36b29b19041f
c41ffa0271ef669b6b14e17bf687f865aee4c347	73a275f658e46223321b024429ae88b76d9a9802
008aeed46338ba195ded53d9b7dcded456049e4a	f3d4ec9ea6df4ea7036c127a0d4acd0635b47d4f
c2e1b3d5bc302e8593cb694b403567d5a7a9f179	6b8c50331779a0e0f3ac345791d060dae107b9c7
78e643e220d9444005d78df9191cbbffa48fc37b	3b2deeeedbc63eb11dabbf07c6cb0b446ebd51fa
3e82e40d7f60b855011b7ea732c4a445ce7dd1bc	e525da9134f39e043e48bd7eac28fbf8118b8253
5c825a0c878dd1d4c16a96490da1aa380ca068bb	23a96621ebe8b3e21a75d50cde98f78f72810b43
2b63cb048249e560a8e4ead7e8104e78e08e1647	c996ce0e69cc9e0d4bbb1ea4bde6908d682f54c3
612b8bb424f4e14093cc22769b692078726f4e42	0646423fc716c52a42ca92d7b2d00a15c8804aa0
019557411387d17d038e8e551e0f54cc94456d74	23fc793f852bd0f918fe2c46551228c59f4a4a59
b05f68deb5fba098dd7155e060c6aa4d3d555894	7c92aafcd9e5dafa8d7890475f73f14f9ca78cd6
55b4c0afbd362b4c02ec371ce7d7a630730d7394	81b28831586be5f9bdd3daff784d33ada0ba85ce
8c97fbd8ea27d19d8e31a3d77dd26c3615cabaed	cacced35daa1f2ba6bf5953aa60e492eebc805bd
dcf3f768a3a58a3dbe20d3b7b0b18f279ae746a5	248ba0533ea07fa3415cebb0b33dfdde720ac45c
594f966dae3fca7fe4d6a852096ba0248e77a207	93bafa834cf84ca78f28a870b38c1028f1743ba0
47cddd3bbc0064bb55665fdd8108ada9c3689ee0	cec01cbd9a5a7cf1a7458ea259195452ec5a76f7
28d1196cebd65bf929a8a5a84eec4ffeb7eab9b1	cf4ee1f33afa922dea3b907fd633149f3288a155
79542da3a76dcb3791b70218f4811838a25ebf68	b4fcfc7762ce4d4d8ecae300f926c986c9a0bea9
aa8c83bbfdc49582091b3db06a764a42661104bc	3aca3d0e58254abd9175117686d86e838a9dc649
456e3ff21750fb008ce6f454ae1093cac9bb74a5	a6b4a691c7641a6350c52e0b3bc66d8d7ab42cd0
fc41943d563e2c30814322fab0f06657271283b8	f3c849ab9b223877a1f8a8e4e4d143bb65388547
5e031fcec0b59781b19e00b0347f2b0202dccb61	b045f5cf6302a97b7356d8f56426d809d9b4a152
591801c769fe87af6d4314e5a4ac21096794c20f	e8cd3ca9e3c0cca5728e72434ba8f3cb88a2ef28
884520b14b30dd12bf48e087d6625cf7e45ece59	e67c4f5dd5ef34b878458b2e4bde84a78744ff46
a878822c366dbaf3dbcda943b1c7f34f515f2349	2023aaf54b5848b1b3f417c556708f07cb003265
2fc187e0e42fbdc9a39f0fd88594e302b1c5a286	75c61c2bf882ba9e698e2fe34fadf9470d3964c5
82b9fbbee6d3e7eeadaefcc98dac45e53b6ceb70	6eff81e9f9c70edaae9c50dfc6d7e7359cd0cdfc
47b8fb4817a1564faeb7475c9dd0b15793986992	37d896d39c8798caf767665414c4eba1ce73ad75
680aa2e74d99a41506bb48513caf3de225638a7f	21ed3de4fdc10499ae4236fd4681d177aec85fdc
c81aa7aa5800457d243d21e563d4386f1f7db887	ca78caec6163a36342a565b3a68a4762d7156e4c
7f4592ff8f24dce2b14b805fdad29bfa716553af	6f7d6744f757a9fb10783d60cd82f1e32c4d1285
ae05890872128f68229acee2df98ccc20ccc368a	6f8c057261e7d5e244dcdfe50da71044e37a9f51
95fa51a95ff06e9ca36f8e217badeb40fac5a7c0	3f50767112d2f336c4f14b48e5ab5e34e490333a
2c1c9b037a4e435dd97bc4bdf2a0f3d4cfa8b3bd	040d281b27afa8474a1e226bed0afb19e3c21812
06dd51f260e7f38ac87dc7725a38d042feb7250e	0e4e6d8f92debf1b93c5abd27ea3a2c2ab585dd3
79997c05ab29ff30752326cd81c49f4dbdb69588	78bb556dda28d61c9aafb830ddb6dea3ed19aa21
ca4bea3d5c63277c6aa09c8796f7f154753c9d8b	7c3ab6a2835a84aca3d804d8f450242c7e684cf1
c887dbba334551c0e4389f1a59dfc841b8b1cc88	7943ff728c7a3c0729e6d5b4389fc382d63df878
a12b7d4a8febda543379a4835cd2b1e7883d01d1	d63c93a3dffa8422b38eaf72d19676743f757e8e
9cc6cef39d37957638858e99b069165fd3614b59	a57725823567275c6109168e655db41fe8da636e
e99b2853223ae3337858f7d2d846169670442127	930ff984846504a5466a0d31ee4fa2f4dfd0ecf5
dc4d1a26fa1ce045c659c5f14bf1c4d317d683f9	e32a6a98c867e00a77db02c7e6e8748b4f137e47
ef75d1b49cfbecf59d4240d59f41c3c71106d451	7785ece054eefae9c955e13836745f840ced64e4
f4018f4be185b3dbd08b99eaca1c179c76b3ef8e	f9b45319ccd6324c5c7ada3feb22b45fac2d4468
6818b7ddeaedfacc7e1a14f47b53ab2dadff0eac	cca797bf171a3e9778fb392538ad2ff92b619a06
9f52631439aafd75ae6201d78a4d77ee50492d5e	eb641d11493cd536f86abf21e7cef27667848b18
38a6ed5b1929c8a2b815066f4d516a7ef17d729e	2c75f5afc2275a418c122da2845dc3c0d7443f4f
5d8e3a87b5d424c349a57c0588f26e78b4c12205	823129e8e0a52f5d4d1ac83d818ac86ad6257769
f97e137992191417288778836640fff25fce9b09	1142362cf9cb270743b308bc63af72f58182bd89
3b95a5dd1127cee9c25f0236cea132d4ad6b540d	4eb74dce6ac9aaef124dfe34d396b16815ff0959
61fb6feaffd698f88e8da24a4e82edd4255a6d3e	707b571ad78ad44286d9880f9d4d0823655e11e8
043f7c48109a7329cedf9f7dbdfdcd6cb3bbb24f	c8d77b81d9e2c2b340d0967cd18c588cfbaddf6e
0bd8c95fdbbe17699784fa9b92cb37e31d3056e5	0e5fc856f93d552b023b268bfa476bd92914f8ff
4cc050174765eec03fcc63f797342b09496d1617	b8cf8f591a0df1f6cf4bbc2ea0a0a2198e7588b5
1a4cfb7cc8c9590bbac8cdec0d147d55515f9321	2e96c4292b1bae7cbc10d89c699da28e5dc468a1
b0503a73962364ce15e149a6a3bb8fda1535b193	0c595105c012f65d2c38f89a892ce18fdb4248e5
a4173d437dd96303ea3a3dfbefaa5b6c4b11f279	9ec0190007546a41fd025c4fd07b590c230157e4
8c0d4966e3126b3fd7df2962ed300c129e84034d	eda2c6186bf9df11474d9473bd53491fada01c03
9f2a7c05b8f23d82895ac330059842c2bd568856	aa5f198414fb802964054c73bcdeccd1ba2eb9e2
38875da2f43bc12449a624bb48250a8a4f1a1a14	f06aa1f5515f2b2ae8a14aa8a9dce49171d0dec3
cbb53095694cf06521a17a455c76a96b6c94ca86	7a5312ad21431167f9cc85192c389b8589d2af52
7a4438c49061e5d9a4a7c804e9cf35582d8299ed	c338cdbee7f51bbbfd29f9277f363eb072cc667e
1fd14e49cd3bcca03a8bad36168b2735a0e48faa	14717006b446468b8389d50790dc36602c354687
d938eeb968bec6f5c441e74c0d79165199b993c3	23be877c99ecafe64ab477e82ff49e4b46acf5b3
66777db6e86c3a6b33444a8a85d5679b41c0a321	9d9c5d22f6dbf8f86aea14a5a4f551d4a5b41d45
c87e54a820eb9f096ac080d99f00e345771b3752	66cd3b6a44e04085953013a2c4b853a04bd3a683
9a27ba89345a9d7921a606b4700fbe4e954cbfb4	590e9ed62292f1caea453ef1e80017acf26beaae
1e97f270c78e8b2254c51b4dfb0b2f3b80a1c3fe	1ebd2b91c3d0d01b517d42a6b24a3dfc25b3c7db
1ade74806fe68498a29e85848526fe85da45013a	f4c01fa7c1961a1260c01f57839b14e7490ae2a5
219a15903de6ec85d6df189eb0f1d458f7cd2d3f	5ce9faa4e0cb4f81184da7435b4619d826d45f01
71c16298c7b77e4daa7b129ad7f6f50b75e979a6	fcbc324886da055b02fcfd4fea61e1d8d2897bc0
267862fb455a9fcefad914711f91d997dbc180d1	16c2be6cbdaa03b149d618032916dfffd4c3bb52
60d5579cae2efe81c601770e34464561e125b646	d3982bf6b3a018cc2f571db667bb09b6fa6f12a1
e6067cd112266684dd3c2dc823361f58f11bb134	9bc752d5e198dc722b1f02d1541439715c252152
22241dca49842b77f2c72933aa58abf98b1e338b	6cafe36107d7a0cee0dad27ce274077899eff705
89599e2c9105cd67887d48d33a8a2910bdfee54a	486b862cfc043a358565fb8d455ab0e86df271be
116dac66a1f3553e8dd09ba6ab60009b3ca0aff6	e882fe88c69fd153a93863b8bdb1699afa59aebd
9f80a2cdd65eab8b2d5c88fa7c86c23667bd10c2	f79616dd01e8c49073cc5f81d3099cfb2f5f9187
2c79f6a4ac8617cf368e4077110920d94d33105e	02d4371d33b20e018cbd02ca139713a5c8248996
8e77a99aefff243d4bdbbad4ceacfd76edcb6f95	bed5da973bb10f1c1865ddd984199715d5734282
3ce86b754fe8434263d4ed99bc0e7c5dc5f0541f	78efb3d3c79ccdaba9b53ffc5ddad21e683c5f62
4b251f7d2f5cb0b43b0240254508f28af9ca4cd0	517109b42bc8f79bea5bf9a1cba33410194beef2
756828aa8b06266425c99ca01972299063ef27ac	225ed07f2c76c7561214f45cf44576cf8dcd521b
ce9aff8f822ca8b1be20a845944098e752b55090	39d774529c88f2f03f40d9bbd1c728f2f1d52048
70df50cfd6973d730ecfa8f3cf7aa34190e21e1a	d1a1efe9d65311828ae30f9a62e649ca1649a27d
dac1e50ba71d60191cf9f3855e8219011789486d	9283a0300093c2a169600b491a4f28d78daaa9a2
74215c157020876e704f23e2028310a20bd9eb28	0d9f01abd8ed20d401c434507f8220d821223989
a27b5563f616d46f80d1d7aeb07dae8a46f95d3d	2fd379542beda83a11adaaa0d9a5d3426cda1b9c
893def82beb8c7af2cdbc8def9ae394816a5d87d	f3292aa782df239fee060327fef1f0f1f6510156
335a1d8bce35153ebf6b9997f407f30b13cb98fb	f0573ffd45e6c32e3c2c49953cd76a6d4168a5a6
05f855b9f88fe7cad93055887ef236fd1e05e5fb	1d433e14af0d883f88955c18141c67b783eb6c2d
e521af9b22b441ff75cb9e917d1b3106d9786cb6	82c152e02412e0573747762ab0989431d48f534a
1acdbec520a7af787f77ffd41bfd83480fca9d8e	f29f480df037480f09ac40759cb0654cb08f0ade
8d09089e11163a539127b8c99a8566305077b6fc	88dea6594abdd7ab22b7b71ffa608793793bfe12
85bd37c484180683449e55599d7139936be884ab	e1e3870315a5b5b35b71c222f50a68915aa911a6
c39bf978acf1ac9607864862f7a9816dd82b23e6	66f45bef819c188ba5bd5887cb7300e5e312a99a
f72264cd8e3c663155f1aae616bec4974de63224	602f5b29298c42b8b3fe490ecccb2211ce36806f
24b4039d703072e933fca8b6da73bc50901c4fc4	9b1464211264f948b4b564a9a13a76381a2bcd9e
607a9af450e2c40586660a110a41fc537e3de5ea	f603e75d494a8b8f14f4767e20331b659db7c95c
928b46f875da3d5550dd52b6a35b4705241f76db	e3fd8b5f713d47ff1c1b5a2b4384646af1b94b16
e995834474b4ffcdee5adcbf6130c36e3dc0be94	dc5c06eed133735515921984f40f0a770947fa42
eb3bf22ed4b2e1f30e0f32c625dc389138c0d7be	042bee18ae0c6dac85d8e1484e1d3ab208bf9768
3efedc927130a36001737ffdf9577590686c1b3a	cd3fb9085700bb1f91f6f738be4a5e80b3d70eaa
6ac2b783569566b7a145644c457b46e3b496dc82	aa06e834ad4b51eef50c2f53eb1f40b5229b830f
53115f582388f73ae538a3b402e0702d09c3ce67	5a9f0a3c05cfeaa63c7a88f53e2b29a4ec073b09
5e5f8e98aa7b5dcfa16f0be2861662a37a1c1069	de5ba03c31c9ecc8b9e0d190de967bfd1500e99a
857bfcad74731f47f5c7ab73f0d550369d449868	5a7ab85cf601dd29404d414f732c01d3bbd86dec
f0016cfca4f9e78bf94bab5d510913a7a0d9d462	aec3e516e080fba1dd0e82220e31a69446f68b84
c1c446570930ef4dd34fea139eb42757b38cad3f	2449d6a75e261d5b3b3a8878305c3071a4c7f75b
fe2ee0ece2234fc4a9556616a49044cec9592209	a0c3f1815195409177e15d788d10cbdf4e3ca42f
3dd87a7cc055e2a0060e6f7be22c9cad6a25317d	8925e9eaa72c9113f910cfae68eaabee911e4132
cbc818f65bb6dd9d32b67a1e2205a9172565c2b9	d255adc0952de7ce41ced1ac56068d4f77403871
505c30a4c5ad631749293db437bed9ff8572e855	2da7de3804a30e95274048dd1460c2797e47a3e3
4253a63bad065382b3651ed9d22e212e12e75e07	52dd56791688e4ead71eebf1f9508f292c9035a7
7ec02660bb513171722089e3e48274bd498ee7bb	cf88574671a637fbd2c7064e29184b69f7775e7e
0c9745f0a8bbbc75565cc55fabf89fc642bcb212	19365145c959e9e4eed3d7056902954e2af91960
88541557e0247be5350216717744927d020f49e1	b1d75790dd571dc18dfce913bae0d67dad20d15f
bbeafb230d00f758ef274b33dd6b7a8fd593b572	3028086c31130283d6de3a06b00c5b9daacaff31
b515f9690c5dd704fa5613a3dfdb3722e9b7774c	5bdbe488b698daf6fc3de0ba8136c31bf2e54bf5
f641f9c508963f49a5efb1511ef8832371c3fe45	ce872b0fe0e1d06d15ebd67487e1641d834c548c
d7b322f0582f530549bd4967b34f59b98d932eb0	5cc6e6777577044fd8db1eb0305f7054c2071fc5
e913516b12c66c39aa5bd048ffd0d042e6985429	328c6b5bfb2f5d6bf5e54ae66c2f6f1669019189
62b681202eee293e782fadc2b1d4cd327dadcec6	265e4ac5993eca8ff64c29c5915d453614424c9b
c3410389714c1767dda49c20bc25a64cc4987809	03a2587825850d6a406782eaf0b4c6ebf4e60dfc
4cdc2f30ec629d1e7b6b21087fc30645fa239495	fa9881ef7622071862d3f68080ba88409fc6c74a
10857972068e3eaccfc7b4dde4995d1e5cf79920	59145a2658f353cfb211d6629a5208b7b4f38528
653c98217c0220547ff6aaa11ea1f0b681b74023	1f7e6cd42d6cbc582ddd1f07d90c6ddcd6d1a852
c8b1e1a57b371721cc3b663841bba76e4508cbbd	028b16bf437d897e237b864bf933f5f143a8ac03
aa6395af45c9d1084c5456bc3d46bf3c62b024b9	bfc8a41d5915c8d9fd3eb834f184e75f257ad68e
b1a6b394900f65b3650e990ffc6b685fd7d186aa	c446805db7d276c7af21e309c85c0817d1c673f5
533ddc8f104130adbcde9edeb021b3bbb7c9e334	7a0b285fc81d004d69c822b7e2206b9bec30287c
ca5df7326e66f959aee7a64d261f2b1d1f45bca8	e60f292cce98bc13f9094963ff088de23f38182e
1076cae6b8e4967c21d701c3301dd451d408351c	34f08aeb3186c629f8c3e4f42630e7653e5a2e4b
cb8074dae93aab51594e6df74a8974bf37449c66	3810414555300672d73bf941092859774d5085c4
34dfe9052a46061d266a0e2ecc25c1ba7b34e157	c7f171dad1735fba96ec81b17ee27ffddda5ba65
58919515ceed90bd190a0314f8c80f23e5f51c77	633fab3514c49689f37bc4f030c60e391373db0c
ced239d8faac544c7f885b7dc075e570b9a23062	a7ceba14d665fd8f9eadc99de1fd4a8adf010bff
72be84768e61c836c2a7d344d1153fe7f53d41cc	6e4e0b964e3e6e3b39301d8437dc3b12ea340c37
50876852c712f07f4df3ceb6a9af8fe8fd175404	92fcde31a1fec61cee5665a468eaa3374a387150
236ac14bf3c34e489f215df1f2ed7b61156d0f6b	713fb46a4922297ee97f813342621473041feb00
7c3fcebb1e610fe5afab489efd793fda1a563545	78b4e940ef7fd2fc8e878774c444e0dcf1c15740
d11d6c82646cd9bc10742227072313e844620caa	941fe486cd4c7abd3e8cc79f3d26a373bdb9fc5e
98aa70b9cdeb0df42a57d4fb98ef5846b3b88341	15d20e75b41777156ae852945980d8916f8ca36f
79178d9ac8ef45ff8a46a63cc75aef37388de4ee	1cf8a100ddae6f82ef926b35162152143be399b6
771ad91185f4f916efc0c934062931b0ddb0a7e3	b35966ca5fcf3f6e842cc5a4cfab271467f85235
6101eeb7fe17c92143699aaf3095e84eb90500a4	e36c53c6c4af110a64b70db8a4014ef5ce9b4906
3e9fd6e353efe19cfb560ef2037da97a9c864ce1	2891bce50b045751faec973ee00e11f6cd7d287f
3749a0f7d84cdab4b0485c4dfcc7be0a729eb1d0	238acafa6988e3130e4ed9b7217bf93e704416da
2355378688ed0dbb5146660df61622ca97612478	124d3a843ec2c2fd97410717fdfedaf160a90d73
17dc060d97d198ecd0f1f4be1d6a37de8ead24db	af1f0a1469ae4a82b79639721de39616937cde2b
1c85f844c826641a930dee6a08061fc7b4a7e57a	7d3d0a24e91f181726de8e7ea6d63370d6a75d7d
d94ca0db12660c517725ec28b9768d640d8ae8f1	22e8c4510d5488da34e3ce2d40e2a7256b188bdf
06b4dcd7372ec6a7b3499d13a2354a425ff86aed	7c2e957da99ab88c2d0b38bda03fd88f5898d791
37b1c06e8b8d078c66a7e54bbfb480c3fdba299d	1aa18e38cab8e77a557054b73b04a6ca6af935dc
7f337b8f12846680553c080d99e72e32bd7ca59e	7caf7e69de01d3a4292dc26f45d89c2d96bf9a27
1fe3576bbd918fe065da3e086c7d099a1980dbc6	067002df78ede0ac28e0a905de38bb97d2dfd50d
16ff2a10710f84ed76d3e46a890a4f41cae05662	5877f03519311574022abc808501d9497974893c
d43147a14f3da9fa986eddbc64a4a81d10887731	096844d537bb575e16a31b45ade85d427eb0762d
807125f00b9eb613aa437759ee3150a34575929a	3754be3e2aabd26c904f9c4315f08ab30b18dfc9
62e9a5ed845d5d11643af2b393fda95617772971	cd78ee10187614c78a9a90f38774bdd847d9848c
0536ecf8e6956ff4b03231be75f157848848c9a5	b58fff1677abe4a323f538760e889e85b927849d
4c83e577168d155dc1c79f631e7b618adc3abe76	9f56053db2260aaa20ac1de1c4c161860c6b273d
1a2fa4d22e3a0c9e8437943039ae071770096f78	0d411b0523fc821642ae70949d76a5a8a55bc5f8
cab8a7bb81cceeb6b03ac247bb9bcf8f6aae269d	a743f35481949cb52afa1c8dcfba666cc57ebbd1
62c8d15a24215840e5010a332bec2a7f3fbcd60a	3027966263415da61464ce384b6b69bb026ddfea
748d695efc23ff6bd45ce82ad32891f09e71cff4	1fafb27656f9d762e0a5dc9beee42dcaaa5205a4
e6e20e9d12d953ede8dbe963dc0f2f927c065c04	15c74510653448ef192ec3a05c19a8b2287b8d70
7a417382d048610b37c5c0bca2d0e50c0002e65d	273cfced64571604bf8f291244c227bc98acf472
7c106acf643d1ac0fc482169258153300a7798f7	dae2785e68988cecc18d73b7d51da76d01a4d95f
b0e4b213d29991f5ec146e0997a9340c2b8be977	5c0b669d08003332c896fda864126542ad035ff1
696225794267e5ced5e6197cb822a888e7ad178d	9efe0b307a918bb2b72cb41446ab9fc8a51de8c5
0c1092524be1202ba106ad516c12889083be69b9	8d02ace8f613f9a8324874e43c470c8f97a46e86
fa28a93c0e548ca39a91e717a065e8cd0c014eec	62260936b54cad519cd13827c7ca6e89700b7a3e
29e1f00d0e1936aa09e701ed52d03c1ce1c9fe22	3335dfb99e7ab7bd08f1eff0a6cbaa0d8e5b67d6
436f6be8314a1f6249e14ea38812fdd9ae50f16d	015d4c4a7d0f21baa5de80bed73fb21779f0f28a
ef371259e86904bd2c0b75cf7ce075fb4701e438	c9a9a5445e60e096e3c692f182db5f8c5e4ceca8
323feb62f26a9654b81058e3ea68fb2469f7b498	169a14f7b62d3ef79f215ce89f40446408a3d86f
81c9d230fd532583153f7b984d94e1f13f0c41b0	b6ac6eaea1fbd0db7595a52c6ba9c4e61a64b382
653987658905bc55e3350da7b63a95e0d4524e3a	a75bf48985ad4f67854db3de7e32e307229665f5
89a0bbf4190ada1f1d791995a34275654266b853	2466a32e7148c6dc1b2ffb828a46ebeb240d3c12
38dddfc1630c99cb8c619a1427aa253af2e965d4	f515b237eef62c6a5a75cb02c05ef7a00405000b
aa254cdd04a4e00699ec2e14669c034c0412f285	8732c7e1e86feefcdd540e622214d95213f564c4
32382ed04eb9e17cfa3aab6d6bba786a9eb4bdb0	f10b42d8d42231d1a649bbeaa4bcaeba49b8ab65
a162156a373b1532662b782005fb2c062e1b3a1f	423db70aec81a242d719550fc49c3de986e75368
75ede349dabfcc2d7149912a581b83795e2816b7	45c0c3614b082f5518a74daf0c9ae51c02b2e268
2d2ae7089683fda31183467cd29eee3c475d8d06	63defef30518540592f75af6efc831e77d097666
1c09f0219de06bbc64e2e8b386dc86ab67f56a41	1d33642854e9e4bed1aa9535767d0f265d9b3fcd
2b1918ae787ca42d4b08d67dc39bf9b7cdbf2041	3046e78cf8d66688b95916486ce3c83b68a22574
a293f66dafa0a691ee13699b7dae5a00e9d8f4d4	e2ab2705823a2afc52213fea56756a2ae8c2ad78
ef59bee4df741179a0bba0db30ef009c3f9e1558	1283deddecd713c296671410a2c2dd414fed1da1
98067a168a3d2d2f66b50de16dbb6fd200e51067	fb8b26163cbdea37388d455c87be056200bda6e6
7a4caa4ada65e51ddcd60bb3e84a2517b7d4496c	d86b76fe93310c5f85617533c7a03a3d4b904aba
b16cbf72b227028dc3ae5a11d342176ab9cac0f1	4939723a2bb73903753054ad23445e39948e77ab
3b3ce64e9eeb709154e4fcc96fa6e49feececa6a	82d1e39f9e474facf0cdbc11a0e729ea172ee2c1
7e81d67fd36d7864051371c30f36fd380020ad4e	15a9f84753ef3b8b20c1354a2f01045f01bec56b
08695cd63d3f598c705a8bd55cd24c2097869e2f	98bfb4b93170e949100eb977e79953dc364d73e9
52de7b5163d9c56224acfe037cb1edb0a7ac1701	cdd98c65135798306eb27dee52801e8e2de46577
bf8e559db3cbd7dfcf74e89bcc6cfbd9ed11ad3e	2a9b63fa99390326fd00ee43a9ae10ce3670eb91
6ee7e02ec74c53d49ed073b36fa48eef3e8d0ab9	8c81c69965c1191ec7f49bdd417097c6b083995f
a249c35fb3f7779d5f53bb025d8d3da14629e4f8	5211a188950abdfd56e77abc5b13bdea96585542
504c27623ae2b20d7cb710323715f81cbab3af01	0de7b3eb291821b11598906cda2be2463ef74e7f
b4c70fb082b2e2a3b87a03b23796ce6453d42ac9	e1e78439d82857e133d9691310fe1324c8bcc998
5e61d1501528914b5df8208488af9cf5d143f1ae	f716d7c85a626aef5b65364b3e5efc44871b1b26
5339f6045267f7be2c45dd189a79a1e6b3ab7937	6e9c297eca944cedef537a528adac46856437d58
67d93a8804d13ffd289b716493ececdb1eb1294c	f36fc15c0347df8f8d465c4406fefaf3ebaa801e
09ed20be0bb66c8ed4c042923959e25bd0ba965c	c0a9ba9475901fc3a351e587370d74a18816abfb
da8abdc73a6efd2c2a7afdcd7eee88d59fc42ded	4e6f68649611d1eda90caba6fed63338309354f6
82ff5e7f60ac4774dc4da85328e4f5882909797b	61a6756850057a252ca6d55781b4b61038b3b18b
077f6f54677daa878fba0198130404c56e1bbe49	5ad54fe13b9406cd230064d7f1c449c365fa2433
6ad7c7d0b67ad65b6ad20ecf7666b31ea0f3aba0	399466a2184309931c2ce59e7008791c329fe0ad
dca8a4c54d131895647908a06c75d4783e2dcec5	b55440b7d880f75188c043116b150db4adcc02fd
3119680d5325574e126eb210ac5ac7d5b6c9acbe	241ebd60ebd233aff76446aeed055f5af9a74fdf
25af5b2c9ec47692c6ce539af62e4e5b7bf6f476	f3978ce0edfdb10a667b5d3551cea7ff544aa44f
45dbe85ef7b64332135452862538071692cfe931	9c9a510ce79f21b112be88e63c48060f80f3c8de
5bf8634e0c1fa878516bc5d96135e03a507da034	254b00ada51703fd184d114329babd2f43611046
ffca2dab39a2e0c1af69d72655233c99deb4a885	faa0ff096fd737bf340be03b128d2b8717db302d
3d87df9ba3df74269efdfe6514b59fbe36cb79a8	115d8afde07fb4a2f705d44201d55d6a7a3896af
6bb07bcd7ce22ca286b6c44f95d2bb0a7e012fe4	ecf9a13c4fdb1c1e3c8a7cc96f93f6b8cee2225d
b8b6c545761c1434af08f53a7718b4920dbdfe6d	4005da215243dfbf56e3cb0fcb7b0284c9f90705
2b8b34fb6070c8839090cbab8d28c7c80b0af950	6a0dedcc24bddd32df3d69713d0cdc5710bc8b61
3b295009f699f77f78fd7613e3bbc4650aa62c5d	f16b7b428a30c1d10ca7edbad80d6f289a403022
a38d93419a8f7ad3b2f7902835adbbf49af4ab3c	f7e00af77f1bdb92a6a8e50afaefb53ad88c5fe7
551d37724924b51c163356cc15d3c16e4125b7a8	ae21ec9394e07745d8a9181abfb16cc724ed7b89
e1a6e50f3a9ca00beba413d58e4727eb6cf85f39	c4fd8b79e581f59c8513c21164d31248881685ba
a6b811d5244ce91119cc7de4f0d0d7f94518bafd	b0488ef46d03e72bc2c30fb368782816ede318ce
e309100cd76a71f7435f3d21a2761aed897047a8	90206a6baabd8da80bb8d4b1934cceebe3daf322
1589f0e05ac6d8f8700bf22f1c2e8673c9476c42	5be2e43bcbc630408b8a7171453e75b187bbf186
eac8ce8b90a071db66c15e65c0410157d5cae984	2f58a775944df729ae12abae0224264cf9150448
fd4215abb902e84b74fb5eb9bb463abd98da2cad	9123476e1d1ebee53b886e040eab2cece49e0b2c
db787e5e0ab7e4d2da6cd863a9b6534fc73f354c	4dc594658703c4a0d86afc35d9226f4e1f0b6ea0
0fe4fbbad4ca8564f27adfddfdcf2fc03781aa9c	62534aaab01984230165d7751a418fdae1814594
29dce4b878b8910d1e1baab489a616069a81a507	0dce6a2ac638d741a9b11f41e04d7c22a58ff84a
b10f5a4c7f72d2e6d3b91590afe8124c6a72beaf	bbea5d7424d22e92dd8afbe66d7862ef85e0339e
6fedd6041a452cd09d337df1c6ae8b24fc360e56	8664b118c6c3ad0b6de15d7a87a9f37ba8fc5559
811faee70473d0422e11db6cebed1d69d1fa15aa	a3c563f43771c10de127ba95613ab830d76c1181
fcf0dd529941eb4859786bcf4cf1feb3098f4715	ba39a3f19e9cd749f2d205ea2c868c687f1edb8f
9b4c51b03311f2ac9a3ebd69598a7cb8090c4dc1	b5f506cc5f25203c746af39411239b138fa271de
98b0d139c388eefb2d44935655b3ef6eadfa5a4c	e4575430bc3590e711f83289d237d3045d4746b4
106b438cd16f840eb2f255076170c801f7c6ac01	58a856bccba14e885f04f4a5ce2734c912f16e1b
5a680625d2bbb3f62ec4a635221d92cc1b3b4303	bf2442fda701e764b40dd222ac4952e2fd42e1eb
c42541f24cbb5c51ca60da5f5fe1fb41ba3fe6ae	5899ad28a36951cc2d461a65a1101546262c6f51
3982a4ca1c58107c93a6c406ebc2911a98a2f3e3	2e66b355c996a39c9f8902470cc8c4164901b710
544a3e59c7bc4ff96eb312d195ad1c7d8d7240f9	df373683ba76cb7f7dc6c5e3f83bcb0d02ce2289
b319da5060ce9f005fdf4aa277c22c9fe786be37	d95f961debaaf33891f908f698c83957bbd147cc
c8a884697a4850940e079e804d51798b41f20d49	3c6fa643543f4a1195bda1990f870926bbb827d5
5a4c7b887b16a626f84f1ab259b8364bd7960203	f1c3e412114f03ec1fe8eace361481a921744b1d
586af0457ced9075664747726fde9e293b513bed	cd721d3feb7c543103fc07e817f0f92c7334b725
32fa92b96009f3e8a0c5096350c5b2a0112f8ca4	9670c1c8ac70dce6b666e5a7288505709ea2b148
394d6e2e132e4c341c8f5fa0ab01915859341cba	9cc772bdbaa055fe395429b7a8e47888078f2bd7
fd1dc7e1ead5d4ae39a92b5fda4c071ecf11651c	5be7231477afbaf83ffb8add691d8ede8f0cd52b
0ee017796ada914133f7ea14b6d09ca00781eb3d	0918d224bbb522ae7a58397788281f8402888be1
659928eedf000390566729d716d14996c65ffcd2	9cd376103b2d5ac661b71bc04221128fd6b78fd3
4d78ff1bac63c78adb43ff085b60f63d951be056	e10c58b3aa86937248ffd794620e1a2b86a31129
4d6a54abcd69831d0f0b9ea1f3dec7e49d8cc373	fcc7e51d65686cda4bf2991245767868cd8290fe
9a10c61fc6d05158fdcfa101cfff9fac9ca834fe	1c4662813ba7dec87731e16ec8fd0a1b66afe356
8e586ad572654c32c2b6f0162126423c61a164f7	d16409522a5e8285ffedf997671b6d5811ac6948
ae096bc6eeee8e072d7951bc3596cdfd6cd793d4	8ecdf96bd87e0b63505268a7c8a8886fe6ed4cd8
7e7b4b555d0168d6634f44215fd4d39c8e215eda	7608efed4c63bf757c53887ba46d044a9679ef49
4015b2a378cdb1b10fba703a2e079fd6773a3c65	844a0854f2747ad1529c74b5c83730fe0474bf7d
b62e4468e4af15b9bbfcaa85d42cd381c9a28419	fb8fe4879cb4bf01d6f9b8b1a151746d2af8e156
9f9dbbd519998250d0490b6d420bb5d5a83a8f5d	39c6a9c0060d5446f9375d7d3d311d46bb4d1f94
10cf594013214a18b7c11e32400f5d04c4844ac3	6b492a8dae33432c4534aec402c22aca8093fdf8
4be00de41ebe5ed66108fb2676f8a20c742e0f3a	e42e974bf1c50c9f63e5757533d256ba4b8f6ec7
dc1a750fc2e7a75c086994d11424a98c0397f348	3bed91177d29d95aa66fefad3db5edaa7e569fd9
508249edaec3cc4533ed2e1e2416794f6c0aa673	16d3aafb6d9bfbfd4a58b1b81ca5e6d423bbe9f5
8a52c8960a06e30559a6f2d9415d19d8dca470b6	6bac378eb305b14ff053eb68a4a053976be67558
7fc6a6d5ce9eb2caf26f2c7d8e317101b9485091	509f82f1cb8f203dfeb1b8ec88a0ecb46a3dba6d
c2e889707fa60a848ecde78681d050c16e216146	122a98795d2648d8b3d3082b014f4b354be04414
ac791a4f4d44866d8e7c955ded484a455490595a	6066d4a5548debb7bb48a58bbdca48a5e510f158
8c9e4e62228e8827370d7282a0c3a7c2aed232a4	8fab783ae533c3bda4ac97bdc17cd474f4f0417d
456a9d0ab3f0cd5c907241d43961e1ed46f904bd	7cdd34cb58076db5a029e3886c6e77b05bee69e3
22c2c754a06f173250befdac9d7e6b812ed0f564	79c1fb16f618a2f89f49808dc930601befde1762
385fc7d67dbbb5232006c1484d5ed0aef81514f3	0c5dc97d259d5d39617dd2b3a15a5c3958d5d8f2
1f85d69052c008e268e75679dbf0cde0a7a2f06b	f86aa8fbdb4675ae5329cb70f5b8b12d1531bdfe
379ffc4b3f466259696b05776da8144b846fbabc	2662484ed15695081256ea8f0722739e633fcdb6
fb78828ba26c453ba8788b7fb112abe87cb13ba2	60c5485cf1559bbc2ebe96634616a244b9cf3040
1586134c117da21449c0ffc35bbf0858625c5887	5f9490d4a6d58ebce24ff6448a52957dd75b28bd
979da801e4e3fbcd5458e04684a04a97fd3d0a06	e91c8c528609285ac1b3369c4bc8d06f6e78dee5
182207da0dcd08793e57c5b51c0a1444cd4cb5ee	b009a0cef82162df9f1aba4fe9728968079834d7
809bd70cf2ebb2ce671c45c5698f9fad8a2579f0	2cef000b486ffa602d701b54a505350dfa671871
d9441728566bbd7b74910882b298088066f5bdfc	bbe6ffd2f5358d9813f4190a5eb1c7374ab4b8c0
547992fdb08096f8956038ec1020eb98b2721a9c	1aa48276fbfb0c744a1b049e7c49604d3f91373a
f9c2dce21539b6aa6b2baa2ca8e7dbf54376afd3	aa830314da88b47f4a568b4211f1a83071cfa6ee
826b82f09387a5a8fbe703cc86afbc9277416d24	df0d7e85e5340486c52e3066e196211151131f41
dad185161cd060af0e51a3c87c2093611a86f667	3004d5229f5fb81f22333c3c6153084fdd841fc3
e1af6b4a8456597939ef64b29b8aae9f9f044f92	3f326eb721584742c2a16e564a168b3985e7333d
5b7d6016bf1f24c21cf6def21a3173a4db50ffe9	5c4d7901417d491563c956fb4b7ca4c3dc530e78
036f63df2370deba8406241f2caa3b8d2fcc1d0c	adde78da1ec7664554b7c4bbca9d7564dd3beaa8
bfc5d3039d3b2403d66427712e0f8cf3e9c8faa0	c8315637e8f7bf76450af06b5e7288c8809e4205
11b32854429a3ce8fd0f3dd0c1c926584e243544	3f5a276f16413864dfaff2f701001cf0bb6cf9cd
2e890f4adca37dd1f8fa624a4e12a9e4d3ebeac2	5a9081c33b40a2dd008b9354264c52753e9a1f92
d691c97855b94cd2868e71af29bdbd55d75a7778	e93f7a25fba1f6bfa0b9ecec42219ee07114562a
c7d0d3d638cdea40961e13d40059b7c8aedfed08	c56bdcd8f2e3c84efbb57dc6c335adb2acdf6bce
ab3af460366897a3e3924cfebd7facdcbea87a10	1d404f67fd37686b1a1440bb36f441413f8c811b
6f4467ed884cabae54ec830a7cba7f5c6e854dfe	aac0811c75499a5dfc1db3538876fae3ba4d98c2
883970fa29543aba83cc462569a21c8ddba4d364	adad307699d5584e889509a58d46ef56304649b6
f9b57576389d2eca81da7b828589e6692f55f9c4	50f338881c4e62efb1cc5b9ca8f7c764691bfa8e
f377ca2d98de8586c3113fc31a9ae87e0d593d0f	57b55d607d19ec5d659b7c5d655a083849338f82
74059bf7da25057fb528de9bca9a85e48592ecf0	226389906ffa0e38a81314606dd8017b71669af0
2f2db4f04cc472fb835ba9bae88ca5de4596cabf	355855c1e3c54db8d9901fc28fa6c3f8c1ef3752
1a2394a2b746d126211aba0d3bf3008031ac3afc	925780764b5b8d8e4e60d8eb53028cfd91ffa5f2
0c1785af9d67a6d3f8fcb569daa55335b5229154	cc7c0530f76e65d44af6543d94f99bc9962e8a8b
7c51a146803bada12dd7560c1fceb89d879aa8bf	2500b836b7248b06dcab910d516e836171005124
62bb0240249af774c36dada95dbfd1754dd4e1a0	4a1960b6b2034cf7957225c4461e37fc50e85aea
c3a2246ef0a3f4438591a9f8130dc5cbde49b6f5	b714c0368e9213d2867495fc54778b90a8244992
910c499bd9c1967f9bd5bb8f94f9f5deeda5760b	6a28debbc06397a2070bbcb2da2694bb87a77284
59c304b88493e9ae131d0e49ebd7211f9ded1b29	3f6f22937df7f28da769afa9ad0a55b9eb6e8fed
d7733fdea9ca1dd6ada9be8c2543189e4dc21bae	77f573b42c75dd6c7d531d1d569a47d15d365c33
e60df11987d1a20f16c4517bb6480bcc8721244b	bb0092454c4c54963d89d9f7c2e7dfaa183e60a8
dd245aab298d140f84cd1795d727c90a1b9f7ae5	875ccd277bb1d87674fd10a953500ded8447318b
f67a12c656c38ec936442a93c9ff3bec09481a53	dc285e501653889087a7b0e4bd835174efcd51d1
01e979eb7ee097fb2430f8eea8bd3f3bfddda726	9b6b5047c27a0c857172679fd1113c3425298f51
2a4666d901f50daa78464a55ced114d47e987ec7	c5ce4e87a3963bdb3be83cb7385582bdffeff875
8ea4ccbe8501db0809c77addc03433b22c60e2af	d1e90a29259dc880de7460f6500f775e487d22c5
7d6d66e69ea1de64540f0880fd73cbd1898c2986	e87eac2a656a7d6d82754e28cf672f91975b349b
7761e1178c59195f83d1dcd9cd3a0cc9c1c4c312	62504e7860fc2d055a0b70341e7fd04cbc4c5cd0
fc088c39d81ed463c00cd502ad1c973890cda395	9c010a978edc8e1edaab0bcc0b406e6fb3a9d9f3
d5fce9e06deca9119eac3c68ab0728770559ee1a	050ca903ab6a2bc5ffd7ec6781d387c1ada82b09
ecee464a57d4e0d2c5b89dfd048db262c32d9143	5907f5c0c8d6b6049a786741cf826f490fe0d1ce
aac2dc9973a994d20af421f26236e504124528ac	9085f6af9a4fc5c046556422da1fcaec5aea7306
ba961d406de93f63013ff71e6e56200b3e322012	ea9450ef8258d45d4e96cc5ecc690b1265d89787
084e5329e604bb722d593f69e26d032a5011a47f	3375edc60924964cb727f648ae42b3e0b880ec33
b7e29296eb83fa7847ae85e6adf3457213de9924	6764c88771129d5737d08c660e1a70ade4d440f7
3997b8291a5e042f549afc0dec815757df4da626	e7c0c492e990954fb4ab4c629802560c59062533
a53d372643c5a33cdbc0141bf731f4e76b72aeff	7a804f56816fbd1083168135404ed724ba25793e
ae1ab6615d13d6707bc6b1ae23d3ea08757158fe	723b682e8e98d1ed1591097aed9c875e7cc5f5c0
ef11e2878bd6443951252ba3239d00f7a9ae4244	e9621a1f7846ff5e022eaec3d478698bdeb1ec44
a920cbb0488ca5f360177f755c495eb42fe88e10	4844b9478f0c443e24dff8cf1435a7e93c0e25d1
b971a435a0b0a833de7fa7051729633e109eb971	290a644fc616900cc2f65d34a0afd848579a2b25
501d933a80ed2be5e07c49c9141c96e36651fee9	476b1e2d5e2bef255ad76e54e7ff5e0eae9da745
2ba4d1a02f83d7a07720231a817f8b56d2a0ce4d	6e721261b8a3aaf70bd980750fcd3bc3225ab081
1b22cccb59a4181a553d4df79240e87a67ce1a92	6c3188d70547f8951995ac808f2d9d35448854fe
15a6d88f3a3e176606396bb82913e281819d0042	f2eb0a342780e1e40fa2db645b3a9d5a6e9aa2ed
a86cb89c8515dbe918697eac0d2f9fa8a4db0af7	e2f41975a5786d7ff8293f5c1d8da75ae5f7fb5d
7e7c5c8ea94ac9921ba0361995be41913c94dfc3	2fd2abccb621ac61c95a78d54038762baf88f79c
c4c9478b6a1fd64a830ecc987484448373cb48cb	2f80a54ee9f41d7002d380735b89bd6e9de3b658
147c34d1caffd1694fab26779c8ae39da8133aef	ae296bf08520ef9bd4a8cdae52c5ef493b59c128
99ad91ce291e1ba75a51ae3b949176ab66239398	f8a8c63e7876f983d7dbfbd6780a59bf20caf3db
42dad7ddef48b4880dc91f13c7e9f5782e3bbf90	b744fe6bc2821fc449de3d6314d3a71cb7b476b4
1d569833e2864366c99de5cc74d3924c8cd795b2	797037d831e2c1c255c9fe34332133937b6d810b
faf4c211f9dadbaa45c38f3abc64189041bb781e	7abd8e2e555a29781b62b91669b43d09063bb810
809c6b7c643d00fa80e85693e0b0e608c0c04e99	50ef05c1d6563e2929763073402f2c6471829789
0e35ae41d3bb6466dffd9e4ebd61a4a069613a4a	007c4fb4ca17ce225502e83d5f7b13bed1a92e30
f3759c41fb258626f87642d3258b809d2b08a677	90cfbd31b0a0b1ba410993f9011d561204c914ce
c8d3ba5a8907492520c1397b0e726750284e0dd1	4d6d87b284b711daba5537601ccb3c6aeb0f5c48
c134719b8ce1749ae90041659c52f1125c688e57	0616bc2cb3c8f417ef5b3286be1ee239c171801d
813c729c3ce466faea3d7c52a743739d1b339b5c	e503ba4c0e1cf32f946aa3d2e0706b330ac7f8d4
32d427e44a70f4b5a710877715e6e962a3bc9118	152b2cadef789b85b183e4832a187caf356e7d0e
f9b26eb1128ec0b69c7f58c8659f9edc5c5df27a	427c7d409c4275142915cff7a4bb75b8a67ec145
d914114ef98f61c8c674b90012f8ad82b040b6d7	96628167eca7cb37df261fc2a1dcac7289160ce3
ace07ee4c11d7827c94d81896c978b7ef6d4f9cd	47facbfaa34d7c7fda2279237639d7368bf25cf5
c1532b694c63e7bd511cdfa97a128ee5b9f6f82b	904cf69af258031b1441f348c1b5162c26842785
3461f308eaa91f63b49aeac2e57e86694a2ae481	8975aeffcee25a65973b4aed682f63f5199128ad
f94333155e6a0f308f465d6cd843fb5ad67eb3bb	4a2eb377be7d85cff1561bc25936571a0df6bbe6
d2f68640eb8ea4f7b60d33c59f2ab68220b43c94	a7f86db4e337903b0297c21b295f0bcf83c7e368
c040414f10d571e6dfce63ac58b637b8aef0b27f	24b9cebe969a2adb7dc5df3e3bd6cc0c4f297725
7846e8e76837241d068fe0bc200afe40cfecbcaa	48f0c12097a60de109da2027f1a6745a41604611
5a5013b16aa1864c9a2c5b55e5e8114d63a88d7b	c3a7b2af0c401d51ca0836df34933649857121c9
d7e24deb116e9dcf915738e8bd89471da3d3255d	f9516984738a340db4d01c85c5758545329a5381
cb986bdd031e48563abdeb9c66913221c448b94f	9439eb5015f7f1859a6274baf113208174763a3f
71f04eb90a47e0ce08ae505910140acc7d94be96	eaa682a3efc77f2c02367395c4b187998cfa05b5
aa18b716861b371fea552c00ae6c6bb1f1ae3fee	b55e006e7375adaecd8ab292c2b5dfda11d75194
5f3c7d09c1921a64183d59df8a253fe86270b0a6	fd0da9d054dfec37068ea39f98ca633eede9697d
f1f170b9f7f00a6fa30a73dfe4a8d483ca1b29f0	9946172d226e5ac3894cf6d204ca83e4f8744d28
4c06f88883793e205edce56c12138ceee4ea8822	6a808b93312e9e51085b72be6153cb4ff5eae777
98dea9007ccd090f298446e8a9f5caf698af9a6f	845e1f8b0dfda149f2b8f88c8cf14fa458fcc4fe
74eb9c91e61c6ff0bdf23ca673703d3a15a4f5c9	afcba7ce79f82bf14f4cc4f140308e3d2dbaae8d
7d7d350c8babb995c84c952442a7cd646fedbefd	6e050d858abd99e62a93a88f0a1ecca2bcc830bf
d7e374cc6112c0dac6362757864deaf3f91fc6a7	b654e4cf5d4fe6b44cc8dc2b9b2c859d6f893c89
3116b8c1abe856feef42400846765115c4bce319	9a4957ea2c66f239b9abbd757a390c8d689a4b82
f52847bd936b972435fa5337e0b4ea586f73ea16	5595f8c6d9ffa821e2a342291c2899ee5f91355e
520bdb00ed9b6120dea7882061ef0faf03eb5d21	9bda0150a10cb7dd5f03621b48855ba2422f3544
b43c244ebd78e4aafa77695cf62ef456c9f1b04d	78f125bb1d79e7ed067471e7820e2510ed3ae23b
5a7dd2ac51555b608a4e5f4e0063973b3272e01e	cbe4deefac66b5b59ab304565287b949518ea069
dc27a6c0558ff4f93b97ebd8a6bb216201f437ca	5f16937b6ad98a5338bb06f159e64473cf9cc19e
e9f6d4a2254f8556f9bd6f52f944ecfbac0773c8	baca26df8e43aa06eb91a89917fd1469cdbfb86c
a4deefc2d985477882622dbf367b20ee9fc476ac	8a6e4e9417abd92fd73bceb78ea4edfb36cba4cc
b9fa7184ad66df6ac6ea90ce607f99dfaad582b6	d8313242728ea41d1775318d6def02a423233d30
2c030f9029cd01bb1000388ef99ad922ad124893	b4ed8affdad1e08210dc308f4777c8219ba0cb3f
aad33f6e335d38dd4da0b09a613b347c959cd487	8887a40149f5b2a763a70bdeb865135f94f0546a
5b5dbdcf7bcf5919aeb62d1939ad19c0422b8529	f5f689741c3114f904820fa74a557c37e162d6c3
5beca83df8b30766c134f9f34d23b9610b77859b	d24b075f78e6b9aec0628a05008d41a447aa7b81
fd01b9efca1452277a4060096a2c9e5ad2e26be2	15b226f1c8f08bdc42b3ee4a61573c0e3ef199d0
e83b2102de1b7046677e5cc361809af2bfc5260f	158502b46334e4da9bef0109e7c25aa439c68f98
9e71be365498c84dd5e07669df1518452c21ae1c	5804198735a36e1d6ef6f02539827cf25f84b2c7
3ac561cef459b61cfdee55864cb7551ef0ccffe2	88b47768993fc323f3e0b2f57901d0c7a15cae33
4b32f5a7b89fa82d95f180ed5eb519440182e932	67ef48903606a3f84a1d7c7bd2189f82df11334c
f5e65299131cec306e8bde096cd9f24f1ebd041f	3d2af3931f4a19d1a6f2bd848946a72eab433d58
b173ce8f560b5c692f1ef261d9d1506127540dac	f2a00180a1830d8a2b6387bb6e7ac543ea3eb6da
4204d800b8941f0fa6b149a5a717147a556e8770	297708e3c6ca533541f4d2790730db40bf2a7748
54b0ee03a268a24ac41e111c4ff68ef92fed5b88	558c02d2810a789c749283ecd6ea0b7fe6782e0b
7945a6c6ed2719a761cde77fc690034feab8a253	ef8fa65ba4daf0b98565ee042de62da980c0fd1d
ddbfdebd215bf1d4eb448decb76c39412cbd96e9	bce10807a0b0d7974ac2642918fdcf64fe5586f6
822c4c6ad8664ec3c1dbde129ed14c0527ab8533	5c9fb0a0ee8e165526566836f7222c8e2a7e8ec7
0cfa9871ceaf14491250684d2319f191f3c68803	4894a06a9d3351f97e5e946aca82ce53339054f9
6f6b552601dfa8e154e93b664cd21c4e529afe3d	aa10c35b2fc7f9d902bdcf3ea5f8e775d8678f30
3c8c5705c7c4234a4467811809350314e2c04e95	b6939ef91082732d3736c2897636b0e2de6c3a8e
29c2b79a6189282c80dc2754ed47c7951fac9a16	6194e6e64149ea45ce268ab43942cfe0935c1000
2be2573772f2ddb337505174722f7775e95825a5	2a2150f22d337f27ee42f6e5c3d16360aecc355b
9930cbefd8db851208f99b1f6faabc5baef7c55e	b235a0eda8f8658d781c1d26801226172398db30
b3e8e28cd429eeaadad74c088101a8a32e224c91	b2efe6f63a3e06aeafc62d3301b7eb26645d67a6
106a7becdca453838031eb3515a5699102c6950f	5112bf71407f6fb332845aa07840d06af630023c
909bf9f77f382f236ff1483bfb1cccfcdd890359	7b3e5011ca8f77ede17434c48ff7cc218094c2c2
0c0cea710db3283e5fffb400218d45127d0fbc61	bafed021725a9d84853feaad0d4fc5ae1d5595f1
6ff34084a1223bf41cf1015215745e29da18e36e	12c2f9d25d2247a1386deb059d3f3731727a7d6f
80469716bbe4a539549df94fd2dec001b8235ed3	4b05c7f930407f212080226580636361448f8943
c0e9eae1570245cdfd1e71a3aa057ccb2c5c6886	205e8bead9283968231e64dad58ed038ae53d422
3b5ebda50a3469ff24621f41c893f1071bf8e9a0	543b4ee0fd42968df1dbf8a9a5f9c64405e0b245
d9f6e1f893055b9d83db1013ea4b99f13e657214	670455511b56afb932fe932f3fab35a7bc1bce8b
7a0d899b8c1eb73780fdaa2362bcc517ac83a996	846df3db4c53cac506d00cc6d33fda13f16049a9
1ab7d37851b7da2e2f7bc8853e8641384cdc44c8	967afb312617b1f48c580cec7c46dd680e4fc202
7c756b04aa91c486a5f52a0b9c8db549304fffcf	240cb4aa63f14503337072aa76a7e545ade66e4a
8db4afc0892217f2ba7cc1047f398b2dab4e7383	89f6a4eecb95aea016e0a9a7b8f59164337f6c32
dd0d0d922c98fcea849881ffdccd60fb029b162b	010dd316d1ca29389ea704bafa1376d178324ab6
93e1b68cc4a839d1dc3203b1844801275da67885	2289fa3859e64eb816739b3f742e7bd944ae6547
7b528475ef34915200dccf21ffb86f6ae3eb5779	3651116cbe9718613f0a0ef8ddbbeffb75a1011f
89d3b24e65c81b710aea5933faa6bc2c2e05b9b0	f77e8ea61cd2add0eb8be1d83dc2280a2638d2f6
9b810e32771fdf3096b068888f88bf677bd823a6	0b0753d524c31b9978b21f49bbee4db759925810
b8445ffadc49654c9f7a9a517d586de51c7dcdad	af1d04bea9c5f4492bcb8c73476b4f0731c4e328
a1fe01af4dc881d4157b7cb846ee88fafc9732a4	af2e18e9d8c9970ebba4d555fec91500e2db6b44
509f52a6ceb4c466634e9f368b2d45eb6f12a5ee	a923109b6555f50dd8a4189dbbe0660974eb5596
54b31482561b611602702ff9cd13b084fe513443	581d8e405d898ab2951b0135cebf31c4a3ad8d34
b6bbf3a0a7509343bdfdf1f81bbb700145fd1073	df6774c3b43ff440bb6fd27b1c78a16dc7f45eeb
1c79032fd3fa596d352ead5af4263811bd6de61a	9d92ef9035d863e6b0faac32e6811b6ea1b00a54
a0dcdf084dc597a68953347134ec3e7accc9b111	677b28f88ae3e08d2d5e73cfabd13483619a85d0
f23474f7fa17935c2d062953e9c62c4e14022167	79040d8a20a9a1cbe7f1dd9875b81ce33fe7a4bc
2370bcbf67a33b337cd30d80668b55067b40e3dd	0725b5d1cbe2fda714ea8ba0c450dbda74b5eade
e3f28b374c7846958e18a693714ffbca27aa7762	32d0b836339a3235ece96ff0a1d0910090184261
f792de150463bdc0dde2cc9b1a5c569966e44c08	12f1ed849dda19f9a0d5cbcf702a1e41bb5fdf77
9d7a1bd7942bc3b0aa90b0ad4b640d33aa58a399	84b618ec567afcb5592a24e66c88baf95f382ef3
deee17b8a7c68f2dd26b858b078bd10c6d98af82	b2bf566bfa33b7cd908579f16705ceb88c66e25f
fb94d0ff3855b0653ed9e71f5f0be23fafce8888	940996357ba3a7bb47752daec5fafc714126a8b9
0dff1043265218b4ac44e375ecfbf2722f3e7aac	7d2765447695d91a4d83cdc355db51cfd443dd5c
5319bdb046bd231c469ab9ce36967ced850a9152	0ee45573d913eb73110fd9e4527f6c013aa54795
d4750b4ec230201bf3b781054c419b14f4019f6d	b7d1934837b61ce40d55c571855fd4e394e15b81
668f0b2b8abef6fa76645ee1ac3058588ddb3dcf	d05af65e47a5cfb668916b9e48d4c5940668bb81
fae9a179c6090364faf8967e309acae6c3ec8dae	c6bee385a48ed95c10f91a5f404f0c0b384a45e9
dcf2d233667235620d9c80d98dc7a42aa226dc19	188ccddc86f4f5de47676b555a80ee9a3e3eaf51
27c74adee577dfc67f448417ac7903ab3c1f8e97	1de7a43339e81722023000a4c0ae0c6ff5e2aa90
549ce1e5b9def6bd6d67f7130c0f5fe2a423aec5	bf14852ff3b5675dbafa9fd65a0ab69ebf6f3805
0e3093fa005b7500c46de31b888606f2b1e3caf6	a6aa7ec8725bcb27788ec24e524a02b10f3d078e
f74c26a6cce70692ebf80caf209e3c4a08948b52	89e09c48941053b85089d8a6bf63751645c6cdfe
d84e5d9bc538af3164f43078ba0e606255bb510f	fdf71fefaf5d01193b9d578c583f53296ab6b881
51a62119cd34b96f32cbf90f614bea628fb365a3	9e86b1b694e7ed79e187c002e5b3418aeeff7973
7569c997dfa144e18d9ce8d7a0915f96ea594b17	819c6b786fa672c7556d2c1949c6ac5ac911d559
e3a99f189e5885a2d37f6ed3c15e85ca1f9c9aea	03e9382b9e277c59ae00dbee6cd474255dc3cdfb
e50291405606377cf8db8d5bee1fa53e9fdac730	28a04edbbbb62dd9966662f93d10cad5bd644a3f
ea807fdde7fc84ddcededba7c81908070327847c	9124127bf4d044575cd37dc3c1fb6df4f0886150
7cf213f20e201c1b09de977b43c09fdbbd17e095	8253b5dbbeb4e5fd329191de786528b1052f3486
63135e46fca70d06e84c0bbfc392ab011d2a16d6	83469ef85d6a30a711297737ba0da4bef0454328
13b60a0976f4faa62a27d841f305d4f8c20e9f7a	a227c954499042682289cf50596c09f77d9a9ed7
30be252026575ed0ff33c3c76d9183249c0c6d79	6cf861968c0d4a13bbe8dde7e073a008cd062882
8a5c64dc72cf6b33c3b61098829b974a1e6f09c9	5940bd8a5b26315c6c6afff3332285ae2f046242
4ae0f5db64821fc7f21fa1ec8bbf06009efe26b7	72572ee8d893072949b350670ae20a82d2549521
1d5d643b28989a8a1697f125db64c2f4ae22dd93	3a99b63df2551752eaafb0960241a3a3b86cbcb7
bba5424e75e2c75e373ae06575489d413c6bad01	bc097b06edc36a92fc4fd0f615cca9d7e0965a57
0965ebfe978424308c387a492df936c002a46d50	704cf8e9cf6072cce1f067d724eeb936409198c4
62ca8c633b1d972ba0bc19427b0b6da5049ce3ed	733340a19dc75ef2cec43134537b5555202af04e
040a26636ca6dd52d324f5412f17343f8253b9b5	68830798498d39f0e890add70c4ab6aaddb34e21
b2fe5a5df20d3b2083f834e2e8b2e7900e247deb	61e5ab342ea0e2d0bb7b921b5c80c9bf74674740
5bc913cb5b5fb6f19ee61cfb1aa90c5412c244fb	e8a37333d57ce4876c46616b4bf61cbdf00d3e27
81a8c8f209af7d710d331f147df6f8e083ebd219	8e576b91f5b8e7b2235c9735ab1343b14ecfc040
220ca26ac68a4d84de5c4f965cbb202885ab2baf	e8ad74c243144d2dc397e81178c275acfc14f825
7f0f20555eb69242b26e6c66329c1210909b93b0	ab08f839fae654fb4afb208f69c2f83a1143b979
0d023f65b0e42ba8568a3faf62306711bd812959	6377b89571d23222def6b8bbe882958dd1df182e
52cbe0bf45850995ca348ba5a80a0c61a4341500	17c07c87ed4ff8020c9b268de130f56daa6611f1
60a97e808a0fab78d4f212ba1a02a862122ff475	515e0050bd04db18a3995c2d981982fd5384cfa5
9d11c91ab3108a96023ddcdb9b3601b8cb6892b1	a12decb29f139fbe86d45eb7c0465fdc269b737d
d4516231bd23ae81438b65dc6092dff577beb628	93856e2bd71804ff1c97ee07bf0522672fb91c83
a022a27e4ef4cf23e050608e8fbbf26fb3852e12	de24ac9bcd5f3311b9ddc9a32dcf9406c9cc3e47
189b92dbc1446b6204bf9a7e0f29cb92a22bd3dc	97c06341771bc2faef859dbc66012696bb22b9fa
11adddeb2723b1b611effa72b76a47273773e6b0	809763cc28b43ad6a1dfb1b3dd9dbe016e79f84d
92a902b345acb9e5b4b28f87312e431c801652c3	b8abeb9114d32db476627e3c6214a2f8a4ba42db
865bfa841cc9263a0f0ba72a53c269609443f0da	6547c8266b43f7be177dc8710addeaa068c1f66f
c7d2e4253558571cbc901bd49a95b13baf0c576d	891916f2a7f2422410b08a81180871ace0f3e684
c548407e806777bfec6a9909c47c8bf0e443e6e7	42cfba6f0510f1087740d016550df7b4f1b40f32
cebdd2ec6be4f139e7cd619df0e6c8157c6b5600	c6a5d89e6659874e4bb1f8f6a5ad794eecdfd2c6
c15bacc61f5f122b9dae81a47261b11e0ccc8707	25a420b0bbfa387d037f3deb52cdb4852f429393
8395edff84a938410920a940e6c3a00f3c75dd5f	0caac67e3226ebb798d13185b043bde23b88fad1
80b50c604b3cdc6db951cf2c1e0b9073a49f6d93	f6660462a708fdc079427ee4380e3d0abfd93170
dd84e9477e4ea27b797f21d4d6c8f72517be1254	d24318cd14483d0463a177dfe0b2b387bec99f0c
194fa4082550e95e7b01aa59dceb2b967748cc32	76cedf71d7d462d61ac04f6aab4da77ae18f4d8a
764b6737e835d34fdf2c108e85acd1bee883f0f4	6628ef2f83325f2bf1bb55051acabe8f5ea51240
e4a9f2efc62fbaf70953b59c6b762da9ab592598	7efef88f2b6c4bd0281a3b1627eb60ca7e9ccd52
6d5d02f5eb52c261d89350123f7143416bbac5f6	b9ecd3abdc0d96baa9757f9684e5523cb2750f68
f9a9cab0c4f6fb6c85eeaa8f16848584e79a0157	718b0f210a97356b68a17775aa3458e76a55d183
36ff0e1ba0cbbc56fd530dfff7abe1e0a070aaba	13d3bc26a8dc14427eccb6e83e8b1fb668091dea
c9225e2987cbc25cc4692b6ba5741c1af19f0958	cb3b7927d4d405fc211ac139049ba7a5c9a94a8f
cc00fe0f315c2a41a6df8b39e4b98e7b0f23ead7	9677d5f32c8a9435e13a046b399faa332c23577a
1819866e8c082651c448e29a92594d5c4deb5b65	00777510198f34c50f01eb40b7774da20720d8a6
8b893bf6e9258fdcc769ff4ad538d8bb16018da1	6e5c5c9ae2a835e08054399d33013dc15f923f1f
51d6e35c17a0507e737607ded3c5e827e378471f	3a7ab585ac8eee5d14ba84ef93aa84d697ece7ea
e226489d9f5de0e30ec3e03d2c2e74228e2f3022	b1297d59bf84f30dcd841827e4078904ae606e49
2d1529d50134fb84528d443cf49e068007416659	cca529af1d571ef5f982e489cd3d39b41601f469
d4357a98b980adb54c4a009b9a1b4adc9a9aed21	7209df95d29e268ddea87b73405e017240493554
500a377adc3aca26db8d0507d46eed521dc082d0	547b7f397687223d706349362c27f1ebbd82e23d
229bcf9fe7aa9ab1b26373a4e07bad6c42fb3fc1	80829d1de4291019803d4bedfc15b89b9af01f19
3d863331d9bc5010c9caf91d326e9bc51b1fe7c9	04422c8456b8ca76b9773e5cf7976a0637a38f5e
a69cbdb35338082745881191534ffe7821e1de73	48c109131fe2c8ca325fc6abaf0906dbc3e8d61f
9d70c9a2a8b381e4a3782ba915577badaf4bae46	c225445a0e09d5320bc6f68b0c2012231af857d9
a8ec3ac44afec99a613229aa84e41dd3c4a809bc	5bd84cac8fa7ec9b22f70c397b17dd357620e12a
d80b8baf95f527e9716d0ad04a524c023096611c	76448004ea2aa27058017a7f13fa5283f7824cc8
9517dfd89cb259d67584cfa7867aad3ff88b36e1	118e6f01d308e0a24dcbc28a796d7fadc7b78454
ba3b251944a2d14d0bb59affa5a06bc96236b3f7	03e3767c04b6315f04fcd14136fb1072ff93ccf7
0a6624040f4af4ea829e73e96dbae319ddbe0de0	388e60cbc67d6ba27efa2945f6f3ef09e6457f2e
448880f98362f7363ee97a0fc239cd684a55df5a	4eab514bec764e5d7f19f1642366cff0ddcb8a3b
d7a1ebace57950e9f0b6865f8ffdaa39a0b91d44	f024951733bcb85a24f522a443c0c4c6e0d58bdb
bf4c90fba894d92e74a2c082337dd88e729e1b15	781f09a0c7a36178b89f81cbbecbd2f94b2ea922
c545a451e1dba389ccf5c847803d5132e93d45a5	309dfd6a2ad32511bdea66b8635e540048960e33
ddf9edb4c4f986711e9ce28ce2598e0bd3c9f259	2bedc10748874b7291e5fcd1d65c8ca1533fa0e8
66f834438feddb618aa94d351dedff9a497ccfdf	7978762996adbfcce3c9d1c0b44d6ca3fff32fd2
72246076ff92bf0e61b315b76dc676fbc2d3f90d	7026e7056d1c5fdd371a29fb31b24da07a6a4bb8
7a15227059890732c1b617f3627662e8d711b25f	95b36b01e51d1f013084fbcd91bd9adbe3f9fa2c
13fdc267b4aa2472321f43653faa39c2045988e9	e5c401dad8cbe13a60acc4612bfcfc595d402856
3c7e0a25d6d00a5c0cb5fb015429bfde4bd95a0a	5935e899f4dea7396b26c64bbd3f22869a21067f
cbf37a0801f83ffe5a74a6bda278b3a04cbaad5c	458d2378561c639e1e9def3302f4f3b72b8b53ac
741ac65bb63ca0da2add818cf01908127800b4df	aebbec101bd90792533aa5aae15cf9b069fcb8dd
9f97662ad45cd536b286bdf50fe2a3f9ffe8208f	16e2c09266fc9884161237d5d579a0c0ae61ccb2
43bf03707a03e3d84de7766bf8dd6102a96a90ee	15055ad0b5098f7ee993eeb71139f3de600ef845
8a5075e2a32afb1abcc2893d89d5953801106592	d0fe588de2e19957ec6d7a086a4fa9c5b7ed16a8
a2cd01928ffd4ce6492541587b08790d8fb148ed	ab2d8a47d975cdd966cb4471af495db4d5a18f4e
145326da1a30d248ebf6bcb63211d2e4dedc7586	0320c49c914d82778ceaa5ab0dac175cf999f89c
239c149a8aaab3e4b57b9b410be94e31e584a81c	c53e5864cc5ee4b23fd867cb6a769d381b861e00
f5778da7a7701e0857ced25d09f0fcb0fb0007cc	f64ab56462ec413b765aef2e7bfcdc436732f007
1735ef98da2d47039e3c0234b12f46cb9f49f957	81700792aa222a219612a1f65096342c278e0b7a
9002c1b5a1e60377f1ecca4e87a9327bb3f816aa	a4001e73925560239580d02ffa1e23f89ab1a79f
b61b574b304d7574688ee50d7e475c825dec74ee	db818d58dd8db099c94fbe76713c73305af3f8ea
cf7942de2cc56229ca8107416777e0e2f45854a2	b0f83411dc08053b6304c4030cfa653330153c6d
971c279d5794cd113c26ddb074a2767862c7b906	f0e2e29a774c5ff998df1efd1c2edf6ff5d62a02
16874f3fd6ebe03cdda9eab04118f8ce964842f2	aea77dfe9f70d88576c8f88dd73b714ad58a779d
aba9ddb3ee3a01305500166c1c78cb14d4a62f2b	eca1aee6a0324e00945e63b205a486273db1d3b6
1670253be6304afe0015221a260c16301ae5e89c	2a5cd63edd70ae9c61b5268c86a6d1e62d26323c
eb0cb618ce658fa33a496a7bc603742312f85a83	54c562f1c907b09e55531f066254d2e92870b82f
b4f856a1281e03d089f519b07da2297efb8fd004	a63ab378c73968210e0c4bba9dca7cd7fe12d258
545687388ac89601be59ef2b091654e94ac7324d	9518e54b411b1edf0097f688847f7a276158e846
e05c0cf3d37954f70eb24ff44a78160e91c7dc31	4a3e8263489ac3274980fbdd54e4088ac0e02e60
c2ee01877629b1e0a024987f8a8f5a621d3a094e	2e7c1712c0547d168b45558f0361baf0444b4de5
ffa5489611f729b4d7e5ce97ad3bf0d3d053419c	0585f20619069e1cf528bfec0f1fcb2793ba9c47
1ed7dc1eb5d4cf60ff5ee3b8d424af98aa247b9d	e18f32b642562d5ba3225b72f04a1dbce796b10d
b8e7a6337ebb2f2222104b91d4975484316fdd78	93873c7a9909c58aae8496c74fbeb63b869ae44a
e91920f766f9f27752abc9ebb10924b9df1a99bd	7b1d522def5c74bfb71aa0cb06d0f049b969a91e
e3453a824a8642dbf57843fc70bcaeaa29b883d2	d42d5850f4f3fb61dd2de8bdf1b4671862227bb8
8bc6b9acb696b456d04da7f91c02afc977ec6999	91abe68d3833ce3f6b0d870387f6ef3ca8a2e618
cc695922b606b2b2911f9cc086d152bb9ba9da16	29f2f86461fcef92a772abd370c9873d72587c21
bdd0553097cb3abb91a323b191be2ae61a7df802	db76501b56f9bb48334183a6316398ecb5dbf69d
bd3c5065e9833641e531a338b1372bd6f1d97015	bf838f5ff949eee454527855e8d3a4c4d4e8b4a7
f2e01d1e58d13e80333f019f2cac0c71427f4f1a	60baddc916b8ca4b7597777e3e215a01b244dc19
c7af8f8e9a768c196236a8dbd9eb238558abc9ee	3f8610ece1f426be4d1214a00a231489b8839a3e
125d9334a3ee24aecdbec23646abac8022c50846	09a7e76c292b8926ce935de33b929f62a1d0a07a
6bf5ec62b17132df26a1c1e820fb9a55a2d75969	15610ae99ef49162a3f392b5c48f46b4afb053e1
a3067bd6daab1c72be62d2eb573b33fd73143488	ecd4b6649ea8e3630e9eb78247a00ade996abb75
bbb98a53b9ffa98891c4adc48cdb652a5e5fee3d	c9258ca22a3bcb4357de19c933bf18367641e4f5
1e6992ecf504bb0839bfb6e6207fb2d37333b7a0	2c92aab200aa21ea49d6e90cda6936b848e4904f
1de5d5d103359433c1018685fa0cf0dae5c51650	9fd8f41a5cab2bdc34c0fb5293d40ee43e964863
e76087e2bcd541494895ade3c990e60a08dde1d6	491c539aad2957fa33c6986dbc0f9445b28e5f3b
9bc0334ba5a2a0659583beacff69eb17910dc9b8	f72410017649cd5b7d8524c77813c78fa62ae5e4
aa7888e1fa53595c259bd887ce6f1b57179ed5b4	97f8bf7c49b9fd6216d2d2b0d328b3910c3ea03d
177b0503aa429c0da098986e6ca1821e7faf7031	5dd163dbdedf2dccee86e466b911ba91fc1ee572
9860882514818c63e56b483355b53ea507edb310	1b2a31edc790e4ae31283512ac7eb760eafcec6e
4d3ff2726b4872b94f3ce8ba895a6e3c0b28ccce	c29385aac1e5ed4de9c1da44d293d9385c4ba902
2d9a2b5c52815c423f0f4b00854b74ab0582eded	b1ff4a25548dd1fd8f56bb68d387229f529e141f
4c6d87b323192408873030c872fb6920ca45d653	c77e9d2b9f6d36cf3739295ead131e161a86f187
1a5f8b8841f0516f7b01e72028a0c7967510bce4	ac1fdcc253392dbee71f8b93f8c1cd6f99956511
2aa4c09cc1d525b0802255cc1c2b30cf39b9cc54	56b25466ba1f082521b31beca39f0db841661c58
2453323dd92d950bfccfaac2c5429e311c63ee78	7191051e5ce130b17da6d139da0c1bc7da93f515
759490086aee2822ca7e3ef6f62a020d8135f26c	569db38ac66a5394e108f2e46f78c3557f1d0e70
371ce7aef75cb49da22060d89bd94cf827727a7f	a3003958c402ce4ec164d80ff381f72e02f1e8a7
bbe23e3fc5c15b92f6ce09040913fc40081225b6	7749240ec1dd2853f279e81a6d69add3da766180
154548d0a7bd10c319b2c85ae28e2215bbd0113d	143f1ffab94e8592887b7f547d88e94f9ddad44a
845ddbbfaba3c2578f2f6de79d224a3416b30355	b872a4695c03cf2a7277c53c8ba56c1e7a2dfa6a
86a04a661b14f415b486edef5c443bced3ac8265	69fabff0d38129fee44bd90bb66a24c166021303
e59fb3ef29912ca567cd55abd0d6e822e39297e8	d6dc0ebf9a6a63dc08875114b1b750e8bf8e4263
48c0f890690ff51cac3f4ec6f95d33082e01e0f7	95da653eefa61bae0fd7ebb2297c38f11691fbde
91204b7d7bd0de0d7d9950a7117a5f5df79b7301	4fb9dff310a1081c2bc89ac763b24cbc775ce5ae
287edddb6632873c4aeafbd371984716860258f2	926f10b3d0c2b1fc8d34fc213e46298c02736bd0
87e5ffe1dedf6c2e4f83fb3ac04e99e418a593c7	36ee3efc8ba5639712ce9d66a8d4fc7bcdb8c731
167fdedf7f7e010e7b3f2c4e2424706de0708230	5338e31022fd4631d576a2be5c50149f8d0bb390
698d8dca2022a0ca1f308ca196753ca3fb06d86d	70c7bc01a294d5a065625b10bd7d2a1f6e30278e
92b8a020f515c59bb83ecb9f8a9b73dbaaec5611	6d9e47afe0ef0536a117ef2bf4e7ac30d9a19fcc
34a08e3d552bbaaadae6d3bba1ff17ba2251c09a	f0a7d07bba8fa52442dcee9d3c0be667493a3db6
966360df183c37903e0e7eb10de72321ecd1d891	ddebc81ee91277c1f72460a2344ecb948bf817f3
95573971e373b17e6b2d0d5a468144ceca15c286	a94e1567db6c57114aeb1e77b47934e392f83cc5
ac10ed840f80f65a232d3a1307a2aae45351ee14	77f1d7f60aff8988a3dc61b2464f6b889294f86d
cd17081e8d78ac2035f280a8cf5c90aa1ee1673c	ebcee0c711609043c0f4ad778f3993c21a1c1ca9
20032b604260f4ee2490682100b6257fbc89f966	365613328236d3a478bef5caab1040be089f664a
5fb01960b1ae753c327b4408b2838f7b56291c4f	3ba2a7051ff62f15c0f50654c124d43676b5afb1
e144c9d2362017ecb78f6f9540361d6314a848f1	4ff86e33e8925baf7d5aaf8a4bb54c9f5a6e214b
057cb791ad7973dcd88fd02d6f1beb96d2e1ed41	ddcf6dd2c1e53f9e6ce8e5314a22574ab3fdd012
85394d405b36a8e5bfa8c06f5a91d693dd85311d	03315cd3a1bdf63f8a908627459278f137ac7c8c
e1d96acdc275be7f56b5194ab7ac88fe7ff65c3b	99c410c49e16685cc8184619b59dfc7b1afc5ce7
fe60cab26c4caf14543b2e495308ad403dee2d1d	51205d8a0ea392ab3c2aeb79359ecc4b780a0984
22a8bd14da1ad7eb83ddf9453d3e892df5af7785	dbc1214c78d17914d411ab353e71a8b8a1573136
bd90d8aa5d71905b28e39687fbc87bef02c756a9	674a5c15f4c38e4d9b6b8ace1bd96a5c3d1d36c4
0ac4db615176984e7029e6c71ed8035c045bdac2	d742f1eef2e428ae861d7ab83fdecfb9ec6509b4
a14adbae83ab05ddc8ec4e74b0dd74d20785a7fb	82382b91dd1460bb77cc692d4964b9c32c9b4104
b4ae3a0f5643ac46e99d5c0f72d1a728c2770ecf	0f197723e450a15ef5c5ea6baeef939a1edb48a3
60094ecbbf4991c95e216cd2ba98e570a68c25ad	2808fab1ce9e9b03be579b1bb78b5baf4660ece3
424d9d0e90775012c60d9baf6ca938614b47d02a	ead815b199b48bc023ac71eb58f24f414ad1c4c2
704e3adbb9d921ecafa937d65c036c8d5018e1c6	7f0e0ffd4972788e42701950068e9c3544bf8246
70bf20be5678d84320fb5dc589879f9b75afd312	4a5fb0f87ae499d007fb6d728710d143b44699b2
0509b6496b2514b84201d8a96429ebdcaf6fecd3	7b09370c8eeb04f7a530cc47caad841bb01d2552
1080ff39ce897750b55928c8ff2966d41724277d	cc876e23d6bb8025dbd871784a78d8716c69bd9e
36e53d2767a46f2beee9044cfb515dbe1d68ee34	90abb9706e68f9e25e135d1c8b07aea8c60b9c06
5b33ca51e3e49d68cbb122eba87c3f883d35ccff	39ccafb6438c931780bd7edad68a5d0341f0ce40
8813ab64a49d254e93b3643da0689df146359f75	ad52da5ff42ac012cfe140b09dfd3c450fa859e6
d1992fef098f902bbb832ed537a0cdd29679fb16	6fa87ae10f87b88c50b90469e80a2c7f7ff4a25a
bd7a910f84b810de246274ea079a71654ac26a22	b18764393882733ff983f50cdf16d950998de509
8daa9c6b74ba581525e189bcdccfb2555180c204	d40509b60cfeddaf4ee0c1e045ca3c5233e964cf
7ddb11b3d3e493377a624ad0a29f50922ef986b1	453720a926c9e1c7451855d79f88ccf91c076c73
05021a43d8b9ca50b81b33ef67815c0b3c96dee4	4520c53fda107e25bc0b6e599948fb71cf93c4c6
a366172a9dc0489ed6c404bfe86c65332a8e26c3	eb9142a60fe6b6f4da6205340053e58928d1cdf8
f76411e11aff71c7ff32c3a418c4faed7797f02b	044ccfc45970ec721bb68faff8ee024cd76f67ef
d8c7c48e3f1f5c64a8a392d5a234d61e410d9c52	7ba4a85a383e5d8a1ad1b929e8f0f4d92e54a0c0
79c1cbdf04fc22b99e00cbd8de7a2301b502959e	a3a0a2b654acb784450bcda9d91a2db6226c315e
601f7b19bbcbbfb0635d8ed54dd56027a5ec2528	9e0ba7880115025b120fa4571f69ee67b1a7087e
a095234bc3aad0fbe43b274fb9446ffd3c0c029d	3f28c753a5e2c32dbb1c2e6238ecf807b361f816
144d01d865ae849925e5655fe2b721fef616eedd	e912a165809e83ed7521413f7dc1289cb569facc
2db54ba9c599be516777affaadb9563b1e7bcabe	3d21a4e5db12a5639495ef1471f2f1cca4dc7569
21598780cb3bd626a6226321259178e3c6dd6999	0adb225e12951d4604c6b4b125c28f752a31a79d
0722cd6cb0fd25e7de3811c330e9641436c3d108	d6e096b2ef518af67e86a1d4490c7c7272e2b4cf
2d28aeaba700f2204f72e1666627d8763452291c	a9be22478e5b8ce723f2a696d653e3db2c498a50
ff25d99b5c521b67ff02fe913c26adbae19f85a7	78d0306bc31269e99a82b1b6503ac16c7ba3fb10
bb41ecd16f4f75ea0aa0739c1c69401d4b0232dc	87f9e28d44768508d23d67f805f9561d1c87f9d8
7d405fc37d319a3c7b1e68f28ecd07024dea9d41	01103e7bfa55d5627dd355694528a7d9d725b5c7
fbb7ae42e416bfa219fb425e9ae8fd39f46d978b	949fa58938255527060ffe77a075693a98dd4c75
88cf10969071da4d203731bcd4d90205496d9f31	f23066580388c9d66cb2fc54c33f59434563bfa5
dd800a7cc47ed7bf3642cf5b48feade3a364b35d	ba26afc4b49c36429056ef0a8f489240d9db3636
915083fcefb09276e0b4f054d3a98584a9fdd658	c78799d3b2bcff389b905995fc5d1a3b3fc9dee4
4442c314a51c625d1b48779cf33a74d05202da29	be1ac50f1186a622116d2116436f921441e0d66e
22e19710429acd303f224ebf110ba76f644c08a8	80e03b95e98fe1f6a8ff2f64c07d582eea9c882e
dea152eed86c35a960d58e505f4d297154ff4547	5c49af14dcffdbf03692d93175826e3c47c928ae
eb1996078cc4d7310ea09bf35ac2471981cea618	f5470aa2ebbe332fcffdaa1e2b34d7b4b7dc7fff
5c3150789b39d2ef6c280eb432b093387e82fcb2	b66fe5510dbdec08eeb884997e74bc3b1eebcd67
29d431d1a5c7ed1817182c08573ead36ce8d49b4	08397a14d45df96a6f93f8a9a3ac554c607569d7
5858d7bacc458217d620acc8e4838fabf903e8b6	8cbed53831474c152f0fe1fa176a65fa665f66ab
aa23c308494c4d35fc487987134c01afd3d5c687	038eaad1919f57008bb776854fa5e9e9492eef28
09fe689c4e9853e581bde46614553ac71c128ad2	c18520e3532add709023c94d3c00bed332db9f37
1452a42177a06147b8919d4ca99cc08facae0d8e	d5918003eb6c6edccc553c84a02621ed851b24c6
83d24c822fcbc7a546947fe14f0237ea31195897	008a8a430c8c2ccb2225239a389b0861717b6410
c4ad19113c7a7cf2c47e3bb3d1218aa428c4ac25	074c11b69367a9c32ba804183b66a950f2736972
fd994038a07b641602109e730d0a8c278064a2fe	71edb433f998fa1e3129770b996c2bd44b418feb
98dba1f0bf71ce894ba6c587c782559a8c4d5fdb	040773f21835a6d1e664212b43798266d3dd00c8
55882cc32d0e37b550a083af1e41ac0eb9224405	2848cf2b589f242268a1307d45a020af9ae047c4
b6ece0e72fa7c6c29d54f2454402a6630c42cc76	caefd86ce6449dd5f89393accd5cec1b4783ca9e
596d43355d019088b3b28c22835052cbb479c525	cc414bb6819884490d732a6103f609c5e47fd50d
c31a2e164268e628388f098ddef9356acaf10006	64af24472eaba2c7af3563c65ae37272b5321463
c937c88b2e91f8f462d4eea071c27cba6b8211d0	a241f18097536a57f827d56cdc88552dcaa5e434
73005fa140916a537e23f7d4c00bcd67360b542d	54203bb9dbd6060d1510a94ceacad1a6eb8154ae
9a0d548fadc3a644cc8f11c036756f4c5b6899e3	63213f406a9ff9faa095d7c8274c51345c6fc7ed
f79f0927eb271e18b518f18e6890f14c190d0a17	6e57c16f7777bfb70dbd89cb0da558a18da2a6bd
a85ab865b1ce1213a327044c2f31c71c5f28b4d5	7c97b02ad675a4e63b9bde3bf023a649114ad629
5d05dc198221745cdddd529bf4db130a16785d13	11967892896b0bf5046e53270b8795763f40b3c9
82ef2b555a66e34233fdb2abe7b416c9657fc29a	60ded70ed41c154068b0365d8f1ce865edee2b71
32501f2ec12615ced45eb621641902a40eca65de	6face59e5bdaf25615035fdf16036f78d35ca9d0
01d41e7d18b4bbf2a1e72decc5489a06971b4534	0829f079cc681024cbff99b08675b7d8c0b4fe8f
b79efe087d62ccac0d42dc6e3540f071d503e3b9	7199e01f0c410ce9a0ddeadf42626d9fb1537ca5
cac3951a36322b57d3159c356382d6e85ba147b3	9b8fdf5b6e010130957533547c82a351a6598dfc
17bbc5afa042c34ca26a217921219fd2be7c9c7e	a8e8f17153657b49a63709e02d0bbfb684196999
7bea17eb7de587217c4599c52babea230642cdc5	144351c73248e2a04a52bf958df2bcdb6b0ef7cc
32d763a572264ee4ca6d1caa812a5cf0c9794ed6	b23fe8adac239cc2c1973cf578e9c9d8f0bc9dde
b39ec606613132c3ef5919652b3054ff77e43b65	3cad3722977476adb71cc2a7b692e44e13b21495
6fa23451ccefe3f27ce30fa314e0f6f6052e59f3	457f81d6685eede7b86f765ea4086cd3ec5b9df5
37b0f7a61e0f0d0df73b9d12a9cb5523c69caf76	34a5eb26392ff76d0364dafd8edc2f7e641a9d27
a87e120d47fcd8fd605316a1a2fd49b8f8fcaa64	aaebe8b2121154819d2e0cb0a7ca0bdbf67840fd
ba94baae21ea0b5408e638d8cc7256af5dd82a3c	1828f2842b45a4faa7ebeaf4281269af5caf1a56
8dfe4dfcbbaebbca0aceb997f56eac68a17c76db	d1c278ed96e7295aac99fbf8cce07c62ca55ddda
e1d852362fe4e5ad99775b84e39b3df3c7f7ccfb	69f0edb6bb02b1f331bd1f0fcfe288605c9294af
3d990c654b1a90c0f36a9e91016269ad4f5aa0af	b57eb49fe36a7e950ac77f80e13c39bafac91fde
5bf7f1e5ee88baf2074b49328c90bded5a67d97a	5ef0ebd4c83d89d9e7e4786b5b081d67be604896
c32680aaa333601c9e787e2f6470eda38d8a4894	14d8321deb2283c92ef3d561bdd9af45c78f8642
ca5eadb66ad000f33dd67c10678a4ac8c14ed559	7a79139ab27ca36c9154d3ab5e98b56f3640deb1
57460c4da410f28c8159ee61e349515541eb0d1b	3f6b2acc701aca6f1b22596f441fddce59d3ea1b
599badde68ccbea66e728f5478defe02831e70ab	01a55b7c3ff4570f9981c57b00e2ed75798f0280
28ca627bddaef8179758ce51ab05c4eb37feb065	faf22b59591962a0a316439513f057cf676a1a98
54a16862d981ca96d1314cf96dbd1bd239066ab8	472018c690acd17eb88a7f0df71f11ae027c9129
9fd91bcd1bba7a9673811c1d24692770708fa4b8	f6e45d29b9bf225d38b42c38c637558dc93c66b2
24ee826f5ef5b16e681e6017a6b5e2406cff716d	9318a77f3bf685eacaa6f4dd5b4f304174adb321
32133dddf34c5b6ae9e26bd8f1a38e1f1719c01e	05459ecf582abd5fa1b69805c95353e14b00fc56
b0833ddfa15e6b791dc07232a7ad53e043aaa1f2	e11f5a13af4cba56b1a4b9b8ea87e880338760b2
f599acc15863727694dc5a3858af1b5515a47962	e2b67b506190e7e848bcc2b6000406232ef6e231
d9329b91844f330bfccaeb36a5fe73c860f2d4d7	f3d3c22c247f4fa1b9a9f8e7d239849da19d42c3
4ade4247b3ffe39224c0e5c2feb42bbcfc2ed756	afd42ff69376c49dd5f8968e219e94aad3d5db1f
4be9ef97a36dffe80a408ed80b6472b6646393bf	eb16e2e5c4815795ab1637687d4f6622fb7a542c
a9d86b3ba0f1bbdd3510d089060fca0bec6838bf	5e9d7c95e0a99d7c8f6bdd10bbbc843ecbcd8853
cc0230bee0306c42c879e9e48eb2292ceae4d7ab	88d9a5eaee96a648f236c0a20d284e9ab66cf8c7
849679355b02c618d2b8e2a985cd71d3717dea62	49c6e8ae718d8297ad801d966163e2cdd5b5607c
23c02854db3dfae49ef7cf79b0a4bbdb952e9c32	b501798ae01b63713a450caa7f19f1eedc6d85c1
186b23c2f585ae1fe1912b7dc3ef84868a0bc2f7	fed9e7d2a3c99a58f4885b15de00530933a8ecfb
75ab13836d6d974e3dcc731a16f989076ae247a7	405284f77f2b09637dff4a7b790519f5c37fc062
375e888404c1c5c1177d6b402364fed9435f4eb9	f803bfca476f696130a6f6dc0b4064670b579d30
be3f2c572ccaec9fb7ab2e6f70d67c9768dd85b8	8c48376d7444f2fcdae38091faf88b5a83a0815a
1cc10c48ed3c31c3364791e72fecc4f6fa10d6ae	9cce020364d3414a9af98416826207d1cb777bb0
cd4b9a89b6d4f2e130aaff634b1b393d3234f2f1	99ef08c33255db0465a5acf8fe819c502de20be1
30e98ec0ecd8d6d347ff8a71a98b85ea281bdae1	1098af5e403011cb26d7c9b9c6e99bc9a035b5c6
77fef82ed421672069c31cfb74ab84951e9ae3e2	23b291cff1cb0537d26ce7aa62d2367ed811549b
fe8e21910b1ecf817f8744e74bc0db0fbae94e58	d8c96eb8dee8ac86fa9e968576da1b6dce6e101c
99f3e9968dbbed929c238473dd084c59d119bbe7	adbb90aca713d567c004e325ade75a123dac8000
45fe34d951984b2d6089fbaaac7bf8db3674d297	052faff8181f376502368aac770abb0afd740bd3
7be02f40178ed39ba3112209e151c97eef05e17c	57e9ecd746a4ba62351a7b74a33c64732d5b505b
e441309cc267e1ff47d511767cdecad5588d2213	884d808b841f7999f387c9cdbf3953f49076f0c7
fb0d91bbc021af89179ca8b640d72e28a00a71a4	0138bbc6d4e4230ff7af7097deb4c734e203f609
a6a0643b0f2c455a6962d4752253f453b5f0b79a	8196e85ee1fa5ac7a22e30536b8a16376e365f57
718d583a8b727c65ca16b8fd4381f4903ffb5271	f1005e2cd06b047f8533af2def90667ec045ab3e
1603214e50d3a6eac7c4ff5cba024a936410c8d6	15afd65f0069e320646fdde1da518312dd836d43
823d72594040fb3efa454e6a9643e15cad00c624	8e29c7385bf2cf4f8b5728af13907e1de6b8a0dc
fb3cdb56b0e380e71be2f99079666fa4e0c6790a	d63ab5cacde744f95e3ff4c2fb36ee9e659288bf
4708b0af27e65ee5888f3b18f454070ab76c51ff	8f8f0f4d11eec8452548b0ad8ef4a0545a17c22d
10a7826e000b9f36e49075fd63044492188cbed3	78222b7f9b51038442e5300ed0bab8e940b8f352
f5ae8085aa4b05b81b90628239fce9a7d639b1cc	7939cee92489540d2eda9959c8ea991275af6387
07880d61922012799f8278a4340910983b48df1e	222b7ed7bc21d2e30c6e831e0203fbfb8ad94b59
ffc4c0f93d769fb23ba880a493d704cdfd3403ae	b550bf16a66bd945ed066fad1f864463634ae32f
98e3cf4be67f0333877d81454cd6a7166f9b6c88	44f6f9fb0e390164a68658bb5b717e7b6ebe0eba
e73de998d4d823be305bdfebe1eb1f5d3e74b841	378e7c261d3988a64de021955eb46dfd4e0672f0
0cb2caf897b8aac57da0268387fb9b8fb73cd4e0	d4bfb93a7c1870a5675eae83c7e4cbd738ba4db7
fc3463a6e6601b9e0c86fcc06c82bb5f2eab75e6	d33b30c75e26ddeb9b611c0dc6bb00ec288a8011
f5623a72750680eea53df5f62e494e1bcdcb3c2e	951aa2604363412fe67a419768b25e2d4a387018
3f0b944d25399ab0c76724a5a1ea7902ad78ae7d	215790db868ae52c7db3ca01600280c61c10b842
4c195972fa1c201640b203d51bed756edd7f373e	ef9d6578f4885d9b9205330d5d85cbf4ce8803ec
b7fadc213f6ae1f61b6c7a3c338a9e831d76bac4	71df6a3879c2ff29e366d48fc0aace2468d8c309
b973aab09ba568adf377fbfb6f959f7fade4c32d	6bd32f82367264508546501babc4b55736a70bee
d43cb78499f36156a202edb53b973f61a3ab4a70	6279b915c7bcad4626c6aab1603355335c70aedc
d5b194c5354ca9f4b68cdb1db35134bf25ee22b6	b698aef64e4e7741eda543c3fe7fdc4a736648ce
77822b932d210c73062a267c65d2e335dd132a03	6d229c372a626cdba79e7e7d623dd3335f4c911f
914c72bb5830c0ef4406fa55e5346a5bf383e34d	cf81f2a8639401aec111dccf23e695649dac8fec
15c91e27715cf4a9d79d9f36d7129b3014c5468a	4b9d2b27a267d79f406fa13c36f249817deef7a9
6be30702ddfd576badec925cd6b40faaf0268714	7ace6fe56d8f91b601d218f30c9ab2a47c4f240b
8cd561bc167f87ce81be8dd627a5be68274a7232	2f41c5afcf24253f69d4ffd7811500844a8c67b2
0b4598e492af227b972864c37e72128a5846a420	6dd60bacc425307b7772f64b46ea5fd04225c064
a2d53b2ee314f140934abd93205905941c957f4d	e45dff438e943e81e403fab4cf2761f68350231f
48df84de728e62a3acd4c58c57ca22795fd2d2f5	6bf29c59489f82bd671b10c649ad50fedaaa3ae6
d57ba3e3c065cc5b9352b7770bbf9b78c2ad03d4	fead99664c3e155dee517a43d767bb581ff59fb7
ad68611b145e94d51992a00335266eb32251b83c	a656608697bdb2369c9b54dcb25995b42e2fba90
ed3dc81e73941bbeae0dd0388aed9cc2ce4fd69e	f6028c38408712f7f22fbf6dd93f01393aafdf47
bcaf88aa15ac9e67299b8b5ba3d1322bcd5ce15e	abf71f27d2278e61091b92f9cb909de0c6b42464
0c85979e5c309e72ae008cc9d8cd9fd63f41ba5f	f34ca4a7957e4f4555b8f34823d0dbe86337f788
eb96523e8af66f3001732ff98e6293f462f32afd	57045d4c9bad1ac0de5fb1095945f2bb44a2bb6d
68dccecda6e590b2c7ae786bc64fadc514e46eb2	8c47f7c08c0ba76d433ee590cba125661d84d9ad
dc1193ce1eeba02367d6f2a6bb053b83b5a6f946	de8d750fc62e6589fec8ef95bd352650d6336673
a6931a23a82262a65a3d85e3ac70b6020654246d	2870ca8d1408051e4bfac7f4c8321c8a67462962
aa5946b933d5da4ef6bdb6239ad45b19bd9c444d	81e7ff738bab036b922cc59ea4f8580a3d30f415
16d25e9d2579ad0d47295c5a7b28dce5a45533f5	db106ada627b98c2ad04e6a00c7012b370e023d3
4d407204ea2fa3f16b01e6faee06bcf54a160890	420f5bf7f90422c166651b0c3b28fb4af93d7424
d8a14a242ebfdb570d5a04e526c7f999864ea197	9b3d6de1f5fe6b2731d37bbc82b6d94de4520228
4142f3dec0e8341e42a422eb222d5f756759f041	70f37481cd1862072449103ab6f171722353209b
cb58d124de30d170d494640087b85fcfe156f033	05c4b5b91fb4ffde730778b37e2f62df70fd2a98
886f02755e759cced57578adf2cc76b4659d99a0	37cdfd802bb9fe7b9f996e5b19913fe70112b9e4
e954732e88666ac22832a2af88c46118e1186e2f	974226b40fb5405652a8c7b237913ef50ce80901
c45284a7454822de26e7b54275fe70e0d0a7cf4b	0dd4b879d94914e0277009f4c1912db6bee3000e
a7a71dfc7d4087b72e8ac42f440eb823ff386459	f2b4adc4ba60fc474daf1ac513bfd4ff4d138563
9b245ae2fb36dc17337ef55d06b55e132e0df51a	a1763371ee723d31c247dc6254f9c1104bbdc95c
acf8fcb4d8bf495cfa92f427018efd183a1b3663	1884f8504cc75baa258fbd1808a31e77e748469c
0c2ed0dc15f260821e494520ad94eceb5679d5c8	2dc84acacdf68e4ee0dddc19d436311fac9f44f3
af18994b97233736828140b9dc17027f9e533837	0f80dce542d431d91101e09954c083005e256382
2d3efcdb2cd75e808e540a4690d08b31728d4fa8	76db9a12db1f78b67baaf0b71793c897fedbfbb3
a38819bdfe1af45aef084fa418494dfe7d72e28d	6f74dbe85b612799b5b22182d2dba5a109f0788f
52408beb4de37eb36bb68077b9367a9a7541ed99	05250a0e1b959d955e2baf11ebb1622af6d08df5
f6d5145ae2f32c310b419ab1e739d8e82d4ca23a	8a6647a0f783448ae6dae2436383df852d52acfc
7005e1abf39d17533c203eeb4f220094db90c691	10e3a58be40854a7bd229d088db1ade6d6bde185
d8b9937fbdadc493324b16cab26ce23b20a5cf7c	1a26b5f8d1665ff0f7d75d88c42c39dd82dcdda6
63900305a267d86dc44447f826bff8ce26f4153d	d7c50e4819d3da4512d3f09846dfa61611c4b3ed
0871432c83db85cfef6d2eab78122f7ac7034af2	20de8bdea7089b570137a8e6dbdb29e87629d719
5aa2c1d45a8ddeed375d226195843ae3d4d58883	0ff3d8186ab990b29c392eb57ea617d390fe5652
fa2570ea309ff20f760ec0aa6f9a13f4678925a6	07ea119a45d5a8f5ba8f7cb436f355a647524676
adcda3793d139aed7c384c8cac5a29e587c74cc7	ea8a94a69ddc6cdc07bcc696675de16b07e1fba3
b52676c02efe3bc3cd19429df6589fa226baa97f	85bc7885011f25da40a5334a10e7c43c0c082599
9eec94ca60fd0148703e3ddef9a9450207d0b1e8	21722f13e5a4f5da63c92b40e8cd1bd78abbe277
e51889fcaae504ad667d2b4f8a16138f68d55f7d	f051dea1eae6c6620f2b4528c5b78d78368506f5
75e998a730dc0bd4d8a0beacc3a8ba759c7dee12	382fce85605004490a4d77e06952be8eba5747e0
d19145a259bd8ce767452634910ffbf397909bb4	0528f550d6857ec5109faa830757cf5127b9b6d4
9b9e7878a1fcb548f7c9a4eaf865a49800655d69	407a1870c3c5950e1343beb3b5611ebbb34f0293
3e0465536cc2de170286413afd8a925893243748	483bb777f35e3ba1ea16a5c147aea6cb05796044
4f5cd444526eed0a71714104bcb57464d527f557	6dbd7b36f5b27a09ec1e7df0b48a21ee54806b10
9c37f45b2599e718c48239b13f4087fe72e76f92	ed03cd9b57b78e29404df16b72950b50812bd669
8ac5225f5f17e29dfb82e70d6c13914720c55df6	63f483872c22f0373e93f1cb68a335e3d432ede0
ff6090b426fd4261be108dd2432539bd48fdfffc	71337781fbb1699f5d41b5149a9654dca9522604
dfa185cf2f58485c383ba5ce2279f1429e784ff5	579478ed229e97f859f222747b1d665d0710a1b4
cddae3bcf6ba4b5723466a1977c55f35ee3573e1	01ea8fe53fde72f256dd984b18cc7fbaf1d46992
3aafa0eafcd643454d1dd958beb2f5fc2a124b68	3b07c76ef62cd60e53736108236351143d81d374
2949223186158e72c78c69f4b501a56da89e0ad5	a4a28c6b04cb289fbd2cd6f1085ad9ee3b13daa1
b0ee3d8eda6ba15ce0a8be9501181b955c0f3cb5	9dc943ddbeab636fa40f9729e50050e07e30e6de
0830fc37769600fadb1b9127574f7b321ad8623a	b7df85f69e2efcc211b8e90633a50fcc25d06baa
e9644e3daa2a1d9c19206c315c0c8ab16b3df97a	6ed0223bdb035173f98b915c7722715736c286ba
341a23db35ae97347c2a0ec6722bb8d0f62613cc	27eaaf59b8d40d706ed96b69a0c3875593d52913
bf1ec07c241bf9105e660079759659253b2ec445	ab965bd30a9ff414062722fbc3df88ced184662e
b2b2a67f2e0d6d3cf42861d49e21c079b994083a	3b50e3d901b791b40490bb833a73e47f36245fe1
7eb42c1d47947660ce9b5173e003c10863fd7217	634750e4eff3cabf3c99190923515be4734e528d
596656dcea701ce8f2c2674ec917818c3ab96da2	13a4459194c3e0ce2c69d8d98a8b8acd549d16c6
d95735bfcb756f7d34461e1927f54d51080419f9	c9160ae678b3b20a944f86d6a907af8536dab29f
d28c9320ca2b22505d26490decd4d94e2c2696cc	af945cefa7ae4f165b68afc0afc796c11bb5e31b
a62194ed43573f06cb90592a990baf0b50e48a80	62fba039fb4d7011f7aab18236a03fef4a2a755d
fa93eb6c01b50547c7e6f15d119f08793c413535	d77ae9e340fe622bbba106171ef7bbc003fb81d3
0e4986df9a0ebaef2098ef85b854b56226f5c006	876defeffe85a5481719a0db06605b354ddf30b6
c6f960e808b705988a9c019d5ed3d6ebcabd266a	f210aa8859348acf2d68c2796c173659f32eaac4
9aef4885a42d924c40e3360340d753722d03f718	0f7f0669075cdf0811dd247a482c3b039b0dbc64
31a8498193bb7530d59d17b697b66fb30e587030	1d7fa61a730ce9bfeb3c2cbe9b6be16e26a7ac9b
75113b7c3685618c11510f41d9ee71cec9c238ed	2e6461fb60a40d9601121f2fd73ef1a7bc0e026b
0f4f158c2d15c3ddafbdc376a6bb4bbaeb8281ff	c9a071b76e9dc469c6d38d3f5e998d6cac6bac9d
9f28b3ab64c99379b1c8863a6406202f26c2fdd4	b8c96df80870b9664bae3684f099dd9e8282ece3
71c3177b7c548e1c6687982a3eccd78a860c8890	51226492cba2e3e56287d4f7c7affa87d9fcbfea
e47b6013e3cd4e4be214c0ee95c5e0fce9822f48	793698c93bba427c7256a5b0dc2838620049e1b5
72e44cb2f4e7731c3add44c7abb5c1eb96bb6bd4	2709a199af7419c43aa25222101d40cda3d94e13
41985bac41fc4fbd939826ddda20f69c8d0d3767	fe06e70277298042e0d7bdcc2c47c07a02fcc79f
1c6526d4fe7819ea3f31d5776b079fd8fe874b82	e54553923a286857fd94b01841668b8e4f281ca8
efcf6e71be48a31a3d7090ee21c657d02d1581cf	ec07a63df65ce61b4e3c8087bdbfee7af15366a5
55ad46d306190a35d00c96f51665ffd3bd9ab955	f8b278b9758318a8600f26f67b1068f55c61f676
9f74ee539b2b1ca5b1a817d4bca232218c596ac4	4d2d27c2e574a5d78901748170eb5ed2f318b921
81b6b3751a8d03d38cbd027b70ffc9ba5ba078e6	5b7d6ababa701bca1d9d44a3083637750fbb72cb
ed5d935acf62f03e9382ff0743684ef6fc121d39	840ff28d4be9212296334243d5bc185074695d5a
0c885eb73b6d5260ffb72ebf753fdd235c50beb4	a76370eae6b0b3f6d4314a4b0984187e44d3efd0
175cbc72157b7d91f2a418e876634b2acf29860b	7d28d56d28c9e8ba61e79c42af901883a1ccf626
6fe7225fc222ead1790b57c889a5fb5a11973cb9	3478bc9cb7fc0d1cc1a774f30411c18fcf9ea454
e8e98858766e6f54215ab4f90c076c9d1bb73d00	3a898f77d95982a2ec835007d3062547a54063a9
3b26d3ff1b50d60d31a13f93db60f89d359664a1	7fb71d5f4606c282166e4107e3b9a4e8f8b37f3c
b728e378c5550357203666b3b164888cdd4c9579	d44bd7e3aaa75c46a5e15c19e6f1ea0c71628571
4fa604bdc25d3b02efc9823bfacb52ece59cc4f0	f4ed8a126065f87eb5d178e2d5085655adeacdee
c45987c36088920e2dbc43b123d5ffacfe13114d	8f26904a47a6300754d99f3ec3bfad0ffad0adda
b980bc9390e8a29e351a638780224eb2ea649bd9	8897d68fbb9955a028f1d6b182e81e32bacbd746
0539b6eee2f6fc2228d79e180b96e25c6725f5b6	1ad3a50a606f751a523fe0e8924806fa07126032
c37d5f92cdc67883f3881c7fa3f04b13f95d3833	4f439e7ec3a9f9195354aa846fb0c0df4f353098
25b4ef8bcc9e62e3ebe1bfdb6392ea9c067bfc32	b6666d17c090d75643a513152e5495a3706229c7
c84480e4d6bf045c2eb495e27ccf587ff4528bd3	94b5ce0ac19b8d1fd7d7d631b4ad84a3d60af645
77ba8e4ee2018f58854bd5c22b4ffa9e752e4a12	3e0264d93aee1f75e8a056fad2229d04065ba100
c52d05654953156282da7b8ce0da2e90d216d610	1d82c5dbfa856d9a8147a4301ae6f137c70c7575
7ea49145b84e46c60deca93b1e76c26e31a03e6d	0a700de411f76e2b0ff569702dd17db69e0c2ac1
d1cb429ec54b149ae2512eb0833017874bce8084	0f12ab3bc9d1f68e7d256f5c5b9c74eb0e4d785a
52fb8ef3f487320d4cee275fe622b1ed5c200c24	c136eae67d4302df0e79edb5a4d52d8f2e551a67
52d385662121c46ea691bdfef7ccf8e4232253f2	e46d50e4ef891f866c2bab6742fee914ad7d87e7
fc58fd24be634dba7d1692b9c7b69c8e9fb2672d	8a1b1f71a106401722eea3974755f872d41b8904
5f32a52b3aeee25f8556e03c9203200f8a316f92	9e12a2a2da4e2d9094c0fbb8557afdd13ab9c73a
fe6d747440678ec1c56078fccd85413048ec94f6	c8c70d81dea2dffc8248f062e440d5957e26be6f
25632dfba9ed7b62de9da4c44666be8fa99b2ae1	6dde2335d978de8a950537219b9eae54dddfb582
c0ee281198d848169e6074cd17a48895526a13be	9e4d60dbd0330ea157e9a7543feea4d5b2b04707
921f663a8e452b360b9fb6f52ef2f3b475f3a117	3ed1b8e181c0a6999784355ca1ca36bba7cdd88d
69a1fe81dfa636ee481fe712c814774d1eaa00b4	73c7b6cde83616a04a15be8a7c50d8ec6019e499
1a8cd8a637ae54c300738b36b76709018dc8c5cd	c1005578900c2a9a4c35c406e55aca3b23373fec
e3763906c1278343a05a3da705755a32d55e6fb8	cb9418357fa9d5c133fcc2457aac2d45db67af36
0ceb5337ccc0431340c47d6f41ef5c92128a0454	32cde1d780bb425434ea452f7c41b17d0ecbb62a
7870671bfec42f4b0e5568e323bcaa170dc7140e	5f5ec297f128db1f0cfa31871a62e55c0f6e24c0
efc598dccb03c696fda7787d670ef7d941f54648	8940d05247ceca3fc945c5a345f72ebdeb109a51
b36b605618bbb19355fadb509d59b1b28eb19bab	3e80de9667e805352224efa1baa4f95b81e6bace
b44c70f0026858c1dd2393a9259a8e4128c4e340	91537f88fb37d262ee60871dab43e2fed4b2fbde
cc4bf8187b98ec7f09a090c83367a77a5f8775c2	0bbbfab77d4648a3426d4889d08325484a546a04
b8177ad3d877726bbd7e29a4625aea63bbde226e	36d976944ced5226dcaf238eedd6a2ac37e5046d
dd96f4ec0ce1fa539ed8b6bef50dc32150d5f5c1	f7355642194ec6ab2268352ae68aee1703636af5
c5f0594c8910e61369e8f0f2d00b0f7564468bec	2d9ffd986f6ee118bf077674cb7422d1cd164c60
f44b0198c4474cda0bd515ca657a0b265293cbea	105e442b3e3f26c13706646027ce4995f6eed7b9
5975051d4bdf19adbf3b4db4b451d4dbb4a29fb8	89e002b05dc9fa035a2a4000f39e6733f45cb0a5
b7bc229efb627b29126d6638abda14b92564d208	f0557ce1484d3ff0fdb4ae25c185086608216cbd
957e9b1b33ecee8fac2b6f3edfb0b86778ae88a5	d205c2cca9ed83aeab3ab76b41c902ba9f96ef39
9993d2dea6ebfda78701fa778d1eda47fbec6ac9	04f29c268d3975dbedf0da60efef932b165ea8bd
b9c10396a3cd7d053645d143db527b49563b9174	60ad473c42701c3fe28a1b34f511781a7beb17d4
5e77c3ca2327f64681af3722fa3d5423c07a7653	de58c8f25b62697d6d2d44c21892a7f3eceb4b32
6a1ca7a5e0be4f6ff6d19cecce0501717123cc41	d8b7c516c862f92be734d9e93602d00c89938805
dc60a0a948ed57385618d692176f2da270fd62ff	4baee56762e1e3113955ff2cac091a9e37da23d7
9fbaf4c73150008c1fec7a2f1dde6918bdff5820	c4edaaefb6f234863900627b33db0de43a2bd5f1
02c96881b10e1517e80aac7b8d9ccc762bb6fe36	ecc60ff36cc790f3b4f586faeefe4ec7e78e9eb8
6665045bfc6452d0f4de9343009f95c401811230	f54d6a3e14946926c4003c40980c183fadaf9420
d9816ee55cc73168e205ad47f31a1b605b13d218	78fbe624687aae4368b6f0cab305c390d8ee89b7
aa7343fdf13ae3de208a012b54e2d4963321b722	9527feb98ed1bc4830f5303afe2e7b3a871fc5be
14214da7f229279d06218ad617116e9c5a2d6314	b4aa577b70c59231cf8e5d461f25d69c7a1411fb
9975dba773f74b67370e0811b794ea8e9e6f1d99	5f183b43ee53f816411761c1af4fae27b92f1d12
94c579df2f54a2efadf16d1de87ea3af7fbb36e3	ac8a7f86302298f8de4fc0fa68424140f5d2e935
7d31307a22dfaf73952460dd163dfd936d52648d	f6a696178f6ec3f7c1eb9feefe5b7176573bc762
47b8d1d1cb0fc45e589886b61df0879b505bcfda	8f5dd84ea0be6212713e0d4a6926e9475e13bba9
cded94c0365ca247b645cca258fd7bcc1db7adc5	22cc53de6e7e20948223575b59039069ca80e5f4
52fa9c4488d0ed15f9ed1791a241822c94632471	c17f40ee32177ffe64caca64f7aa015108c7a116
b8fea480f2331e68b139d1b45bf19bce933803d6	effc8b4b5023a13282bed84768b6ae10356a28b0
a6641c2ca20a51853ad61526daa33c4dac7f0e06	bad85c9d92a1eed8f9f47463a258e6f3192aa443
37f82e4fa672d626d95b1a3a75176211ccd63816	da89bae335d07de2f0c58b886ecac5ea3c68f624
fcc1fd422ef48e12e740a61026321e734a3b29cb	3205900e7fb5d4b14eb49754793a5f0a43b53caf
c75da80227f4695b87b755183a2114043fbd3236	3c9bfce5b8811bcbbf1ca021be428d80ad4f71c3
b9f6f331b43da0201ec0cb6ba997778178d648fa	d8d6a75697fb35f449685657ca510f1d6ed3b694
30ea73673f5bbd7f1f394dfa72926cd351632cec	ea6d51a755f07183441d2a7fe52938802a3f2a8c
ad87d60d71c8b749878b96b716b70134532021f3	1b850b79c2c39dfb1b49d4753b3e9c25464c4c03
04ff133b00a0f641ae6de5a77cf92ae41f7d7c32	612aa1cb30cca97b9671717e99a750b132734836
c99162c38c2581e6c3143c3bec9ae9cb6bb465f0	74a101df16ff6684ce59b67c1fe5091816fe998c
e1d048d9aa3aee5e549e65db14e0f46a8086881f	88ded90a82819a6f86c3b80c7fef95b8fd3623c1
ec931032ff403b9c8081e026b7b68118b8a63dcf	0e507bcc01a3f9c27fc881e2edfd5a43e1b6184f
3ef51d6083cee0e047c55741e36cccd6485cdec3	8354764f97219141fbb815cef7cec768b6939040
d8c86c95de4a6e8da64bdc9c8e14168e2355988c	8426684a28ee95c044aaab34a54b129831cba121
85ef4da7324a510faca236f7adfb65cf319a39d3	6638a9353b567cfcde2a13a468cce2a372657618
15211404d932aee9ae780fa6f20ed1f4d7d2bc62	52d4b2fd5d6d99ac23d49f0275b041e6244e4a8f
fafd444d053de28fd1d8abeeacbb25aa5bde95ba	d136627b477d874118e0661f61a80b416662ca19
13340557b9cdd33278f31ef7a870166ac35098d3	b72c66ddd513612f682bac1de631ce466a890992
734d8e67e32b0d33076d9e12b01a689165fc385d	ff292b198eac360957ecb3c425208558030877a8
3e701651ce7240626b0dfbb99a83214bbebdf901	1e3bd7a683311aac367e36b42b410e06c232d483
fed05498af540b3c536532a6d5425f36f29157c6	56912d37064fcfeb862f6701c81a070a12e8e6d6
2a06a534d49a024311ebce4d11993bae4e50b153	d3d526abece05341f78c0e75606b8bb8aba09d22
31308fb9a9164d0863ca8f26074c575060ca57ac	ae94a36ab7ff6a76374db259e2253c20fc4afb5d
e642bb7be4dc700d4d043d2dc04823c4f34bb601	a37151235bb543a804137d33b8f38d856c8053df
268841123303d21aa601c7250341fdd153464641	463dc88408441960f59a376a754c07176de6323c
7c4f09f9674436cd48c900366cae918448186b58	3890fd9ccaa6357c479b4f98db37221946da6e4f
e2cfad9b4a567dba7d633f81074ab972b8fd2931	efb6c757e1bc7e456e93cb5b65ab8eb61e01d25d
718c7d6f3acb7b4a4917a2bd1bf5040c8103a318	5a6580c93978127a34303fdbe3da20d2a7dbf60c
4e3cce555739ad9beea2e2de6e121456d786cd48	c5c37c630a15bd508765193383869531c95297ba
947646a7057e0e993d4cae3ecf6c6d5201ab41b9	1f9ddeb3468b742282ace33f7a4dfe0811a48e09
9bb5b99405b5ac5ceb9302b015652fea0e591c2d	151eae9fcd75bbff37eb68648ec50c467a598b14
12dd600d6f835ab4656fdc304121d13e492289c7	ecfba024ed13b34f8e26879e62ef9b9d99497d37
9cf5e0ca30e276096c67b26a073a9099c5c83d20	8b0bcdb1de0bf5b903ab2f8815646521c9e3df1a
4e1ec1709834c34aec8c6a2c78d024da54db4a8a	3a45787f966053358438e62687a8828ebf0c3a95
a30b9ed3d7244366d5dcf22607df0670ab765894	a7d9de74d69ad03908e566edf889511b2ef8e9e8
2a192318c479630a74e37d12fecb133f7c6a92fc	8bd673f4780afac33cc5ef64472bbf44a4409bcf
b20e83477faf37d8f8698c9fa4fa3df044d87329	3395fe8c462b5be44cc3745f3a87d914cd43183a
cc15ffb7835b959250ec16fc8c9fc20ccf9e369f	9dfdcf60aea52a313b519974beafecd4386fe954
83a802f2ba8bbd5263ea5e4de70a9ad983b66ce7	fe3c21236e7c34e03fdcea3d8e6cf6b507f9ef73
2063ecb77477d71862b4c7132e7d61dddadabdc1	769d56183b8747241f30f6e5258dd89336c06329
5247d3ee251b135962eb8844af149c27c86f01f4	ff8d0ba364932af3fb08ff494226dcf56886b3b1
d0ac7c9139d412eaec870e8727e6f2d4489ca0a7	22472c4e091b749089213a16be2fea314175b7a9
e8f2ef452f4841b098bbe3cf77cfa18f8b3308b6	017a0d4f9b49235edc9c414acbcb8de7bd60b764
8d43e73ff43d71ce2bc6811b802d15b08e84f585	ee8e980bcd5d206b76b6cf8b4065c89ed74452d9
3dc8c854a530b35f469b6a310fabd4604b62f199	3b7e979c9cd969f3e2342f56a4e2808af37b6c82
798468727fd11e9e41ccb142f18455b0b6de2ab1	a1242b232f99df7c9bd7574a33c8b013d3454d64
3830b6a0bf4565092ec841e34e8e9b9bb2c013a6	e4e78af6b8fd7a2430ccdcd24d5dd56966895a1a
66c641cafabf2bcc9a7e6987a4a895528ae1a5e3	5e220e89b386318c55078f343ad1c3c440aba20f
e94ba3c8b83acb89aa7fd857d7a2844429637a8a	4099a31fb02cec4f43230d78511cc9693b5573d5
a40147ed55d7ca9048a0431bec03c16a7a810d4c	e9f195cd51ef74774d06ba9cac7762fe296a79e5
f7c74136f84a3e88a3c4abfdc82fc23a84e9051c	b4857bf158b20ae888378ec47ff9d867dca3a384
ea2d03fc84fcfbdc9e9e44ac4d2294bde43e907e	7b75cb9bd731f887a8c29fa9d6eaa979eb73bf70
e9a93a062b01f66315beaf4be63fda4be5b836f0	21c1cc5cdde34579493f69184ea1bc72cb134417
28e6f75ae6fdeb1078b5518bc01f1e35c6cd946e	b573911d685ac0f2cce8824467056a9f8466123c
bbe23f174c83bb3b9b4b7063a38504d5df21b443	519650c294241e89ba69640bf79ec1af44159167
9bb820ca257ee24ed9b00fbeffef21e63e544ec5	ff0e6438f8c9dc7e2b1b745bf96205cb2b3684ce
23455a00aa19f119109a720af5506ef532a568a3	6c291ac3ab2fda258a2f2bba60c76272347dc332
bdc09da00b3a71fa36606f7587c85f1c59911dea	aad7e9679680bcc24cf9f1bcf3e72d79e310c43a
3d8adde1d394d6473a625dfdfbb6510bc75df75d	fdfee6f5eceba380a5076b55fdcf4f5d920bf59b
e31fdc4264e86912edaf17d4a1e22579587a0afc	e209270761d7c712850d8a32cb9141d0310a928c
c75de9927ec3440ecb5df06b510043e265f3bfed	c7846a4b6e2fcbc65ee3d60bb74ee3b095b28f5a
0e8a8841a986d5476881ffb8206aa4cd00369fb6	77d069d9f2eae197f239fe1bb83e68bc30b1bdf7
28cf8c7d4463c3a2105761d1efe9afd44007e793	c80a04fa7e3aac667d9fd005ee58be7beec1e8db
91257398f260507aa8d30879221e185b588dccc5	cdf441fe1484a4cba3179c6478ad1f6f2113713f
a73e1bcf15dead97db5547fd87236e1e80cc575f	dcbe5c18556e4c2063fea1a535b28f0e7d71de38
6b1d3c776552415ece98d4075ae267fc42058b09	026fe86041652b69fa237cec0e5510ecc64e41f9
f2e4a7b55de490d0864bba87e941dcb03bc37a92	4fb38ce0c553e8221f4177b2cbdc2cdd77b0c294
daaba5b578dd93ecb0f179edcd9404e62da17941	9d9156d1e0253857dd081b6758ef77204f9c884c
a80e8a933a1f6fa815a48e099bef9b4a1e72d5f3	053db3734c4e679cbf647630dacd3f6c0c78b431
07994449ba58b4f77580bdd97173f6e4e6685303	7eab85cb19c6d1801d7eb06a37297dedba3a90c0
8304d995d7a8313603dc6726974e0e6ee620d095	f63efbfd5a656bf0c8dcf41d18f8d33510d35a06
a823dde3dee56c7957725cd12c8f94f1868851f6	ea6ff60289abc1218ef80f30813bd78ccfb88e28
19ad383e3b6a223b73b071d0b567d7b4b05bbffe	ce043cfe034daee1fcc6fee6952f4c28bd3f3255
2a151bd0f512b08842e68844eb77d0a3571e4751	40a4884b3a1bbc03fb457b5d43fe4d148e15223a
439b1ec71ce53cdb9d934481aab556be97c4e2c7	6589cc18710ae748263c52ca58637c8a2d86d739
55b437488e3e4080a06d4e59c904c52321a4d11f	267169f774cb5b0a8805ae80dcf8a05eb091e492
3c73b287419a77f1335e74bd41a51961a9a5aa24	4c4170df18101964a28e786574a9af5970917e95
86eddc929446bc43f70ca7ff9fb5009fd2cebf4f	d4c36a8f26e513d8b29a89ef8d64175c71cdc2db
9fd9ee45b7e219ab092c270706c9fcb6ffff669d	23c191d6db60c4b45f5eb862222fe8d206225f20
ac35d63d4822f40c278a4de9e2020210ddb7709f	18d0f247019326d3664b2f639c4efbce5042c0ef
a014a8cd50b693992b376b4a74a41ebfe7cb3e71	ca33456e49977fba72be77f638990ec515019dbe
350a8a5c8ec4f896011a597567b5c68cadfabc2a	02285ca6211760330f0a5a86fc1ff29bd0f81145
b794fd4dd630d402710ad96f9fd7a7c18ee980c6	29d575f18e5c143072d8161954d74252dcb53a47
22370e2d842282dfd841908f1dfc013f90a97e5e	52cb643631844e6c71442bd0fa1047dbd41a30a0
dc463cfd83819898fbc46c79799e0f1418be8cd8	698d7984a9e165e2fc77a5ae3dedce72d090f73c
aff1a1885a1f0bd5f20c3e0b2a2564647ec0aee9	ddb4e173497c28a8aff13157f5ff8c2f1af4643d
b4e9fea7dfd926e970c80631e6a66ecdb111f4a0	f6ca4d10d15ea0cc0ada5d78a2536bde563e21ad
0d3bb967ee28b74493984970c856982bc8003e00	99b159d333a9769f0cc9862a01b52050e100a9a2
dfecba2a80c8a129ae2b2885a79cf7fd6243d821	7a1f2793bc0eca141e1fba702f5359daadb8383c
4865ba5647e0ea8dbf2f3337eb51801a4e4ff78d	cc9e15347dd0d56763b7b015ad1de67a4deeefb4
97ddfafd737e01dd9410347d7b35bde861d50acd	6a98b1e4b76168bf9fd6831acb4e3accc6f268b4
790bdc0a5919955592d6c9cf6b193d534e6e0a60	f9b4a53eda839f1d63038e9ac2bffd8828b989b8
3975045fddbb2ce3ab6f3a4b5c00011e1bc566e9	99c8f61eba9fcddef8c6ddd8516bd17a66a84baf
156b15bcff550284c9709ce461ff2fbae70a334a	1b8f44397da21839fca227d974b38a92be5b1ef1
d48701b29f0f790700fce490bcfcf1728451f51a	5d77f0404f6d1fd9699390549c226449fac97cf6
30aec8a9a1fa0709d8cf155e648b1f30e1d40c5a	a37bebf7f8d13b048263d4f0cfdf98ca18056aea
ee030b9e6e3ef11289ad61777c5c04733cf2f45b	e21be0e443b85fdbc7f119a425f81e6e3ac1e6c1
ece32ba9014f73ae1ac2618828cd7f5a37054685	fbfd2350ac9bf4c7b8083aa7eef0c0eab7ece697
babbe625febaa86e0fddc4504fcd0037d3c9eed0	1c435a3945a821fac4a93ef54d74c63c672d6970
052f42940366e9489aea06135c0a2ae2d3f5748d	7df7a1846000b8e0987fcd632a8a2d2472bebaaf
7ab24ec5389548dd8ad02c3730ec2fd31ad522c6	63381e53f5ad8710df04edf8ddb96c39f0b8cdab
2f73d1db4a9619ba63691de7dfc4edb9f5fba87f	369f3867740b10458ac51fe64782f5ad01bc6cff
30680570189d907490817ba97ea75f2a93a9a154	7ede0f034181ea1016d74c69a6975da45cc5e016
373e3af675356e3b6a100b8422076ef1c50564c8	698c1fb67dfd2b178646c0324afb771299c80b2f
b9c7b028d50aab507e75cffe42ce4c396add96e5	a0366f864acd1c3a16bbd972e50befef74f77cc2
5e9380512525da2693cf006777bd0c5c0f9c8546	e77a6bfb0aec63a96cc624f54cf298bf56807ac7
eec9d731f6f8e079d939dfbdec6946e62e4b3d1a	88fdcf9c6b319e66e79497498e7bb5d2f5946bfd
9235abaa87d89e0ccfe4bec9f07400f69165d14b	50359c6de6e51d99dda42d60f6fbc6fba3708759
ba3c905762b275c222e1d7a64455b25db4ba991d	836e9f0938738661048bb545f1facdc0f505dfbc
285a399896b0d52b728fab25aa69c521571b5bb6	c4d7061e4c835be607c29417c2abf124a2ac2229
f57e8a76798e2f5f94230fffa9bb165166b12a7e	bf64c9f293211a7500b70ebe69c9a5606d89c14a
aedf83a30b71e24e7458e55262c850085106e712	c724e8c625da852d0e026970a5b90bff13efcc8d
7959613656b86cd5068966741023c5c91d1b6f37	8044e033a87c723e1d7571975d98d3f99133a652
4c91fc06692df96a36a51a392050d50b855e3a36	902633cac917fce63d8a2e4f904179ed30f6d629
7183d4c7719cef0f227b945da4de7ff86b9e5d91	20235a20f5f5d12baca7b8fd835d23cd1aa8c8a9
96885a06a41850ca66d723173d02ec2d9f74d663	a0addf191ce9a83027f5b58eda2c3ae812da1b9a
7f6e2b027cdfcb5cb02d1cbb2854f12044c2e79e	ec620c365bb2864cde5c32e07d0a6a11d300b322
e0b2badd2af211e39fc6abb0eb0953a14d71c29c	df1ed3cb58ef73d0afe6ee8a896fa2aeedecc69c
4f91cbdd7ccaf574dfb0b494cb82366dc83aa7bf	999e27a61442948377c70e0e13668a7e214183b9
7fbd3f2e92fcb871dec5b6251f0dd3c7f35534a8	0f6deaeba90bbb50195f5414749920cfa6f0c929
6afbe31373ab4b4ffed1df9a1829de953861131a	b4c769adee1e8b8006203042d95620d61ff74097
d3028b1d34bb4ea9a2a4c400a88a35dd544824ce	9ac06dcc16e43c7db601dc441482826125964aa8
ecae214d6e7ece17b5c88f35f895ea12718c08c0	107ea9de1e1bfaf3ddd7aceea3456af99980844c
60b11ebc6420ae2dfd924ddd2197ab4448f15e36	f2f7f2b349d2a0bcc5c09c66ddc37b5984003e47
b95a0e2d3ddbadebbff213aff5aa64fa5642a578	cae72066c8affb42bcf5671c3fb1c8a63ebebcac
136d8e53bb1668b54042f12224f03678b0b0b393	ea95a0273227149aafb00072a910eaa0a2641c7a
b97891bfa51c6b6ace2fc5954a2529673cbde823	13bc22a156342e8b2741e93b2af200bf9e46f57b
2e4bda8e4358dfa260d833f2114aa4f479cd655f	1908e7b6cd5b114f3457bc69e3397f383d4cb07d
7b9268f7dd52ad8d138728050b6b7a60f2e6e669	40b1fff346a4457fc2a6eca1382cc10ec3793343
fcb6fd61f6cf5c7f216d3fd8304fdc20bb50d05e	c926bf66d6f8b49317c087bfb2ef2ca679e30a02
ae8533ce322165dd38b117a1b3686434734798bd	3fbb03ccb71655fef3f9b1080786661efc886355
1065ef1244d64ae74069d6f31376c81f5aa3d860	3f7dc04d8803cab6f53e1f1b180eefeab42b94d5
579b19cd9e34c47b48588cd0a34c2261413fc853	9516c70c9269a5c456c3274905c19d92b9e5cccc
3454185d2690fdc97e37cf2b98e590d9691621f0	ed628ebf32381c73bfe1bc85af5e7152faa8f8ee
aee92364d2f7624ac203514e8706b5c809b9d840	2fa00c87ecd794811df3a9f522b1fab38ff05ade
951cdd0f15c9ef6c81566486be8ea143072d127d	d2f423431c7fea233331ea3548423e632ba3bfbd
c790216ce5ac54c238c5cb000d52eabce529d38a	9cbd6f436c8308449f695057c68a6041d145b7e8
3ef6785a963df64ec6d1a211ef423a118fd22176	29943a582a14e87fcbca1764426befb89d6bfede
8fe3c0a2f8c5772e6ecd849e0cbfef3366f11b38	4175698e5d75ee3350106a5bed6c9ce4b036e5f8
f79d85da0efa1dea8513d1c6625c3b1961ee914e	958a62db709cdef1a1c93572d742d4e2cbc3b3ca
ed2dee7aad4f9ef5989903b25164fe0f15d3deb9	a84337d9318d186511928b167bbc444d169baab0
6f6b0d466d9b59647b95e333068eada5d750d305	46ea00ae78dc1a8144fadc48511ed32695de6bfa
1321997fcb8a95f4aa1993934b0b089a323660e4	1f94c89a8a4c3a75a5689e31fd8f69711b9e6ef6
564e3431d420b2ac1ed8c10bae45bae4346a3c5e	176064bb6e5211f6eda4c60cc3ebd629c6c0b552
220301018766271ab5494c1508d501ba8cf46875	e0bb24d1b2b0b266fdf384a3cfb024bfd740d10c
8836a1ede318be64dc1923a312dbf862ef42c9d3	9f6ba8b3c1e5b0d11ba362086276f57c334a6b04
2c8026c0714c8723ee531a354cdffc415a89d73b	e398476e17890891cebd8a4160ea457dcc11b0fe
c88516bbba884fc6b425e111e40dbb56b4512cd6	09658c069d5b95f3634ca1c66da2750a24844c76
ad4b27cb6cee2eeba2a4fd0e22a3999a63c9b49a	7fd33b1f77f607456941ab76f4a61b79bc9be001
ff8ca658e47c6f476d53a2179c7c547a0ac3ab56	6ca746724536fcce136796d998ffa681b3f37798
ab709aae28d529fb2813caa41dfee0c439f87017	f0c0d87838d2010b0d21cedebeeecd71c0cd2596
cab6334c2f87922e791ecda1c23d8d582cb06903	b4027c7cd05a74ac225c2b4f2a5eda3694988f6e
4fcd1487f12a8c7aa9c5a248934b24ec0e2c3d80	d83f586919158282adca612f7cff045861e16bd4
03cde55236ba32f66d083d7d4952f9e09df7daee	4a59fb4ce22af9be10bcff3ed0cf0f63a385287a
4a8c0db81308fe3a50ca3eb516208aea924f2240	e3c1bb1160499c09004d15f4fd39880040cbbecb
5088b233aa2d337d52e93a74fac2e2fb94d90017	e8d73bb48351d536e64bbf4096ce309baac2dd93
98dc22af7c5591b0fed1bed17a35f93a0de97ed5	0429201f1a4d53e2f7d72413790bb3d0c01cf531
f207358268080211086d6c6671a10549932adb1b	0fd4213bc0be5bff486527aee25cd1bb5f2461c5
295e34877d0e7bcb15914242648af57ff339e8a5	9d4b449ee1fa7cfe8739b9ed9daeb50b7c419d36
0ec210515bea2df7bca547eef3f66f325a22538e	edf4f59fecba46bd410ffa45e488609f1b72f562
ed818a6776f0068ae9d8bbf25de6677d098cefe2	2c7006cfa884ea4c4d2e8548a43ab4192ec17310
27d524ea0fdd13c8112755a126bdd31393d0bf05	fc9b54da972f5bc0a6fb57eaa4859ce9030f628b
6b0807bf3174201a7b698b9a1e58dde8496fdc32	34e39b72f19e0156c935d07e8d700eba85c07c97
a8e430d7abeaa4dccbbb90b3d77f0331dd3c34d5	b138d814f814ac8ab226aa1de8a02aa556e9e41d
9063d82af6c26395a484d3aa93e6d0fe07d39363	34fab5f7fd2e4f5b66be2a17c73bf4321d0e36f2
0855e93eb309f6359704c16b06b776913df20bf3	e0a16d1d1dc419b4f194fd60b87922fd4d56cbd9
93b693de3a175539315fbb42b54b54903dfff5bd	23e94c274e70c2179da9854b34609ac30727a8d6
9a5d204c6d3cf2ea8f4ea0c4755b29bb309e1b06	ae606b8375d8d453609893f465d08dfe5a75456c
0d8aff86abd06399605a3f33939ad2c818456043	e5095e57bdfa9fc4740b9f09ccaa9e0aa9eb1a93
3b2bb6818d59c6b9d1ade6a259927c952ced9426	0082e5de487d04cd45de3c20564ad026aee03b00
d5fec7c90f77e9519eb8e97f124f8867b2c18bab	5b3bd7163e7c7648e5d730fc10b8acf85bd9bcfe
3669eef70ed24bcbe4252492fd876bfd33cca9a7	1909a841f81d33057923a3427ea1fdef52edda62
02c35e40bd1e917fc2ba06af732f8b133429e90d	c560b69a5fa441d61be1043d94f7f337a7356f0e
49fdea67db4ee4b93198b6f43cba3fc9abc2e890	b8bfa196d74ebd2721a4c885d432db5ba7aacfd7
8daaf24ca7a56d5c9ac20c87b95d7b7b36d688ee	ac1614c256539a1fbd9afa7296641ae9a7cc951c
59015c8ddcd21bbc69d2ebcfe9e7078efb24adfa	d2ea5a7e5ba180b5a05e09507e9e0294f98f0285
7eee02b868b95653f43672ce3b4d88e74168f9db	af5508c7a27354683f1f810e81d5374b6b7ab55c
0ffaf181c9cd05fb6355bc30eefc878eda7519f4	31e1f767f419183f595ee76aa49222927a07527a
06682ef93d26798a1bc9ac0f3d640addd5c41152	7f1f3010fd1a8e963b0ec887d367e3c839adf585
6e88f340c62f992e054ac7b87920ec452f6498d3	55a6ccac1e4a6252f24856fb90616c17d5ecdd2d
32541f1976aacc36aa6db66e612ad9afabaf6734	7484a32c2b418be178f49581e7b02f090727985e
3e228448e76921be03cc5f691666071d9801ad80	ce2920521ab2e02dc91ef59780776ae0990a0be8
ecec8cef8492eeffa8db1819af7c843de4e8ec4a	62ed9f215995cb954409f160de7c3898e367e953
e62908cc390852056d6256bd1c669fe4a92dbfd9	227b55fb922fca9a403cd3a2292ad1023024038f
44bb3ab233e000e28c9ed798c2e9c2b032036448	cc360140ab6e77ad586ddea23f18f4d2b5eaddc1
8f48a58f170e93dbc9d0166d324651fe1698c773	ea2c2d036918855450845b7032c90fa6205e0c29
b3b0d85568cdbd9187d25ca5de638bbb08a2c793	e10cddb743222ef937cdd7f0b0c1b97a22605875
6b488e677f781dab3d225ee344f11593beaa2473	8fee643c6c348c8998663399128ae614400c1198
32483ce5b8c213dc331020a903ad3d59ebe989d6	be8eea29e8a0b4afbf34b61604ac8419b8e74e72
c81f877b7811805c4bbf555803bd3c86651b3323	010a264808bcfcfa14a8562f54547caab488ecbe
25b6f339cc418101e5342c166a801b9b1df757f1	9527aa48593ba942baec71fdaac71fd9d0d8881f
5104bf142e62afc28c97d8a6bffe22e6faecb498	099eee6a5a22468120939d60000baea564f960b2
a99deb09d47bbed852dc50f26d75184322ff36c9	6f75445f45d947a0bc22a210c2cb3fe0a0e662dc
0aec1ca01c7a08a4758e6cf9326232f94e90abee	f681a9b74f32743bad1b5175ca0f6be3aa260fa0
f488a741987bac2e4d9a23690e4fae7e531d08ee	9a2964f710b3945ef8d6afedaba66da77e743600
6a8cf0a073adb1704cd240064f530a0a8736bef1	c0b70a957e5552c323dbc1d35dd19727fe25dfd4
2a7969b74a3dcc84e22b7b98b6e13ab471e8adf5	8fd58f20c4b17061a57aebd18c74c4e3461cd828
a17a1f16d448b7a322ab8f2aab71d14097b56d26	445b04c432a928ca3b9c1b929660760c35506d86
475b95d890218e337d35e18668efa05c3c27db30	f257b09f6ddfd653d2b751fdf35aa8403f8fa0bf
38302ec03a5797f6452dd28d7bef3d316a05d993	e347140a7cb12f37318ca4ce3e092565ee1c8900
a378656dd8d2e39430cc03669d47e329efa475f6	af66d94d6b6f1e4f251a6aec056711a302e2afe4
bd27b13f75f7e5459280e2318102f9867da683f8	40cd5f5ae2ee3d80e8365a0e4840dbd9aef70672
6759ea1a451f20eb01be5a19c1d9bb60c4430d0b	a18e32461edb239a55a5332a01f549636756d988
b93d6bf52f1a788535945fba41a1148568f7c177	802e291daf873ab7e220edf810770f0a97171a65
b2f5315cdeb463fa13778a66bae5da2496dd6905	2d55f16fbb6a78f049e7637a1282bd1676497185
862e75b1b367e3ec4ebc74a586cb15d5047a1130	1f3a1908e35eeb658860773b2d34211b9c3126dd
0f870b84065523d78a6ee5eb97c6697d6a5ffc06	dcee5cb4f7c6155f65d0811910510e664fe540f7
812106729e7655c3d16a9d0962d27552d682b756	58a3d8dfb37e018e8ba3789012d479a9a1028536
b4b0f1e246ae15e4e53636f6434d6041faa3cc94	75f7f8622fb9100803166833cf532defc40ff010
47cb436df50a9d42780bf9c03ba91ad9f256cc55	0d668db2c2289971b823d1757d0828486b507527
547003589331b45927ce5e3f8343674f82ff57ca	7be965c552f2a63b00e458ddfa5bda6eed73a052
9a635f9c0889d49dc8c523f7d8465b17a1cdf803	0c21295eecd9af2af5c72129cad7b84ebe02198d
49e7bcfa8d258703325bd6a4265c6a6466f40ace	1377792ca985eade97f6003d82ee6b2fdb37fb24
af0be688c210589f10968e35402c134981b94ca6	a9ab4b1c64553e755ac7bb40976ee9181d152a8c
62eb2250bc2dac013ea6ef67526de18ccfb096a8	4152d4eabde36e6347f9fb5eaaf172ebddc526b9
ecf5b2133948a61809fa941661a6978014d1306f	f0f398ef77e7bc03398072406640d62399863423
9dfe6e49b30d815593a4fb99ea3139c245de0ef2	06ec253416be4aee565f2b1978665dd2b62eed1f
1d334a46b3b4a0de81c70d7df9400d3b22616393	662cad67341b60d5abc95e14e109ba450d1af92a
44349828cbb0d86702b2b9c9b1fcb92417f3f66b	f9916581af8adba8131c3304fecd258c166b35f3
f3da3a12341c715308cc5797a43a654c1ef731bf	7401c06a39a4c35148502446b431744a64e25647
018697bfeec1e16b5e5e57432a67c110339c3f7a	3dc9a31b70c666eecb545547870ecf1259340445
4ff9d15aae37601742695cb039852dab068e176d	d636137a8645eb78515e959b87dffbb3f84450f3
d630dcb5da102bfc9f313d3246695e72a0890f5f	298e3e1e092fba885480de56ab1e4c721f833464
4c84da7a0bab7dbee9e1d152dde2ae8f57455a7f	cfd1fa35a1466ee9f8bac9598775dfbf78997437
b238a2f58a6cf2bed8a786bbef2d4f4925facee3	78561b9ff2c3f2828577b96df551ac731e8bfba8
15bb988b4e94c1c1226e89fb92da335eadfd7383	ec1abcb8668564ffac1f0c2470a4ff18220bd1d5
6a0566a89c3ec82dbf46db57296168b17ceb3eab	9fdde1ad76813a32ad94892fb23774c828ca4769
45f8a19cac8a69498e6d0c391dd0f0aa9c8ea60f	b0be9ba7cce2301d9e0cbadf99873cc661a560d3
059b88ac1510c8bd930b0e1f25527d115f8ced4b	c461e2fd54fe5bf488efc2e2ee9f1c19d0818c61
6f5e7bb08c49b3264f925a8e4094d648ca296aa4	aced0a5b9055a487d15adc03df641625ca200554
dcab56fcb895c1b4b3737580e986709e889887b2	8faad0f081b4992495bd4c98589ac9bc597fd8f2
41b41d3a3007f0dba7ffb6fd60f1e9434d978e5b	135d31956a23236735b901392e9503e7b83869cf
d9227f130749e622f747e5a23bb112a21b5b158f	a10994f3bf8e69c762d83b18a2a34cf684c9ad32
412bb8e8aa7e0386aa08990b686a5ed3f76cb956	e419e7a43f17f271d94d8a2bf3f54d47ef5cc2ca
fde422b406a6471491f6dee655544cae9d32ada6	9f7b8558de72295e3ff4e1f6f340a8c7483cd6d9
75c3c3340b42c7e3b8b73fdfcb1cc69c4842a1bb	ac8523f0d021adb53334b0dcb3f23e514a39d666
1c0b524ba3f4e93c48dbc3077fb4ce7b12c7fac9	4df39c212a8f6e8a3971906dc2ab1e3ce39ecb8d
4cfc8f3258d193b6084dbd925ed87b143ff0b6c5	30d604d76ef3435f42a607e6227cece19f9069dc
e90804c10f2b8d7ec981b38b233674912434965b	21096c27b08e60bde23949050d8d9ba2a5dd6377
dcf7a8f18fcbd60b0273983cc9fb1858060c2746	0799d2f42b7018c6f59ddc2caaf380c4af16ddbd
5721a8579c19631464c8f9a963abda95d2d3e3c9	132aa0441459b777860a953c2205bd3955abe6e4
78b331fad8ae16128c0fcfc2c8f67ee049f2336c	ad552ffbb7e665aabd7c5f637b9f3bbf1a5c66d2
61cc344319f08c3f5a441c36d654d0bd150968ac	7da5e8f474c543035a609363c1eb7f929c2434f6
7953210a2666d04934f3be6289e4447415b827cd	eb9c1348740a82c080daa22b69cea10e1f0c8fb0
42c0e66010747a99ca0ef626e6a749668a47fdaf	63be92485596b90321ca12bb283788b0a2de3981
94510cdecfe7ebfdbf314d7b37c527ea8d8d4d6e	75160c12fe7cc0a1509cf9f945afe0072824e0ea
acf2173381e1a1f7f4d66b1cb247a0b2e5b7bf42	fbadda084fe7de753414890c783bc55c4d23d614
23c1daef222ca7bda196c074deeb834560b0cb3f	dac30cd42591821261ede440212f310d1f4b5121
9055f63592202453d5e14d633a5d14870e465b51	a65325a11b90cb1ab45da0aa601ced4730b14e05
c672b87920094cf89c4e44afebb4e12804afee5e	fcbc52f8a8a5b291076ab149eb17dfe8a59d3f94
148e24deb465721a4cea875a289b738374477447	3d640bf933007f729ba9c0a7610efee0f459de77
d124015c6f5dd22d9104ea591458922d91dfbf8a	707fa92a2eac6cd19f55349d89d3c83a6ccebce9
0c7cd64256f0c139554ef008fd08e31df6fc7b86	911a214fa6cd23eaa3910d0e9fe718e38837531c
db59267e9a662309ef0b7b1a660f0c36cbb2d8af	7ce9987fc5bdcfce747654b427393a199504ce84
7d4361cd88c988398ce33b98e390107aa9082c00	7360ae36282f082c8861554b8ab33a9852a40594
8eb27dbca9004c2821dcf186639ba65b385ff0e2	410eae56a1c24a64eed6e1d5cd0d498853a2c418
fb05cdaed92b6ad5bd7c6ae68c8f0d08a6cb410a	8fbd443ddccf69e8a849e0621c802275378657a7
605e4de401bc555b398ad81b3773d69a005bdc89	4d4de9eaf1f6aa0278c2da04ce0d1a0e67a33bfe
010778569318cafc1c975e3e4db9924def330d77	a80ae2634d91965022f9d4962e5d669a8f41d32b
e147f59e5c64e60c4bb59132572cf43237a1907d	5094ebc401b293ff27cddfc45bb2c8a7cd2da24b
196ac3f5add1974651609e8065fed9db9543cbd9	10751e2aa2caf7fdf0d42182aa0dba81b42a4364
c8dcdc1f2cfa4cf8c74855b5aa599a91c6825a97	07024263a9c03e4b0a0ffc7c651df51b690bcb6a
8f634ec5b8c7b82e25e7424c59a675826c596a6a	300112b5a7f7fdcd592e0879a744dc8334fa9f68
692d265151b45b7213caeabffd43f9112ff47a8c	daa71468800cf9b176c725c91716c7fa83051587
5c59b5ac9625b10899f7303f9465e8d4d4c895fb	54a20312ebc5fd235abf948bff8f70e57a8b5564
526975a1d3820201372e6a3d200087c44fa2170a	63efdfde58ad11c32173ea9f7ee4abf4b639dafb
38627bcca1e0e1f26ffe4c6a88ad733ba13ea347	75c688d6d00677978349e4a0882968fd0d8738b9
58a3c67719be3b8c71c45c7e5201357cf4380c32	88392dd5c073675ed446aa6d50f89ac66b16df0e
45345a530e30b8bd7172522d68731880363d2a64	8d7ad50fd6ae37ad81727d0379c828af5fd55b86
7d496f24c309af2e5af30b23498f9583383fdda5	f10b640446dbe9ecdb76abdf56858225793666f1
f58e245256073ee18d89db9614cb9b6b40a4ba51	6239556cededc24a312ac62f378d2aec9c4be045
636f202c04c03be09e12c400711a33f5801ee57b	b08068c6aef1c0b3023e453b3efe890282f274df
f159be4da10b6cf75d858addc89e0ed6c03284c3	6566edc35d939ad1f56b6dfb557ee62d5ea6fed6
7e139dbd88b2287c4ecd380b6307d6e769981a23	96bcba5b500bb8b96e8f71bcadf04ee9d5426cc6
23a4431c1443694e9bea5245cc3f15f84b8ba793	25a2578edc57da4e9d4ab35b2edeea957a7dab23
3994ad7533c760df19f3ad14636964b159142183	ec1f462035eb530e156cf4d04255e3db0c4d0a2f
1a055f865a7ca9801cbf1255eceed08648c3552c	6868be8cd3b23b91339a3ce3c763110f4f672b32
5f3b1b2546d0033b1d6ca87b0c654d292728f01c	8cf3b4854e5feca70e9a313dd082699222886c18
dfdcbd139b5c1c0805f449587eec0cfb72da614b	657873ec04c67a9fca44e34df52af3305891ed6a
a198b3171f4818a550f68ed3e1eb67f6d9669c1b	ffbcc068de1926e8ae43ad260e97c3a46449fe6d
c873ee74b4819efe18acdb7b8e7ced8e25b165ba	83605eee83af7d67ea48cbfa2f34e9bd0c8e51c5
208ab975311508b4663b2b03c8b7bba79a638be5	ddf0957a617d58d5b02a13c5acbaeec73ce4370a
0a3f8c5780c2c98d802d231de3f4714c044065c9	6b3022006ea1be27c1c3763b135c15cf0cd96b62
a8e41fda1cfd71e6870a6f310804acb4ac0545ff	61b9f95dbe84a5ad9ba265c447802b1f1cd9739b
a50309f1c0d0172156a47a6fcb307a7e1fee06eb	8a41acdc0d07e90493e3b41ac7cd39c350fac0b5
0be044a13126c91fae16c34d8e74e032e1181b35	5a64400e547c6b3509c8292c624c336116b15120
2312a87eddc244069f1c8b443c3678ae11dbf60d	f99e7052eac6613a90aa9715d7499fe833d69226
5a33150196e566246d05ba835cfdaf9e67479b80	d36af8bb02a7d9fa4701eb93e66b48c9f9d625e0
e39820e6b98cd217ca7b54291ed62aba00650670	5e29acf22661f94036f166e5e3afa8a0efa2fe68
44178c9b171895daf335591837f18111e66b4222	c2c8b108815be9e193586715f87d9ad357489b58
365732496f956fb44ffae31341bc4780afb7817a	87a174361cecf907abfdfb5e14ee51abe5631c78
c7fa4acdcc2c5038bc2f16237dbc75f550d4325d	f9ada013c7e906c85ecb526de0d690adc26ece9a
9c6a190336f3ec3e3a96aaecfed54be794152793	edd5b980c2ffbf54838e8d24d2671c295da8e48d
7f5938e717e42bd4ca435b33c7a0962a1dd794c6	ad1388b8880fd79b90b041b5df30eacd7219b78b
e998ded4e0715aea528859acf0608a9a497898fc	3c29c228f976b937d82e323b0dd61e5c044edc77
0408281b82f912583533977dd0e988a24f33dd78	e39cc0e3c7b12f33f254ae64d1d41f51c7da8b64
40435a4c83159825449a2515c878e2d1701d286f	5949ec798c98778e2dc7defac3d8b020dd8ea9e5
f3fb6074ba92f6e25b112da6341ba58c350a6f2a	b90515fbca22825b2222b0b5d82a81bbab08d650
a20974c495a6378b35cb70a08fc415bf4f0e1a9b	a1f213dc1852fb0e30fa3949fedf847b4ee61372
4437cdceddbcdd6613ae7fcc8394357fc4715d14	2e2ab3a969a57fc7be8b4b22de41209a5fa7eb4c
c5fe59c336d77f6ef9cb1839be6a57fd699f490c	a3a396c9f053458679f892859d98df40c10b859c
180ebc0c8a6c3eddaa6a8ba0ac2f885a69bbffd7	741c320718b93a3f11add7a5014cc2f6c0ec7738
58a743ddfb11fb38c30a3875af6c288ddff2d168	00fa53df15b206b8201a74b37f666ec661db43cf
9649f21c6b00f6dd348af7250b7e1b57b6b89a89	d41ee93752e6230a20319e41b14761c67c63c1cf
a272e6e3504d086d240d919f6426f9bd04bf3e46	a81be576518c0b224301b5cc15b1e85315d014ae
9e709b8a0cebc14cbf23737283c600f3ffaca617	021f3a9ea4c43c06525648588086c62f1267d1ca
c65130cfb6b405fb2ac261ac8e57a12f2dca93d6	ffe978352f85e6852e0a8e8e99173be814f74d1b
32f8a55e3983e622a7f5b27a45df84423dcde749	2782865feb3b735ab2ec4b0709126428fc298d7c
199b62d26e61f4a972501ddd3d17617eb68cf237	0c4ab15e7032ff36d0416f0274f5ba16dc8033c3
cadca9a3fb6c4ea1f8250f627e5b66786818afcf	796f8e8c04d1c7d38a6ceeaf735e5c766618aa0f
aa387f0326b39cb6cdd4ab08147d21d9145c6b79	4e2e0f5bc0276c98b46ca753544ed23509b8c21f
6ce93cc3b7761b490732c18630fdb6a9bffa99f1	227baab2f4e758101d265dd8415bbfd76ac21b57
9a036d75523aeb407c27912baea5499f15ad3dfa	b19c7a59037356ab093c2f8822039a0d16fa42c0
46aa4d23ad516be62dbe4438d48f81f7fb0f7beb	597b18a7efa46227cd38f4a48955ee8d7814e7be
de721443b1b0bd13aa01a92c688a14d4c1e90227	19cbd11fe14e160b8b0cc9d7fd3cae5ef79aba82
a4c1e7035202b20e0164d40e759390cd1d7313e8	6efee3d0bd0ba1675f9b59bd04728c130de4d9b8
3ffe5283676966bfd9bb97a1977a11e1d2d53687	adf2df42a3a13027754021b2bfde84855105117a
1345a88c76c946903176459e21efc9eea8ff2c47	0e53a2c95fefdd4dd7c4c841176478f441b35fd4
a92b52ecc3deb9590aed9322aedb1e914835bfc5	72719e32a98617af3a64c441ecbefd2edf735fc9
421695acb6210159449f09192c783af2c3184126	9cb11e6caa60e8c96666fece378a82381ae6e07d
d5fe6ecb8d583b536672c1050ebda2f03fe2c381	768f8f9299e57b5d6df04ac1440295ea4c0b59ba
f5078fb30299244b5f2ecbe3d750025cbab7313c	6e054df6cc02e3756e7874f71b0947b68d45fc23
e7a9c798b2e421776f84dc872d92b3d6851fc66c	26c25e54e286faec3c27684510de3ebfe77ce12e
43f8f14c8c0c82bcff6a45216c6a28c5fb944511	f6273150bef1dddf686549a7a0e9242b65d4cd10
f91a15f9c1e5e8d21936b22bf91f40842b9657c0	9151d98468b126ca1dcd823b47749c7dd5da75dc
0b59aae646573a67efdd0e2785e352a09f911d0a	b92d54481fa2241835d2e7c6a96fc71f9b38a27f
cf2a618a1241a8a6d316be9d9949d0a0797a4f3d	05588febaef971c3f6794081bf2ebc0b57726819
0346e71cdf0ba531b23c66b1f4153fd0832b8b1a	05d87feeadd1086e92a813358ce926d22ec121c3
d9ad7444ab2f4a146416eae06e47316ee9ec014d	4bf6c193bbfe1064bccc61b48079bde9f261b8b5
0824ec8f96bcf43f4659c90ab2a33ee72df20a77	d3149765b856dcd68ab6a7d023d894dc7e277648
2c6843e727fa019ee5f50e58ef2c8ce1fd8b660a	87d78dc3e95361b78d55e6df13ac10417dac5c65
7b5c80195052222b921a1bc0000210436162a353	5d4c799c9556b2a5c53c4a8d29eadd487161ade0
1736b7b8d67ea5215c0696edb44d0073e538f1e5	7a1da3cff10fb293e4ee09d7213566afc9494d8c
5c671a86573d2580d0c94770d9f23a12653f10f1	1028ceb6bba1ca5fe89956bbeae7e9a5d3c6e603
342b0b55342b047bd0a6295f1fb8423a2922dbe6	2c1be10a4ad98e3e4c73e05fda3a4dd5b4e03acc
78582cc1dfdc0f24c6da87e394da0c0ee2e60431	4b63b4d35003823fdb52a258280c62ebef5875f1
ff0f816b239319b49b4148e31dac0183e71c54ab	a9d60cd93b5890b8962509deb26fe959f5b68047
32db56d9ca68786a053a35d7f54eb08f6c83d454	e35a18a95b9da1cce66fbd02fd8c8774650ca498
9fa58b1f632c9e1bebfc88e161db774b60ff3d85	e1bb813138688bc1b6bdf0edb2461da029a17ec9
847cae88c07e9a4b6fc11e5a0d70385d5d2279e0	8dc3fe2386cc909102015e9d92306a1a06f7b255
a675bd1b2633bffa7b16f62494db967970931e0c	f26674fa1a6bfbd1e4658b497326f8b2209f174a
9b686ac5ad453e82b7ed8e17d1505843ed2440b3	922890049ed23f934d2a18e51ee73c854a919167
80fc5ba0179bbb63db93ed8d7430a11fb9128fc4	8c7adbad5cd94ea5814e7a71b102fbcdb2d84d2d
012d0612aa7abc26c675532fed340c9ce8135710	c5ae9d3369fc5c9e6c819d30565b21e05b23969c
ba685654ea7c2cebafa128633613bb897f00ca2a	1d7da2ae8557ab2e7cd4debf8d0e4987ce796ffd
1c8e8e69e2acb2cdc582b13aaf81a22d2492f6f1	3f8b9f4cc25666bfb633e5900ab3c4281f71e689
61ca6765b3835761a6d1608f7a59ebe0e9002ebe	f9b2632d1c1e73dc8a2f897651212151dcc99ccc
045570317aa5e7d27b6000ba908bda66c83fc440	30a40f1831b2fc8b60f75bcde69485b64e838d97
9986dac0b9fa55f6e37b11a7803d96167453bace	39f91888b3656960d85a00bef9bc0f81f639c1f8
b724dd7e41db5863099a1435c826a95962ec6eb8	2ba07d64cec8f165d58d588e395c7bf91fea39ab
50a6fe39f58d16bcad0d4b080bc22862b6a74b88	d9cc5f245483a21c895b30595df86874ef95586b
ded53fa5fae64b1331cb7212a50febb7b60b2b07	e09814d028c0832bab834a3f2bc8ad45ae72b10f
8891cc7283975e530f467f9ecf744a7c6be5dbd5	d6bd7dda3a59bf8d6f01b386d81c4e0b5473f65d
6f78bfc361017d2e5047a03a47ad111edce20806	b81dc17a3e11839fc9230f777daec9b4ff208823
34138b0965a16d779f39ab4ee190bc974e79c45f	736f8d1c3c63f3744461a2ef386abb7fe7dc5c4f
8c8c6fdcc04283e182d1eaf65f4b28ae3a89fb4d	4d02610b3ea6fdf582f04357043a91bc50c0f0f4
6e5a663ff2ecec653a6d0ea7aedfac5dfb402c12	b0ffe2be3de1ee1eb90c21f006adddc1eaf30a7a
466bafdd560417e10ebfdad2f8ce82a18292223e	166c2ca27433b5790a3061caf278e3786ae1fe1c
59db7f599623a2e5410f965c04676c80926860cc	eb77bf65fee13223e709eb74d0a8917b58391ec6
2974f89907572010cf802511280f9b0e58036309	2950dcb372e3901f0a8745bd1065c8c0c2a5bc17
870d70d88716712b56d4280153e85e7e5bffdb4a	906719e43fcac91a3e7636a00dede0bef79f27be
56b490fc17323932cb90cb2075fc9d2b3bc88e32	17d20d92cfbb88909586427887f0470a93229c22
eb54bad2901341aad33a4a287c2ed1ce37d835d7	a3664d91947d7583ebf8af7a15dbf5a8b1e4e88e
23a9b1c979465de8101f45664b8da0e9340481e2	f818c6b2aade144dca56d54c408e349e94a0eb6c
75bb1a6bca3a5390fedcb53a7c19eaf068b6f7f0	edfa68cbe128d893540a337de65ef75f524b7913
c82daa6bdbd5678c7f6cb1f29c5963e9db47e3bc	3d8b3e7b1cd2fd1828d976ff1c174477bdbb3a48
7140ba662d2389f0d46d66bc011def3f3b2e752d	4cbd9de8c37eb50410f51546fa52789135e73ba5
f3021461d60320f26935da737d289e238f480609	a4b586030ca3693d1201d0ff008a3f1cdc5fdf3d
6ccbc9f9466aa623742a61ca0467e7939ecb9307	81e1fad7ec5c614836832d12bb6872fcc7a01021
a13ce0218623404a97f2f10d5579a842756fe8b0	8911e837cad4029688f513d7e3902c38f674f517
6fd096d1ce184ff647c30f02bb9d363cf44f7ad2	49337029b4ba8538d17d5326885426d1f505c3f8
c6e8847a5f41774c88c6a184744395c3d5bef49f	1d87845c16cac6497446a71edd205ce3c72186bf
8408e341599ace789471179c7f38470d1c53807f	9a58d2c4ec1b8ff04ea58cc9527a8806c2e85a88
bbfe091986b55e5b218885d4e9c6a17d71be4bbf	7c40c701e0546600838b1873cd27d125869e12da
89f0065dbd969cd31f165294c7736e5fce178006	2ed483854a824656145e86ccbe05a75305c063fd
7d89e6cc60d854088422648fcf022ae055125b85	553540543aa3aab5f33c7003709a8d2f3faddc84
58c57c07a97980da6af9219bf30019a08c037e38	95c4789e494256b321f1de515ab69f50c4c6e9cc
302c81b4e3fc93df221f5b51ff7929e3040acfa5	e2b8f968c30fbb3a9f1c23a4c13a87d1fd10cc76
1a44b34c5cb0df85eec30b1c3625c253c35a9f9e	c2268b5eddf061425846720624e61e27d64e01ee
9dc6521b6584939860571196c4c90c3910466862	6aa2ca01ad7f0b14e9b40773fece8574d97ee258
954e9fc6deaab9f9561c9a00fd47450a1a7925cf	070d3f4865647eac6671ad0beb00583a05f05fcf
6388c94b4ec1771ece6db58e7caa9c12af87c622	a4ba1c02e4b85f4bc347bf38fabcbb03ee5e5acb
e3cc5d8cc9abf3191fad4c1e9e264f67c58f312e	33ad69a9efde1f32732e58193ed86b604ee1e772
f2412dfc54f6b063a8467ca8f599be80718b2c13	86d0f4cec62a298cb3c81975ed3463f74183c5c3
e9c5a00fdc680ac889d2baead7f07eadf4a7ad28	7191eb543c0cfecfe33432af97f008d3cef11e1c
860aa60efc0e232ddf6ff11b855c955269b0e5bf	883879b3febb03088bf7fca4b4638a1e67592be7
926ea3a61211a26cf8c444ad017a396a4efa5efb	6a941c5516de862cd798672341839b7bde2cd9c9
2e2ba47d6baa4ce983b456d232c49f173730d850	7575aa402b3d1d79a2d272248ddd4b5227fa4bf6
6fad00a02b8edd897f0301880888536d06a218e7	29bd489072591914c9993959313e4047b1afeb90
1a9a7982fa26c7189e7705b88981efb1d0026b31	8cef34251c545b4d30d741d33dbbcae0e0b88969
68cf2a68f2f8b880cf1254c30ca34dd738330b6a	4ffe12f6f9fa485337c9b71506a9ce0ba2db2d06
f1fa051f32261e3b8c872e4b35a35a4da596c6dc	5f7879c5dcf0baf6daf96d10411f1788eca6b72e
5183d278eb665fff8b8018981d455b77469b694f	104a48d1f42be95caf065b9f62dddbec6c678f59
8a2312ad06a50b064a58e3786d63f1fc532240f1	5c108e38abca6411491a2e258d2b05bcf43440e6
424c8cd46563d563d96a4fe44664053f225b6e47	0427ea389e8ef8743b105f3bd221ca805381feb9
6a9c03b0feeeb4851e9fd050fe4e464b9afde12e	c9ff538db4a2fe5f967a3c6048b2c6979486ce6a
83c24864928d5306ce53a71fa326cd5c6b0eef9d	a13b3cfe44a0a01c4fd572658965c335124ec1f7
6c44bd3d51eaa6bdca182d2746bc8b27af6855a5	a09e786cb4501fb00c2b8a589cfbf7d504cfbee9
0b83a078fac7f19e5aa7d7e1b63338a266284baf	b82e4967ae39a3bf360e17cccf9d774b2870a32f
dcf8b15b261dee77bb20647cf069a200eeade70f	3c2d616cee704a20aa2e72f7f03f7a4530dac2b3
d1512968db159202d517a21288da858a288d85f0	b87f0efc4de77da6eb726c22ccae86814b0869ca
978c6401e8a7cbe8178718f090f6f1d79527714f	bf06c285006ada2fe32a9d8e3550d5562fca32cd
e2f567fed62be578661583e1759b26dd86f96ba9	e84abcca398281218a1245392ba850eeb6433bae
43a06b6ab600ceca55e578b717ababd3743ea229	88555d3075ce35198ed272c02699f3d51630dcfa
fb6e2458bef83ad1fc8f98100802e18072f50fc1	2192b6854e982e5c79058840fc6177dc851ee55a
61dcf0f325cfdb3571b85857244e57d7b979051b	540f7ec906b496d1ae7728df52d556ce1b0e56ba
9e9f82615aea1cad0b7e95ea36ad1268e865d2df	2923a1fa720242d8e79ac220479c877305a6bd4e
9a8b3f980ec93b3252bcb31647da3fc4b25358be	714bbcaa9a07990eb778bebc995602f314f00a36
db21ce6a64a297ba3bdcafa5dd77edef7c089866	ac480be8b3bd2590a57d2781663de5b35633798e
ae42e4e8c81ab33a31cd6bec4dccbe1ceda7316a	4ac30497370ddf5e0f5c4f5fb37054cbad3c132c
790cff98d4412cd86c28b19059ec9f59c803b851	37e7e6ab689f3eaaf1d8066195fb6f539811bc00
822ab23c1974193c47a71fa47243e51e3d56a584	14144ebafb7c9a6460f96fecf0f6411a8637607e
e95dc02b36d6de9d5c67ed3a78b4d334353ad653	f277c827c782c7c13858310b14c211dc2f6e05ca
e35355f8171e5491697e70ea22cc31a2207008e1	87562ea32d2411eae6dc9abd395087dc72395fea
223af207237ef0a640a93dac51ab0d23c50a8f67	df074ab11c07db7226961916916df257bcef29bc
766d6c383af09110ce39032f6c46e64b4c36c65e	9555245c5a51a0181a1d32fd813cf7721a550fbf
806f9e53c826a4696edd29e4c5db871498087cd6	03e69169bad24c5657eceed1cbfbaa2a907dff01
a7909a12991e168d87566663f0efbcbda29ca8c5	99a3e433f558a82c42a10e3e302006b49f36577f
6cc7155d0d1f6f46a95e9d6a6f50dc2be99682a8	bf905dc1184d3e044b2bb48f1f46b16ea00fe7ed
252ce08a28da0f0c95fc3aa395e3c25c1f406f83	0eaa67a218957a9cc653dd7150167a0216d45e19
8f4f5ed7b5c8eacb496fcaf8a47f68a3e8dbf455	d0209d618ffaa52c1a85de6076aefabc2782868e
bf7ff77da9e705e4ce818738c7eec08b69d63cf1	f5b190d8c4ff62c0315ad3b486bf0d10582b696c
c2efabeda1ebed8e1765844148dc162d60e3e661	df5d2d420ddc80b0a51f89f1cc367347e73735ef
a96f961232a29c317558f1896bb0952731907b27	9aabfded4bee6c64f0124028e6a54773f7231ce9
e6e9a2343600c448911db8558ec0732027cdbf72	4d6da1514e31355cc4d4eb760f4c8f8770a1d944
56b9d59ba9a1efbeb0e771161710b07a38140b3c	553313f68159bb43fb0417673cc6e32c389f6679
178f9548b8e15e58e243b1d0ca82dcad068656fe	1bc82346cae83c702319fc0b9c026b46c9e19969
fc663c59a0a20b9e6a67843cd646ea8ab936093f	e55d806c00e98fe06d796a07ee6091e236db788b
9098422c0cacabc6013e1bda57e82b65f49f19a1	219e4c4e2d4fa2ab95c148febb785eeac372fa29
350bcaf2fa7b47a1ece73add640c715212a56a6c	f87becf7043349939b86aea4b4975685829b2243
9cb576bcd627061f725442774259da999b77ce40	472d100623a9b6066a3204b5c95e0433ccdfea92
12e3b7ddc208d0d668c3111dfd95b65cdbd408d2	ba1bba4c75815242cb6c96c54c76be86d31e7946
3815905967937895e8577f5d4d3aa4c259ca742d	eb449c405a1edf0085b3eaeaf3ae6a54b870e7e3
63b47ee3ad3e1f1bd9add6c003e0ba4ec36200d1	7470b1450bd4cc97405ea9c5674e596eb5b22d67
62efdb6a6a25ea0732c7960ee64052f20e7d90f8	dbdb36c80ace219f14eefcd2c17b2cb1f3c5e765
99d1aa5ac8dbd4d62c290a568a12eca484734960	1bc697a9afce0578dd08c54a46ecb2b6ea592056
2041230c15884d714f665deacff6e0922dd9b23e	c40e323b8b68a9d9813a4f1e36cdf1706cccf24d
6e07b38f5d44bb1adb2df3e608ae6497c2370b62	1b5fbc4ecde31052b33a290fca6dc1c057c897b3
12263d5511259e5ec569dab9c73bdd7ce5bd9697	aa13d660f921cc73ad21f904d71d5ae1f48bdc7b
cde94aaec7e1390702d0a797aabecdc62616ae74	aba9e664516429fde3c278a22746644341be6d7c
a16bed71071794faabf79a1f2ebb8e3e882f80c4	4d5c002e398802d9e6b3e3dc81d57e13f94cfc42
736bebff6e2d9e3d5f4c86bcab2b598094b1ed72	e7ae2eb66556b3a4c3cb295f97c28de862aaa7e4
f9d3849282568a6c9ac86aec66d8b6a6fb7a720e	c0385c83beec9ab012aff7c524000b9b32a0055e
d8a484c2f6c6785f83aff8f31841ad34176b9630	b2706dcfe77319108fb324241ac35cb39961a3c6
ec2e3f3d9ea54d41679e29b9901b34952688774f	7595d8043c74022e01801941e5ac32ba0d905010
32bca0b52e9398b3c21a6d629cc6e82cab07fc41	d621180e153c6ca6971b984b6c6bfa06ffa992f4
dced150100a21c4413e7e7a324c71843a1d85f87	7e962dde851ee789e98d5dff25ac4a8e0692a7a9
8b07278ebf1ad2d70122ddf783475da39e61cd35	2a401fc2456e98da91776fc7fe0d050c44e86000
350cf572646d0f637c817ad912893ee30bbf3743	ce449e513c6ef24c98a05af2454a32b12b24711d
efbb0e5d64a1d9bd2618c12db41589876da3bfd8	24c69e42002888cc9bc80f188fa29206a527f3bf
a7cf3193710894994ba8f33e4fb46d010cdd060b	a5e6d4b0e581b2764233c2065470c3a64bd1d47d
52c44c8bd9835118e22dcaec387aa925413b1014	8ca9b6b718e1fa33c9f1904243a999a98a4b9b62
e7472a1920e8063ccd68dae65982cba0bc4fcaeb	5628fc914bc0ed191a5af61725e9b9065b9f9234
e0d5066b9f32c4c4943473cf71fc8d1570364134	ad6a5025c92eed370c39d8a7add9525f7ed8c99d
07a7058b6911cb19c0961d0ed03f80cb571315c9	68c9c3545fbb75a466d96134d4b4bca28abfc8d7
9de05de3da77ca551bb6c007bbf3986330314cdc	db719cc7f60bed822651e7eb31bef407b994cd4d
8652cfc67861c6ca912582635dd7843a82001c7e	bedf97af72a2816a628135ee93d829cb9f32517e
2a0b9758a4ce1063a96ac22a4e046578a8599610	c949eb09d9113932ff206ed527246312a4a8e25d
5f6b18be7c33860e7a59605c065d7002bb64e78f	edb5ccd1be42bb13dc1bd1fc2461a1cf8f15a0e8
2edf32f2489bb0049ac05c092f5720cca7a805a5	f8a6d932c5d11b62fa3c1fd7c3ec1ab9e029c2d8
8ebc1b870ce3def5bb11d387a0acb212bad25978	53443ff8decb713feb62fca87d4bdadf61e7635a
53fa132408db1b80f20942fc0df79bff52b48f7d	552f7273d10cc6670feccc7e0b971da803edc6ff
bc54f5752fbea1b8ca26251d0bb6bd3b68c70bc8	90b88c9cdf372f073dc59551eca9aa9abed36e8a
3f2c76d5d6d1c6eead78d3327b42023b7baae752	e95db013578bb69c4fe13aca9ce2cf8e7d29ff54
fa8a413f5f1c91e96bd1f7e73acdfdb652e1a2c0	789a06879ea76d7c181f6889875e78a631879b53
733f74883c66b27fd8ce1287dc282c29d0ea009f	5f2b0026ae0c23cf4d46a36fd31e51d7f284846e
076a748d9b7134b73ff2b6f8aac8a8b6bdc6dd60	b800456c5ea5936b96ce7631f0c83c4f0680bdb3
337150538b2d4df43a92083b16c065d2f3f0f689	5bf1216d92543679d6caf4ccc45dd4249d434457
82db0b23470ac9a5f74fc136d14393cb5231080b	75cafc0ec49509bd654976471842e3a19d3d6f4f
f57244dd6bcf709a010f6947082276ee9475c263	86433d697632e17e5e2e4d38af47eae086ea345a
8a5db07f5dd65388d35d3fc544e540fc3fccb516	3d71b37889fe97b4d4ad07aae9ad959e68821ade
fc0d84ce94b48fedce9a3658419a284f966898b8	ecd4768772385dfa2f1639d03c31a14123b12692
a128108c4bce6d3af770ca18e9113f956ce60722	375fe295cbabce14ca1d23050003b5de9e87ccc8
877c6598311a79c5ad7e1f376e4c32bb214e263f	f6f9ff464c7e423722e6adcd7a3cbecbb2979818
13fb24b05b4ad7d9a96f27ef875bb0a8bc838dbb	b181607cbe1153fce1b4aaa39e8427f61ee7c544
befd5673cc0bcbd4ab69ac0a9a4afdb9c45c6732	aacd129ce52138aa0df6e22a73061d0c54e2fe0a
fa64b3d0a8aa4551230a1890f29ef32d2bd84739	3dca588c5172a3bb6cb3f21d2e47792e21b491b7
36935ba4d0a77eccfc870ca1915cebfa479f7d85	fee7671b5a96bd662063bea0dc076f466c130eb6
bc2c063c0648d14e2359a835a404b9f4909596d7	f28877a8878374cdafa97a879beeb6b3608e1acf
c1f04a285a531702985ef5f9745f3994b904f6e4	44ef62387928d1fe2f4a6f5e1c6ebf4a852f31c4
19aeb6ecd6e0809b33d79fa58288dc9e12a2d3fe	57c93697d9694d38e699620f87d8e2364737a63f
00118e00fa62cffc16b8ee965fc82faff49431e9	450ded3335ebe8b8868da55717f89d9c00d80bba
9af4b3606c80d4dd78cb09c006560e925f0d4836	45c29654cec420ae82c99e62a14190944ca2228e
a05ae003279d8207206c5c57f280c7625e944dea	b89bd20f7c40193e3b4e5cc9716c5b449be4c25b
a95feec6f3a96e28c7c73741fb4746287eb61c4f	1ea23c71558049a45862e30d593fe779d1321078
d428b86919fe661120deeadf3db4555b5ebee64d	428f7ead6ba2961f5fc30a8adad7fd3c7fc8b7cd
577a018a8763d9980990ea1d0cbef6ae967e19df	9152e00544639a0925efb9f446a191c46ba6d7db
2b6b187752ebeeb541c033c9c5e176b14b0bdb02	90bb7f0d5cea5a36db83ad434e455192991c2808
30462f46ebda8d9c3a4cba435b403dba86b2b6a0	214cacca78507aeab166f81142a4941a6a565201
7a45c2db0e9c3808c90c6ff4284e096d932c2585	d04054e6704215d1f6da49516f3e5d68c38cef07
bb22be665015f2eb1913892e7fe4d4b0d5d052ad	9615b919950b160621db5ef33a8487da2970c61a
4235c2a7dba1bf2bf034475e0018eb396db81081	92baeef4559e98c9da14e340dc35ec81cdbd6bff
773c6e3f605e120510b8b8a297b7f4a2fe289987	3f74900fb6dc97d9a83eef990c2ef616090d7b3a
622f41185905fa514833d734b7f64d4ba00a65b8	7ee80f7973923055a6fd112b310dc8d18b8b4336
a2bc4bd748595f69f20f9480eaede1e9df72c0be	06377f582b4701fab2ba734c730286537db186c3
c72ec1b08ae2d2a0fb725941d43c80017ea7f402	85d421d179465353a6a9266d0a4b0e811740e0a8
45c1a65013b94014a3c1b08d872aca9e57db32d3	bb62300b79cda4af33de22d2be73ad4d49bd99b6
2a4b41954f7c4f3f0ae8b01cf07dbb6aa434312e	fcb0b152958d85d4a9a4b120a84512ccc8ee0926
256ce2c86507f3e5e654244976b16ed570a1b7ff	d7b5e36c64373a8748489a1092ab6b893db2ae4f
5c0b2360f1c44875beaa5bf9dee2d2765074818e	db1f5d6fa0838051dad8bbd229dae2715f9a3e93
ed36234ab7e95f774a7ac178c226e48d9b7bfa82	d3c2ed9ba0c63aca19334c9c5abdeea186c2b3e0
6b2713cd089dc1bd3a79284d9c807ec1ab6c8cec	5931472f6fd1f667d4e8d5c011c450591f042c9f
94f28c30718842c1634cc41fd7fc2073ab0bdb63	b5681e1bbc2aeed6e22522c7082f2d4d74a12920
8d1209374590f8bac6eba24c4bb9b9235c748bf4	9ca1863469ba7cc06c35343f1eca3b5937f9f73c
088b261eec20d612dc54ce6b2b10bf4b430446ab	091d567d04b85103882f03f6c2b209975970206d
61b0ec6590c0e916979b267542022e4f2ad9272b	9a0d8005062c1d47e29b809fed97c56f23dee463
652d9a511777000bb1995484cc6c88447dfb496a	11f2344c4a9c3c00e1200e8815452d31ff7906a6
dd137a45652076d240923d0155adccab59bf7f8e	ac908a71f88196b640c8c2587a55283bdb3dc9b2
3916679ac2484755f9aae78091b8dc5a7020cfd2	8f78d523b2e1243fd88a0334e50d21c8ce2df9ca
f23f568313e38be9f0c930cb1ab03d1c6f11e355	91a7500e4fc1d00442855ae54b8075d468a21529
9279a793520355707f44a03c6c94ea3072bec21c	b8af1c46fd562184183f8e8c00ddf7e7d46b735b
6b53a85aeae564315684ba35d76638ea05249aaf	8f9af64a0b91b44b19104628a3d0159ef12b0201
a7d075c45cf37114b15ca7ffe7680e5ae6c60a37	b4146e9bcf50c11e08b2289e347622406277d198
bf37fb22018c59709a20e9d05149fccb77918569	9a625082952bace7c0296b7163c218f99ae55bda
70fc0b2aaceb8d874e8239048e06ccc7aa5fe01e	42bcb1fda9398d3e6aab20ac84b4933f5472ba61
dcba1ff2b231e19b188608da3ce3ad8acdf9b9f6	6e1e4f9a43e1e8aa088dd5fc11fe77f7098cf346
1500d4b6aee7b387cb2e2517283f6c891f237f42	c9ec7c3e1d36b617e041ece9ac45d813db5390ec
a36714d5a6ad73956f548844de38ad2f49962960	b36c7179e69d06b28adbb5c4ca8f73bfe160c801
5e23b35d23c63c227e42f062bff7ddbd09cca9c4	ef49ecb258ed6331f3129dc1ffd070fc0bec39ef
3cad2ced2d9a3c88c804551b5e5f1c8fe269621e	315ba5db8c2ca3b2bfae17e708fa6c2b1b146575
46360e76b7d78ab8a89f63bc46f2ab56c247d55b	9b26bb50a2163724aea7d8c4fbaf592072e7f2e7
20830a7f539e94b787f0caa0fa0bce47f217c3a8	ab909f8b1291bfd74277ead8f321bc5eff1015fd
807e91b37a7f72f9b581c89c39776aaf0db88781	aed67d2c65d588e867ba3caec3ed565796c0f470
af6fe881a48561c7c32149d671e1298f0662c6c3	7ac39d915e85a7bf8d43a40ff0758d3bdf4c8954
29d1d46e7be65776f175bfe7e41a18c8ac6f15c2	9dbe98691fa07ebadb17ce4cbd2c6a7d2aad1283
3962cbfd8c51c1d374312fc6bf7ac3d186b7f938	2ed42f2c8c562025e5084fcf92900957a28f3240
6ab45d62a5f3cee40a04bf22dd8e0abaf5c8d50b	d64817626235ab9108d8c301ff33999731fc9a9b
f20253fa6a9aa03a6bbab11d6f1eccfcce92e9c9	7dd7d29dd2fa74e9647043c0b1ccc941234857c5
75755ca28c1ce525664ed42283d724dd94487559	accfba97635561e0c5a540f6e51ddc0e1303d04e
fadf4cbb4d99dbc7d6af3fba414a6ed1143b3931	49adeff7d3ed99f52a11b5c926de39c17eccca85
04d04f63124339b0bbf0171f0f094dda40cdbdb6	104db493f04cd28f75c046de2c41ab27ed20ccdd
830e720327d73abf1274841cc76a037e340fab22	94241ee332d8ccd3b67feb21866e8d2aee3262bf
8c9c6c5d3ba478a87b4cfabaddd6f4e8002b96f8	6a80e1fe44d600e5febf0448c32a9689759ef5db
3c2c8fee4ebc2d6b1a973092e3bccfda8e94b105	1725c1b3f99b5a149afa48b2b5492a7af0c3ee55
7b580c0fd77cfacd8de46e80abcd98e54f4e2ac0	39177514c77ec79c9b1a42bc6420b162c044b90e
57ba3e169a947996732259bd1693d2ae08f2f429	cf4e06291e4c5ef7ca50e5e64dc34d99a3f081a9
a3c0af649f99189e011ee42c9d924bcf4a84f6df	9066f71a4e250223d867184e2cf0c8beb98b22b0
85f5bdd868502cddfacbcf9400d5d07f1853daff	4945c728423f0059caee2b062c718f3278fc2d08
a903b87820cf2b8c454c26f31504c0721fe8ec25	ac63a25f09537585e062d3f0f04d8b3fcbdf462f
55803ef5460330f1e0333727d03f03428f6cdf18	af05ab49bbe451b8085dd36d02f071d3889b562f
d7581117b382ca15bc1cb3acd15351eae26aaf42	f46c27ad5ed4bce679be859051c2b51ac8b2548b
7141fa371b4add938b35f3e5ea71022ca4d0c60c	7cffc26d618067b96ed4e9303c7f70609bea6425
8f8ddc90fb2428dddee75b71081e104bde110c71	68692548ede5acc8dc8360d5a3c73971c534eb43
209041efa21e29b8af55dcd2052b90a6bf4f43d8	c82793e7753debbfd9812cd0a4f878068e0042a3
e3405e772a2377453c77d97306b78fc1f6669845	01788b20e0b0ee06d923a1011fd540a546284edd
52c02ff6b2e93a744cd1911d7034357bed111655	eb73cdc7715e6da176d056be5e4f63d2735729e0
5326ce8f847baffb7520874f8053b7c58c218968	9267bfede45ead95748e09619dbd7fc08f6d19d0
105f97daf4fa1b21d68e26b61d645b96a21dabcf	a1d78f5e458681ecdedd3dd392257ef57c71b4d2
3437526eed2ded7f5596e4d25a9ab031bebe4052	013aca61ffbba1cc7f36f2355756b5cc7751a35b
76bdc80eceb4de30783e08f048bc40e923cb08a7	47ba7b795faa2933b16fdd6df9a4aafd5a553184
67deeac7532270d0c2c109823af6511fea05313e	b582f23169c403a460477c7eb3e865b2b8296339
f8caa8da8f5cd47cce4e44d43e575a1148eb7d77	d3d7042eeeae17b53605e3ac6d4f209ca0cbf725
33bcaeb9b1f9d1ad0eb9f91a2a3d235d901305e6	50fb9618da2099e6e2cfbd5c6dc1ea99db5548b6
ae8fe4301483b80be9ef1579eb62db36097009b7	097d01c538c1543f71922d3911c347d10d0f9f6c
f4116dc5ee3165c2d2014727c69ab065e196f08c	4650d7e2bfec7486e89ef3261b157e17d4e3497a
7880a6a227df90a36b98c5653a4c9ce895c5cd1f	bd91481a33f4071539e5a3e7bc8b1a3e736987f9
9504e7e6df3e53b9915830efec015130e158b10b	384fe2e3d381c1cd492054d55b6a18c2b5eb7ae2
b2de57935ee1480a3a07056f03371c4b05474a9a	7d9be878b5b52d6a86e79f38cf2ddb8c7de89a9b
289d62763fbd670ac1c8780cc1f9d4ad4aca1005	69ef5599ec595f6398ebc4cefc184e4d2a52bcdc
eb26e0fadc1d76ea357ef418f6aecd19aeb3a4b7	1897bd40e59b35e976145b102eb994709d53c16d
1c284afd3c7e85176f2a103e5efaab6dc3183511	f73d974d9cb21a54a57c4715a42263b8a26e0df5
c1186e5ac9b00e8bb31017c38b1bc9bb6d3001f1	d5d0ce5379a77edb9213f86378d7c4005b3b742e
7a3122905288e0ab66e79298c346d9f1ca6a2904	ce53dbe3ccfe85e723519ab533d6314fd9b3dbaa
0a6781b3e3f18256b5cafc5839b3449b8afe18ce	cdb224762fb03ae134e542579ca354d39d7827bc
a9bed9eda3039960e51174b73658e1be2077edc8	03b28dce1b5b36ac3e1d6a164b154155d0c2331e
09a76ae5973558495811408b667446d64b7da10b	fab1a67d77cfec940ea08a12b06f031c44d9d705
b5c021af1b4406baee57adbb3b75a71d1544d5c0	0e6a6bed4f176dd3f7485fc8eaf8e97dff35ec2e
8606e355db1d8d1c71c3da52a113c30ca836999a	0b5da0bcbeb99254fc0a0d0c8054433b6a7d9c98
a1f29f8c9aa1aa33c8498f7a87b62ce6af82e718	d2dc733297274624c6698082f098500bdf934a14
38654d7484c1e98862971c207eef3f185f00d46b	167aee50c7a3aa9ddc99b14ac875a2929f0e7fa0
707ec7e72ada5c2cdb448709dd7a340f7642553b	76ed93df1c24d54c924aed577cd3f46204cced13
bc29d04e62c3612190fb4c113d1bddd657b1e95d	5a437304d81b0a3d2bb26e1b7bfbdc62e4e2065e
b4da04fced78a199bc87ff811ce800d1b5464f34	19c5d9f836f8bc2e483cfabc0b0756c5b9f973d5
6b0f09aa180c7c3c9f8df04c0260586697913528	7030dd0803294dad5bbcbecfc0f64904866eafc7
cd1ddb3915632cf14ce563fa3e9c531f35818993	e5383f2a36e8431860278e29abb23dff26dea694
f14d8cc0a035fc7e265eb70f843f074cab162041	2ea40e7061381677d557906b7f3d7bdd43a43e9c
3ee8d3c01c18d449933555bdfa84696528dd3a60	117999905b0a02f03d9d630c281f0fd177489c8a
98c1e74ccaccfd0d9f719518d18a020e0436db12	0fcd3bfc10f3f4d4ab2bed0ae3a42c93cda278a2
2721f60377c46052087125003d94c8233a4903ee	fad2ad6d395192acc38c49b2c967a966b24130b4
07f393aff42dc43c8ddcc9ce828bc69f376010cd	39c15f312c18071f1ccb6ff3e5781897878f8189
720e92e3dfa47cd68e0f121fb10e8862e088a087	efa9db8d86c75248e7e02e7de83b5232ceab2083
e9b0957f75edc69cec1378416874f60b7df757d1	c3f67045f7e1c7568df44bd018cb116a99e95cd3
90dd2046d2bb0daeccea78a610fe934eb8192118	cad9facb89ed1dda7e731c1f01d107ab6f3add8b
855f7fd16e8507f821b4f468e612d11ac846a2ee	f80598f8fb5731a228723c7ddb00e5d974d3e341
656bde29ac3db8cdb98aff71b0aba2b64e4248c0	f82a0ec305186755245d328eafc579555ed39d98
f59854b3a34a814c8ca410d00c909cdcfc32c732	d9f85c49015d27243c3defb6fcc509c0dd7c6ba0
081aa974951d81a39fe8d432822f18c08ddcf8db	1a4eabcb2b2b5075432669d93d8d0a7a5f25974a
4772a0b7903e821ca9cc503b70e8db4e3799e990	f65505fce97f95cf682910d93d59a7a19282c3ac
6107cf577111a69fdd3540af0ce423174334f879	d31704899dce1af809273719625955111aeb10ed
fe99e453671026c9021075b09da51fdd15f62d3b	cff28b41beea6351faa9c30d11c1ae6562143ecc
8ec63bf293017d0c6a133e5c5861533c762d9612	32b9efcec1a312e9f008a178865cccc827bac3f2
dc97773cd27c77a40268f7aaccedcd27b8bd47aa	c64e9d45b52aea98917414e183755f1b2f82c6f8
1814dbdbb0c28c4c81d5d63e6e54d6a298e2024b	222f12e132bd3d9d45e948e08f643ba89813e9a4
af1607cd44ddb015c296b460cc8ae8a53ab0ed73	3dba7a7e604ce955f20c9671618fd7101dc17f7a
2b05449459990db8274c057e17ba8e1e99cb66d4	fe631d52ad9f2ced66796295cfed78ded69bff83
08d40545312d3d140425bd07ec640f96ada0c018	c1ac7ae8ff6c574ce00e93ef31ccb7b6ff21ff14
cc8fa5831b1d8ca8c45a259ca6955cb16dd7661f	0918adb39e994f414dbf41eb77697d9a1fad3c1e
7dc43e88341651b74adb72f67de9ca9ffc173f33	d319fd37d65aa49345b210343ad6993ef121d681
5ce284758e980d6795935d99959ae02e3de295e5	fb24a6ca8eccbaaca8e6c4d3b9f0e18f162b5ae3
3119b5b6e085055ac1db547565cfd6831e105702	8c8fb231947bc36b1c4486f5dcc2e4f615d6c448
1d2ba18ea606779b9ebb78efde4c29858568c196	07df84f73d39a24784d2aad50c42fafa5ed2a0f6
658cb4eb1d13c3774fca4f6925f8de55ed5c6edc	8d08e596383283dc5a5eba33c7686ce5370c1d73
3d3ee0e7ec883dfbfdbf6a6eee8ef14cfd7c263e	343cc7cbc8f1a98d008df91613387abd3cf76da2
055960569c8ae24c297ff267362f21ebfac3ec08	0ad131a7f32e86a5971be9c5c2b72ab37092ce3a
457c5d3fb103ca71ab8058353d0c1b51ec0c74e4	7e95532bc155e33bc0955f3696055e90714adaa1
fa470119b49e3fdc2631dd1e4b78932f98078b63	a56e76cdfa175ea01be4fced075f137df5d9b2f6
a7cdff024ad6a42a444e30d56a52a8e3ca7c70bd	d0c732a7256aef918ece56eee317f65245e67fb9
ce005649d0295ebc60971a5112262d70226ac332	d99c2137f165b09ef06362b745b32640d068fa68
cb7415b41f6dfde4543d7eb6617d448e445833f2	e3175691cd4a8474eb25afeb81d13b789d29b4ca
bc46231c14fb247fa953202de924befee461d9ec	b7cfa47c04b64fe7a3d79d9233d30aad7c25ac12
5a2046ad04503155bf552c11d035a151bc520fa0	3dd9cab4c5b5785500c6b4070e2a90ff1ac142a7
f819278d286ad425609a51a252b571e7559d2e59	f974d68b7caef43c0c80a337be59475f1b1e0156
9be5c40e0e1ccd50306a187ea20899ccca8fb692	54a0aecbbaac2d99653c9f730560d73a304377bb
bf9968bd8eca1330bcc2427a9f3ecc818601b55d	3e4b14c155cda5db26f3d5b6ae3988b326f6f828
b34991b123d57009534abfed3037be52a9357097	96701fdc890037e5930f31459b14ac4d226740af
08b51cfc0843eb5c1bfe83b981d48181c32a9caf	0608c42e9ea58309493e076e21bb700ce2a8e97f
847584ef797b94f06565021c9985ab7e5e621ea7	778ff1a9a6ef07b79c4f9374c8000e6c4d1ed201
359db9f5ca53c19fd85ea617df33579b707e1c20	b0576ccc9c44a1713174617df335579cc5eaf9a9
01cead0ad78d44f6c9dd9c003785d9734ec3abd5	1d17b3efd6b0fdf44e31dc365a0e8a610d6aff20
3d1fe3de3f825f0ddf5565ccb7cc2d46c36e20e5	fe199f198e876b2cef9ba929784a04515b9fca43
88de0e8aa8ae2c2591842eedeedbbdf88f6b4c90	bfce4351650499a9afac6baa4c2a398d54ba8581
f8bc211943005c6005f818b0c57d95d6ac823ac2	60998e1718b78ce552f84ddf4217182482a9c5ad
9b45d315594e0df4424c6edef8c912cd6db35ef2	5a00fcd73d9cfa2769518f333fcce9127fb5753a
4b9bab68c1d0cb7058b2ec2a35200596f1e02c02	8c3aa496e34b222e99f2729fb969cae2cf280b25
3bf3b48e4d608f4dd772a0b250618316a10bd498	1c48a27437f72c2ef48039465dc9b895db68fb5b
c52527b063c5fd5fabb773007262c80de72cacf7	45566208b598e4fcb774674ced65f54283d5f7a8
296c9e52931f89a72211e8b281bc847559f30c70	e700ce3047debe4ce282f806cf8c9aa19e84aab5
9264f59975abd57409bd7001b19694ec8c147299	3ebc9fd8cc77834e7c38abfc4e60ad17112eaa9e
3791517fafb7bc66b3f115ff1d030059f840d90f	299200319803ab99381c0afda8d37e2e468c59c1
54c73a0ad8326ec72d0e36987a155cf87a5f3eff	9cab79a87aadd0ca3a299f6f5cfd2a02d32a8092
b0e48849296f7768e8a346a33864ae906fbdb8e1	9cfdb36046f8120b0e7d391b205ca5967d749545
2e9b7bdbfc8f7f66c5510cd0577b0266ac15a9a5	a7e6bf7c55feceabc0ef1677aee385236aeaaf2e
b28314e6917db09820cd991bae6ea5f1c47bed83	bd0cc46d319a90fabd0b3d739615b86a869ef68a
cf7ef33277010ce22777d9dbaf96f647c4f918da	e3752955a17117f1b0f5bc6157ec8f736ce8c259
45a644bd2bea5b5b6b1712fa9627cdddcda132eb	e3074f2f4174f7601e4195c92988f55e3957dede
238228fdaa24c722734ffb78464207798dad32e2	be542702a869f8c50a83e98c9a92990433d388aa
8879593e4f4275f266709c5cea6a0af085e97182	47605dc46c2589b4267f5a5ae59919c939dced8b
fafc20769497ebb1ad7867ae3cd2ef2708a6ef51	eb891e3d7d714f3d8b61e6ab3c8d6d8bef08f00b
1c55bba7b42c51a2c9f35cb387f78f85342e6ac2	1c745e31d0fb968f8b829c296d5265d82e0a5ef4
1b9a069a4dada88680df0c9e0983b22bec074e2b	69f4a5b6496f102154a230301b8431bf47a30956
b55d19dcc6ea3452fc2c10c7119bab7b82aae24f	55d70d4f9950bcec8771ce15dcf5798a14e845ee
059711bd373828e72e6c464a55712c586e67771a	a2f35e171ac95742dba8f5b39488c3dc122e3105
a9c155411f142c07aec57c4e99134b12bd75565f	3509d01b483067be3132df5e07102d358d3c2e48
5e1bcc83931a8cc6bc15709ddcc624aa4ff3dfab	80d2f09760e3d7d135742e723ed3470f55f41a2c
2d00b73fdb4d6dc536f4a72e94645f0ac42a6f94	b97238d3b00a81dd22e1d528471fc2295d1ca471
da7df71a04f4e38b06744d2045d313f0fba9ffbc	3a0af2070aafbe0449a8c6c5f38920a2160fb158
ea0e898d667ef3a84b745807812aaa61c9d42416	6fefcf41ce83b1043f53f51fe8f86f88ae356833
059aaa18f81cbb16d22b5278fe1f29e695516e4d	f714c6864513f25b79a63c98e37a1cbf308dc0c7
60651504453b574fb121f647c2b32f0f7b3457e5	ffd57786f811f03e2bc3f7a53fc06381019577de
2b2882b129a6600db257b58f1384a12c955faa25	3c8b4159de92a6d6ad6f64dc22c9ba62bff6a593
3cf5202b16623508fc70683c0e5987d2aa08662f	2770c5845a78ebc4fbf47aaa2b442ce7c622b740
87188d8c06741f1d50596209b10d1f9d50b92f43	682d7d9f3e736144cebb2f00f711b8e1277eeaf6
3a3b8462e62a2482db3803aa04e99360c959afad	05763cab407164e302b85bbfbdd43dd6d25b7ee5
fbfdf62ba2e963cc014f60c170a4c3b5d9b86aee	c85658f26d21b0d8956a9da21381e52a30475816
7c43da7a8e570b533804219aebb0be9042f1044c	75521b9d018593d7d458d5286c2bf35809657b56
9d70ecf0144e65ba347e0e37c69a756da3b4cc2f	a4afe62dc64c59c86bf63a82646d704aa87e6e16
2b906e7938d909350652439d8c00cf8d89fa4b4e	4768ad10f1e7bb61857f9eb92762a71d2a4fa423
a151e037556c7b553eafc6a24610abcecabec19d	4cac20ea3cf51dc72c83f8c9c6349489b6308c75
aa9198bfddded171b86a8c063749cc1050bde1ec	d94e9e93dd2285b71b29e63be3ea23a83ee47db8
cc4528a75a53440ba64be7ea466d5224685b8d9d	41e5ae66b6037b243e52422d970850a139d94cf6
9b3fb5fa57ff2b65e34f4ed538f9a4ceceba7454	99900efa76db8d367837d866125bcecbc019b227
59d933a7634317feec008e73933b658ca4ba41c1	1ca7ca9d1ffe8f8a6767692b1026757d25c079db
766a9b000cbec6ebb1a24ef561d2560569440f03	e435403f673d6668b503057050c8167c3635aead
fe0213e0859e5509276815af559ab8a44ef0ad55	a24203fc298ec1cb7867af7df035cf96c2cef3d5
eac8def970d2374b78e8b5625629f73dac3d39a3	41c8de2577583211a7dfa8e4be6819a3161f1d42
5e5b53bcc291ed4d556e501a6766c6cc0403195e	d3015c190313f97f4b5a58263a84493e837ca1b7
2d5357b19fdf913e451e36bdb3cf4286c7930036	41e2db96be3e5da559b822db2289567e7b5c355a
3054a3ce18690b7bc28a0e90421919b3f9b2aa9a	487d6126159622dfcf77788b50f82831c953ed9f
3b0fd7062fbfba175dd43f1b88ca9d581e4f7a97	14a1c9904e9089fed7b5174683b1d6deb9db0240
5c07eb5647b088270161e9173d49e02f5f0016a3	497875104b5301c6881cef2dd5ca01727860f274
